model,n_atoms,dim_1,dim_2,dim_3
HA10_KLRA3,3920,129.6,76.04,48.64
HA10_KLRD1,4685,108.78,78.16,48.29
ICAM1_ICAM2,4877,214.7,80.74,58.05
Integrin_ICAM1,14925,345.58,184.08,68.47
JAM1_IGSF5,3083,141.68,55.42,34.73
JAM1_JAM1,3186,136.68,66.21,35.05
JAM1_JAM2,3099,143.17,59.23,39.01
JAM1_JAM3,3245,139.39,65.46,39.43
Kir3dl2_H2-K1,4349,133.64,77.33,51.08
Kir3dl2_H2-Q10,4355,132.48,75.87,50.35
Klra1_H2-K1,3509,73.75,69.48,52.13
Klra3_H2-K1,3914,130.53,76.69,51.64
Klrc2_H2-Q10,3399,105.92,49.62,48.49
Klrd1_H2-K1,3468,108.37,48.47,43.8
SEM4D_PLXB1,13787,207.13,118.3,111.86
SEM4D_PLXB2,13394,207.86,117.42,109.74
SEM4D_PLXB3,13157,205.41,115.41,108.04
SIRPa_CD47,3358,135.5,88.24,40.48
cd274_Pdcd1,2842,103.52,60.92,45.82
cd28_cd86,2723,111.15,50.38,37.33
cd80_cd274,3220,122.57,74.14,48.8
cdh2_cdh8,8323,367.73,134.33,51.5
integrin_extended_open,11568,221.06,137.81,68.08
integrin_extended_open_collagen,13426,219.18,136.52,81.41
integrin_extended_open_icam2,13088,253.92,142.63,68.24
klrb1b_clec2,2458,70.85,53.07,42.64
