Uniprot-l,Uniprot-s,M,PM,IPM,CS,XC,Nuc,ShG,Gene Symbol,Description,"Classical monocytes, fractionated, Peptides","Classical monocytes, unfractionated, Peptides","Monocyte subsets, fractionated, Peptides","Monocyte subsets, unfractionated, Peptides",Classical Monocytes Donation 1,Classical Monocytes Donation 2,Classical Monocytes Donation 3,"Classical monocytes, donation 1","Classical monocytes, donation 2","Classical monocytes, donation 3","Intermediate monocytes, donation 1","Intermediate monocytes, donation 2","Intermediate monocytes, donation 3","Non-classical monocytes, donation 1","Non-classical monocytes, donation 2","Non-classical monocytes, donation 3"
P04217,P04217,,,,,XC,,,A1BG,Alpha-1B-glycoprotein,2,4,7,8,7909,2278,1749,1374,389,377,5392,4059,421,3536,1483,2897
P08183,P08183,M,PM,,CS,,,,ABCB1,Multidrug resistance protein 1,0,0,0,3,0,0,0,92,88,84,106,55,91,79,64,118
P33527,P33527,M,PM,,,,,,ABCC1,Multidrug resistance-associated protein 1,2,5,3,3,1904,2014,1573,471,439,309,618,512,478,558,476,777
O15439,O15439,M,PM,,,,,,ABCC4,Multidrug resistance-associated protein 4,2,1,0,12,856,621,599,902,791,895,867,536,771,809,585,1048
Q9UNQ0,Q9UNQ0,M,PM,,,,Nuc,,ABCG2,ATP-binding cassette sub-family G member 2,0,0,0,1,0,0,0,42,28,46,35,21,45,39,25,49
Q13085-4,Q13085,,,,,,,,ACACA,Isoform 4 of Acetyl-CoA carboxylase 1,6,8,3,24,4683,4244,3980,1720,1877,3469,1553,1408,3045,1516,1425,4005
P12821,P12821,M,PM,,,XC,,,ACE,Angiotensin-converting enzyme,4,0,0,0,1181,1010,1232,0,0,0,0,0,0,0,0,0
P60709,P60709,M,PM,,,XC,,,ACTB,"Actin, cytoplasmic 1",1,1,20,0,533,250,1292,1424,900,443,1454,972,1567,1173,935,1093
P68032,P68032,M,,,,XC,,,ACTC1,"Actin, alpha cardiac muscle 1",11,7,40,8,11518,4061,21076,4044,1609,4602,5745,4156,11112,4795,2629,3527
P12814-4,P12814,M,PM,,,XC,,,ACTN1,Isoform 4 of Alpha-actinin-1,1,0,0,0,319,244,303,0,0,0,0,0,0,0,0,0
O14672,O14672,M,PM,,CS,,Nuc,,ADAM10,Disintegrin and metalloproteinase domain-containing protein 10,4,5,1,1,3023,4943,3713,319,534,372,183,283,204,271,556,256
Q13444,Q13444,M,PM,,CS,,,,ADAM15,Disintegrin and metalloproteinase domain-containing protein 15,5,4,2,1,3553,3346,3101,166,144,126,269,203,254,158,132,207
P78536,P78536,M,PM,,CS,,,,ADAM17,Disintegrin and metalloproteinase domain-containing protein 17,2,6,3,0,2700,3230,2770,205,248,258,128,143,197,125,169,147
Q13443,Q13443,M,PM,,CS,XC,,,ADAM9,Disintegrin and metalloproteinase domain-containing protein 9,2,5,0,0,3389,3814,3340,0,0,0,0,0,0,0,0,0
Q6UY14-3,Q6UY14,,,,,,,,ADAMTSL4,Isoform 3 of ADAMTS-like protein 4,0,0,0,1,0,0,0,61,59,97,46,48,72,61,45,99
P51828,P51828,M,PM,,,,,,ADCY7,Adenylate cyclase type 7,1,2,1,0,2664,2272,2170,93,95,95,20,70,56,53,104,56
O60503,O60503,M,PM,,,,,,ADCY9,Adenylate cyclase type 9,0,0,0,1,0,0,0,6,7,12,25,28,31,10,10,51
Q14246,Q14246,M,PM,,,,,,ADGRE1,Adhesion G protein-coupled receptor E1,1,2,1,0,860,1503,872,78,100,52,34,70,55,62,124,71
Q9UHX3,Q9UHX3,M,PM,,,,,,ADGRE2,Adhesion G protein-coupled receptor E2,0,1,1,1,530,646,430,154,173,180,60,190,218,209,325,157
Q9BY15,Q9BY15,M,PM,,,XC,,,ADGRE3,Adhesion G protein-coupled receptor E3,0,1,0,0,68,68,57,0,0,0,0,0,0,0,0,0
Q8IZP9,Q8IZP9,M,PM,,CS,,,,ADGRG2,Adhesion G-protein coupled receptor G2,0,0,0,1,0,0,0,15,17,26,17,9,25,24,12,62
P43652,P43652,,,,,XC,,,AFM,Afamin,9,17,23,14,34989,12340,8809,5358,1785,1185,17472,11157,928,12410,5526,10068
Q09666,Q09666,M,PM,,,,Nuc,,AHNAK,Neuroblast differentiation-associated protein AHNAK,2,2,15,1,2429,1439,1887,1695,1290,573,1922,2213,2813,1575,2048,1705
P02765,P02765,,,,,XC,,,AHSG,Alpha-2-HS-glycoprotein,5,2,15,5,6455,2291,1534,3389,969,640,13392,9557,517,7976,3545,5793
Q13740,Q13740,M,PM,,,,,,ALCAM,CD166 antigen,2,3,1,0,2576,2725,2228,28,24,26,75,32,61,34,17,49
P04075-2,P04075,M,,,,XC,Nuc,,ALDOA,Isoform 2 of Fructose-bisphosphate aldolase A,0,0,5,0,0,0,0,271,204,55,314,249,271,218,248,290
P05186,P05186,M,PM,,,XC,,,ALPL,"Alkaline phosphatase, tissue-nonspecific isozyme",5,0,0,0,966,876,880,0,0,0,0,0,0,0,0,0
P02760,P02760,M,PM,,CS,XC,,,AMBP,Protein AMBP,0,0,2,3,0,0,0,279,121,51,1106,924,72,679,396,548
Q4KMQ2-2,Q4KMQ2,M,PM,,CS,,,,ANO6,Isoform 2 of Anoctamin-6,5,9,4,0,5350,8016,6939,670,1018,930,170,401,368,294,449,325
P15144,P15144,M,PM,,,XC,,,ANPEP,Aminopeptidase N,75,26,26,10,35619,36171,30416,6429,6607,4433,2595,3407,6608,4162,3081,1908
P58335,P58335,M,PM,,,XC,,,ANTXR2,Anthrax toxin receptor 2,1,1,1,1,835,1289,866,111,145,111,62,83,80,68,117,71
P04083,P04083,M,PM,,CS,XC,Nuc,,ANXA1,Annexin A1,6,2,3,1,3527,2192,2852,387,238,225,621,497,1231,754,183,308
P50995,P50995,M,,,,,,,ANXA11,Annexin A11,2,0,0,0,514,379,473,0,0,0,0,0,0,0,0,0
P07355-2,P07355,M,PM,,CS,XC,Nuc,,ANXA2,Isoform 2 of Annexin A2,12,8,16,6,8574,4773,9030,1832,1359,1208,2087,2248,2894,1947,2150,1780
P08758,P08758,M,PM,,,,Nuc,,ANXA5,Annexin A5,1,1,1,0,219,163,202,33,6,2,9,9,14,10,10,13
P08133,P08133,M,,,,,,,ANXA6,Annexin A6,1,1,0,0,1820,526,1054,0,0,0,0,0,0,0,0,0
P02652,P02652,,,,,XC,,,APOA2,Apolipoprotein A-II,0,1,2,2,1036,308,105,300,120,67,597,611,62,561,413,342
P02656,P02656,,,,,XC,,,APOC3,Apolipoprotein C-III,2,2,4,1,3358,1964,952,606,268,193,1393,1420,254,1225,722,935
P05090,P05090,,,,,XC,,,APOD,Apolipoprotein D,0,1,1,1,185,87,74,146,59,44,359,375,119,301,173,261
P02749,P02749,,,,CS,XC,,,APOH,Beta-2-glycoprotein 1,2,2,5,3,4929,1610,1352,1040,384,302,3286,2046,255,2362,1229,2861
Q9NWB6-2,Q9NWB6,,,,,,,,ARGLU1,Isoform 2 of Arginine and glutamate-rich protein 1,0,0,2,2,0,0,0,152,72,61,179,207,934,304,239,312
P05023-4,P05023,M,PM,,,XC,,,ATP1A1,Isoform 4 of Sodium/potassium-transporting ATPase subunit alpha-1,17,1,1,2,6525,3741,3903,158,108,151,124,93,126,123,98,139
P05026,P05026,M,PM,,,XC,,,ATP1B1,Sodium/potassium-transporting ATPase subunit beta-1,1,0,0,7,172,180,179,357,297,366,385,209,367,351,231,414
P54709,P54709,M,PM,,,,,,ATP1B3,Sodium/potassium-transporting ATPase subunit beta-3,7,2,5,5,3513,4703,4246,993,1204,1036,624,691,553,679,766,653
P16615,P16615,M,PM,,,,,,ATP2A2,Sarcoplasmic/endoplasmic reticulum calcium ATPase 2,1,0,0,0,167,160,183,0,0,0,0,0,0,0,0,0
P25705,P25705,M,PM,,,,,,ATP5A1,"ATP synthase subunit alpha, mitochondrial",4,0,4,0,2660,2572,3533,181,156,228,236,166,410,205,172,226
P36542,P36542,M,,,,,,,ATP5C1,"ATP synthase subunit gamma, mitochondrial",1,0,1,0,1398,404,2227,23,10,41,17,42,28,75,53,17
O75882,O75882,M,PM,,,XC,,,ATRN,Attractin,3,3,3,0,4642,3255,3045,106,68,85,326,203,527,173,125,244
P30530,P30530,M,PM,,CS,XC,,,AXL,Tyrosine-protein kinase receptor UFO,0,0,0,2,0,0,0,54,63,100,56,64,73,86,53,150
P25311,P25311,M,PM,,,XC,Nuc,,AZGP1,Zinc-alpha-2-glycoprotein,1,1,2,0,1945,480,1171,164,15,103,978,425,754,328,119,466
P50895,P50895,M,PM,,,,,,BCAM,Basal cell adhesion molecule,0,0,0,2,0,0,0,382,272,403,362,224,339,343,228,488
P51572-2,P51572,M,PM,,,,,,BCAP31,Isoform 2 of B-cell receptor-associated protein 31,0,0,1,0,0,0,0,56,38,9,54,52,33,40,48,52
P35613,P35613,M,PM,,,,,,BSG,Basigin,21,3,6,19,6947,8810,7391,5507,4616,5370,4517,3137,4306,4502,3397,4929
Q10588,Q10588,M,PM,,,,,,BST1,ADP-ribosyl cyclase/cyclic ADP-ribose hydrolase 2,2,2,4,2,1584,2074,1378,397,611,341,305,392,996,175,152,209
Q10589,Q10589,M,PM,,CS,,,,BST2,Bone marrow stromal antigen 2,2,2,3,1,1695,2072,1485,292,308,253,142,229,597,189,189,167
Q7KYR7-1,Q7KYR7,M,PM,,,,,,BTN2A1,Isoform 2 of Butyrophilin subfamily 2 member A1,1,0,2,0,782,867,890,162,179,217,49,69,77,80,72,54
Q9H7M9,Q9H7M9,M,PM,,,,,,C10orf54,V-type immunoglobulin domain-containing suppressor of T-cell activation,2,4,7,1,1185,3036,3234,336,546,662,166,408,1005,545,1172,479
Q9NZP8,Q9NZP8,,,,,XC,,,C1RL,Complement C1r subcomponent-like protein,1,2,5,2,3047,874,791,689,169,146,2379,1489,410,1895,817,1964
P0C0L5,P0C0L5,M,PM,,,XC,,,C4B,Complement C4-B,0,2,0,0,846,949,648,0,0,0,0,0,0,0,0,0
P21730,P21730,M,PM,,CS,,,,C5AR1,C5a anaphylatoxin chemotactic receptor 1,4,8,5,3,11023,11520,10344,1360,1521,1297,509,1458,1266,1250,2634,1331
Q96HJ9-2,Q96HJ9,,,,,,,,C7orf55,Isoform 2 of UPF0562 protein C7orf55,1,1,2,1,483,361,421,120,70,89,146,186,572,190,170,198
P54289,P54289,,,,,,,,CACNA2D1,Voltage-dependent calcium channel subunit alpha-2/delta-1,4,0,0,0,900,739,833,0,0,0,0,0,0,0,0,0
Q9BY67-3,Q9BY67,M,PM,,,,,,CADM1,Isoform 3 of Cell adhesion molecule 1,0,0,0,3,0,0,0,214,222,244,209,137,198,192,236,269
Q8NFZ8,Q8NFZ8,M,PM,,,,,,CADM4,Cell adhesion molecule 4,0,0,0,1,0,0,0,19,15,25,25,18,23,17,34,42
P62158,P62158,M,PM,,,XC,Nuc,,CALM1,Calmodulin,0,0,1,0,0,0,0,167,183,49,220,283,138,172,322,147
P27797,P27797,M,PM,,CS,XC,Nuc,,CALR,Calreticulin,3,0,3,0,796,888,1026,222,462,25,455,309,107,417,206,75
O43852-4,O43852,M,,,,XC,,,CALU,Isoform 4 of Calumenin,3,0,1,0,555,546,638,27,41,4,41,25,12,35,18,16
P27824-2,P27824,M,,,,,,,CANX,Isoform 2 of Calnexin,2,0,0,0,615,514,655,0,0,0,0,0,0,0,0,0
P04040,P04040,M,PM,,,XC,,,CAT,Catalase,1,1,2,0,699,280,1351,51,19,73,277,143,204,114,56,127
P41597-2,P41597,M,PM,,,,,,CCR2,Isoform B of C-C chemokine receptor type 2,0,2,0,0,464,514,503,0,0,0,0,0,0,0,0,0
P50990,P50990,,,,,,,,CCT8,T-complex protein 1 subunit theta,1,0,0,0,64,41,59,0,0,0,0,0,0,0,0,0
Q93033,Q93033,M,PM,,,,,,CD101,Immunoglobulin superfamily member 2,13,21,12,5,13681,17815,17668,972,1297,1239,279,808,516,849,1536,593
Q6YHK3,Q6YHK3,M,PM,,CS,XC,,,CD109,CD109 antigen,8,0,0,8,1768,1395,1809,526,469,537,470,283,462,436,318,605
P08571,P08571,M,PM,,,XC,,,CD14,Monocyte differentiation antigen CD14,6,6,10,4,6856,9931,8168,2623,3812,2958,539,1384,2276,395,336,441
P48509,P48509,M,PM,,,,,,CD151,CD151 antigen,5,2,0,0,1708,1803,2178,0,0,0,0,0,0,0,0,0
Q86VB7-2,Q86VB7,M,PM,,,XC,,,CD163,Isoform 2 of Scavenger receptor cysteine-rich type 1 protein M130,13,13,22,2,11259,14140,14825,2198,2724,2904,2639,1650,2427,1195,826,1213
P06729,P06729,M,PM,,CS,XC,,,CD2,T-cell surface antigen CD2,1,2,2,0,1066,1388,1231,41,37,31,50,34,40,24,19,31
Q8TD46-4,Q8TD46,M,PM,,,XC,,,CD200R1,Isoform 4 of Cell surface glycoprotein CD200 receptor 1,0,1,0,0,402,243,87,0,0,0,0,0,0,0,0,0
Q9BZW8,Q9BZW8,M,PM,,,,,,CD244,Natural killer cell receptor 2B4,1,2,1,1,1822,2644,1788,301,486,350,73,407,263,362,942,257
Q9HCU0,Q9HCU0,M,,,,XC,,,CD248,Endosialin,3,0,0,0,578,550,559,0,0,0,0,0,0,0,0,0
Q5ZPR3,Q5ZPR3,M,PM,,,,,,CD276,CD276 antigen,1,0,0,0,94,79,87,0,0,0,0,0,0,0,0,0
Q9UGN4,Q9UGN4,M,PM,,,,,,CD300A,CMRF35-like molecule 8,5,4,6,1,2784,3241,3575,417,494,613,213,807,1487,814,1223,835
Q8TDQ1-6,Q8TDQ1,M,PM,,,,,,CD300LF,Isoform 6 of CMRF35-like molecule 1,4,4,7,2,3088,3620,4852,559,784,794,126,400,379,388,618,454
P20138,P20138,M,PM,,,,,,CD33,Myeloid cell surface antigen CD33,4,6,4,1,2643,9131,5295,249,672,704,75,273,338,111,181,139
P16671,P16671,M,PM,,CS,XC,,,CD36,Platelet glycoprotein 4,3,6,4,2,4074,5622,4855,1188,1829,1525,174,481,923,127,161,165
P11049,P11049,M,PM,,,,,,CD37,Leukocyte antigen CD37,1,1,2,0,1064,1386,1177,99,132,109,360,140,268,140,125,170
P28907,P28907,M,PM,,CS,,Nuc,,CD38,ADP-ribosyl cyclase/cyclic ADP-ribose hydrolase 1,3,5,2,0,2869,5076,3520,145,151,138,113,97,140,90,80,139
P16070,P16070,M,PM,,CS,,,,CD44,CD44 antigen,62,31,32,13,46358,41919,41277,8575,7559,7399,2090,4660,7040,6259,6985,4504
P15529-2,P15529,M,PM,,CS,,,,CD46,Isoform B of Membrane cofactor protein,4,7,9,2,4015,5759,6751,1086,1878,2172,295,966,1471,877,1516,833
Q08722,Q08722,M,PM,,,,,,CD47,Leukocyte surface antigen CD47,13,4,4,3,4117,4851,5155,820,950,915,375,730,779,842,1169,595
P09326,P09326,M,PM,,,,,,CD48,CD48 antigen,1,1,2,1,746,739,730,155,173,121,162,210,335,197,256,170
P19397,P19397,M,PM,,CS,,,,CD53,Leukocyte surface antigen CD53,2,3,3,0,1158,2253,1465,145,250,207,86,107,135,77,135,91
P08174-7,P08174,M,PM,,CS,XC,,,CD55,Isoform 7 of Complement decay-accelerating factor,26,4,7,9,6318,6721,9305,1527,1839,2234,994,1047,2302,1196,1204,1371
P19256,P19256,M,PM,,CS,,,,CD58,Lymphocyte function-associated antigen 3,0,3,0,1,1439,1667,1772,116,132,136,97,73,101,105,90,93
P13987,P13987,M,PM,,CS,XC,,,CD59,CD59 glycoprotein,9,1,0,0,1890,1825,1862,0,0,0,0,0,0,0,0,0
P30203,P30203,M,PM,,,XC,,,CD6,T-cell differentiation antigen CD6,0,2,0,0,553,618,678,0,0,0,0,0,0,0,0,0
P08962,P08962,M,PM,,CS,XC,,,CD63,CD63 antigen,3,2,3,0,2399,2772,3075,367,670,626,262,403,1202,182,120,215
P32970,P32970,M,PM,,,XC,,,CD70,CD70 antigen,0,0,0,2,0,0,0,124,82,117,117,83,116,108,98,162
P04233,P04233,M,PM,,CS,,,,CD74,HLA class II histocompatibility antigen gamma chain,1,3,0,0,998,827,1220,0,0,0,0,0,0,0,0,0
P27701,P27701,M,PM,,,,,,CD82,CD82 antigen,2,0,2,0,250,237,319,161,136,133,374,207,137,204,93,237
Q9UIB8,Q9UIB8,M,PM,,,,,,CD84,SLAM family member 5,0,0,2,0,0,0,0,145,196,163,99,116,97,81,82,96
P42081,P42081,M,PM,,CS,,,,CD86,T-lymphocyte activation antigen CD86,0,3,1,0,539,425,593,84,73,103,26,66,79,87,117,81
Q9NPY3,Q9NPY3,M,PM,,CS,,,,CD93,Complement component C1q receptor,1,9,2,2,3545,6569,6009,603,955,884,438,377,433,240,336,218
P48960,P48960,M,PM,,,XC,,,CD97,CD97 antigen,2,2,1,5,2190,3280,2515,248,313,254,139,277,285,274,502,255
P14209,P14209,M,PM,,,,,,CD99,CD99 antigen,7,3,5,1,2936,6494,3503,1043,2112,1391,108,343,259,98,113,94
Q8TCZ2-5,Q8TCZ2,M,PM,,,,,,CD99L2,Isoform 5 of CD99 antigen-like protein 2,0,0,0,2,0,0,0,167,143,175,154,105,165,148,115,216
Q9H5V8,Q9H5V8,M,PM,,,XC,,,CDCP1,CUB domain-containing protein 1,3,0,0,0,904,731,847,0,0,0,0,0,0,0,0,0
Q9Y6N8,Q9Y6N8,M,PM,,,,,,CDH10,Cadherin-10,0,0,0,2,0,0,0,82,87,96,73,54,82,67,62,116
P55290-4,P55290,M,PM,,,XC,,,CDH13,Isoform 4 of Cadherin-13,13,0,0,0,3975,4246,4763,0,0,0,0,0,0,0,0,0
P55283,P55283,M,PM,,,,,,CDH4,Cadherin-4,1,0,0,0,168,141,161,0,0,0,0,0,0,0,0,0
O75871,O75871,M,PM,,,,,,CEACAM4,Carcinoembryonic antigen-related cell adhesion molecule 4,1,1,1,0,613,915,371,56,88,20,47,43,26,42,41,30
P23528,P23528,M,,,,XC,Nuc,,CFL1,Cofilin-1,0,0,4,0,0,0,0,162,102,18,122,115,110,104,108,121
Q9NY35,Q9NY35,M,,,CS,,,,CLDND1,Claudin domain-containing protein 1,1,0,0,0,298,289,239,0,0,0,0,0,0,0,0,0
Q5QGZ9-1,Q5QGZ9,M,PM,,,,,,CLEC12A,Isoform 1 of C-type lectin domain family 12 member A,0,2,0,1,1246,776,835,168,196,163,31,131,190,154,247,73
Q9UMR7,Q9UMR7,M,PM,,,,,,CLEC4A,C-type lectin domain family 4 member A,1,2,3,0,1312,2191,1652,273,289,300,200,317,734,319,250,259
Q9NY25,Q9NY25,M,PM,,CS,,,,CLEC5A,C-type lectin domain family 5 member A,1,2,1,0,542,561,689,56,92,95,61,50,52,51,39,48
O96005,O96005,M,PM,,,,,,CLPTM1,Cleft lip and palate transmembrane protein 1,2,0,0,0,482,228,299,0,0,0,0,0,0,0,0,0
Q8NE01,Q8NE01,M,PM,,,,,,CNNM3,Metal transporter CNNM3,0,0,1,0,0,0,0,11,15,14,2,12,10,7,16,3
P02452,P02452,,,,,XC,,,COL1A1,Collagen alpha-1(I) chain,1,0,2,0,1027,320,619,269,70,67,794,585,138,565,272,462
P12109,P12109,M,,,,XC,,,COL6A1,Collagen alpha-1(VI) chain,4,0,0,0,4417,1791,1465,0,0,0,0,0,0,0,0,0
P12111,P12111,,,,,XC,,,COL6A3,Collagen alpha-3(VI) chain,7,0,0,0,1209,1189,1363,0,0,0,0,0,0,0,0,0
P00450,P00450,M,,,,XC,,,CP,Ceruloplasmin,0,2,2,0,764,339,329,97,61,39,215,153,173,143,81,148
P14384,P14384,M,PM,,CS,XC,,,CPM,Carboxypeptidase M,2,2,0,0,3381,2235,3070,0,0,0,0,0,0,0,0,0
P17927,P17927,M,PM,,CS,,,,CR1,Complement receptor type 1,12,20,16,1,9948,17540,14929,1066,2327,1965,1073,756,824,446,476,677
P54108-3,P54108,,,,,XC,,,CRISP3,Isoform 3 of Cysteine-rich secretory protein 3,0,0,1,0,0,0,0,84,36,22,299,223,118,167,98,216
P15509-7,P15509,M,PM,,,XC,,,CSF2RA,Isoform 7 of Granulocyte-macrophage colony-stimulating factor receptor subunit alpha,4,6,6,0,2058,3617,2848,254,471,374,89,163,211,107,158,141
Q6UVK1,Q6UVK1,M,PM,,CS,XC,,,CSPG4,Chondroitin sulfate proteoglycan 4,58,0,0,15,11305,9135,10895,700,770,1115,649,509,993,658,1026,1432
P78310,P78310,M,PM,,,XC,,,CXADR,Coxsackievirus and adenovirus receptor,0,0,0,2,0,0,0,288,224,292,271,157,252,239,153,319
P25024,P25024,M,PM,,,,,,CXCR1,C-X-C chemokine receptor type 1,1,1,1,0,740,729,756,48,33,33,129,55,74,43,25,41
P25025,P25025,M,PM,,CS,,,,CXCR2,C-X-C chemokine receptor type 2,1,1,0,0,437,522,548,0,0,0,0,0,0,0,0,0
P04839,P04839,M,PM,,,,,,CYBB,Cytochrome b-245 heavy chain,11,6,11,5,12451,16007,14298,2760,3578,3249,554,2684,2416,1282,1887,982
Q14118,Q14118,M,PM,,,XC,,,DAG1,Dystroglycan,5,2,1,3,1971,3009,2877,605,632,660,564,426,611,579,463,840
Q8N8Z6,Q8N8Z6,M,,,,,,ShG,DCBLD1,"Discoidin, CUB and LCCL domain-containing protein 1",1,0,0,0,217,151,175,0,0,0,0,0,0,0,0,0
Q08345-5,Q08345,M,PM,,,XC,,,DDR1,Isoform 4 of Epithelial discoidin domain-containing receptor 1,0,0,0,1,0,0,0,31,30,42,35,24,34,33,26,50
Q16832,Q16832,M,PM,,,,,,DDR2,Discoidin domain-containing receptor 2,0,0,0,3,0,0,0,116,122,127,109,68,105,107,91,164
Q6E0U4,Q6E0U4,,,,,XC,,,DMKN,Dermokine,0,0,1,1,0,0,0,58,36,30,306,121,123,79,53,76
P27487,P27487,M,PM,,CS,,,,DPP4,Dipeptidyl peptidase 4,13,0,0,0,2821,2328,2806,0,0,0,0,0,0,0,0,0
Q14126,Q14126,M,PM,,CS,,,,DSG2,Desmoglein-2,0,0,0,3,0,0,0,146,137,142,135,82,133,132,117,169
O95672,O95672,M,PM,,,,,,ECEL1,Endothelin-converting enzyme-like 1,0,0,0,1,0,0,0,25,21,19,24,15,28,23,17,35
Q5VTE0,Q5VTE0,,,,,XC,Nuc,,EEF1A1P5,Putative elongation factor 1-alpha-like 3,17,3,8,4,6836,5865,6428,1590,913,896,2685,1879,5324,2390,1758,3069
P26641-2,P26641,M,,,,,Nuc,,EEF1G,Isoform 2 of Elongation factor 1-gamma,1,0,2,0,247,152,251,69,16,6,18,22,51,25,22,61
P13639,P13639,M,PM,,,,Nuc,,EEF2,Elongation factor 2,4,0,3,0,2153,1301,1524,167,120,81,351,229,444,191,170,346
P00533,P00533,M,PM,,CS,XC,Nuc,,EGFR,Epidermal growth factor receptor,1,0,0,13,384,277,272,811,739,872,730,505,777,699,560,1042
Q6PCB8,Q6PCB8,M,PM,,,,,,EMB,Embigin,3,7,3,1,4924,6519,5107,554,795,604,67,131,187,80,67,96
P17813,P17813,M,PM,,CS,XC,,,ENG,Endoglin,3,0,0,0,442,402,460,0,0,0,0,0,0,0,0,0
P06733,P06733,M,PM,,,XC,Nuc,,ENO1,Alpha-enolase,0,0,0,4,0,0,0,94,76,116,327,195,267,126,102,116
P22413,P22413,M,PM,,CS,XC,,,ENPP1,Ectonucleotide pyrophosphatase/phosphodiesterase family member 1,2,0,0,0,328,268,321,0,0,0,0,0,0,0,0,0
P49961-6,P49961,M,PM,,,,,,ENTPD1,Isoform 6 of Ectonucleoside triphosphate diphosphohydrolase 1,1,6,5,2,3412,5396,5069,878,1353,1235,263,948,1199,352,450,285
P29323,P29323,M,PM,,,XC,,,EPHB2,Ephrin type-B receptor 2,1,0,0,0,329,365,369,0,0,0,0,0,0,0,0,0
P54760,P54760,M,PM,,,XC,,,EPHB4,Ephrin type-B receptor 4,0,0,0,2,0,0,0,97,87,107,99,68,89,86,62,120
P04626,P04626,M,PM,,,,Nuc,,ERBB2,Receptor tyrosine-protein kinase erbB-2,0,0,0,3,0,0,0,138,128,149,124,83,131,123,94,187
P30040,P30040,M,,,CS,,,,ERP29,Endoplasmic reticulum resident protein 29,1,0,0,0,453,435,453,0,0,0,0,0,0,0,0,0
Q9BS26,Q9BS26,M,,,CS,,,,ERP44,Endoplasmic reticulum resident protein 44,1,1,1,0,494,364,432,37,31,24,28,54,63,60,40,36
P22794-2,P22794,M,,,,,,ShG,EVI2A,Isoform 2 of Protein EVI2A,1,0,1,0,200,129,198,138,126,317,21,69,123,74,63,113
P34910-2,P34910,M,PM,,,,,,EVI2B,Isoform 2 of Protein EVI2B,5,6,6,4,6364,5878,6323,1614,1253,1459,267,839,1034,1110,1492,578
Q9Y624,Q9Y624,M,PM,,,,,,F11R,Junctional adhesion molecule A,5,9,4,2,5486,9782,7010,620,1086,848,275,398,418,331,412,356
Q9H0X4,Q9H0X4,M,,,CS,,,,FAM234A,Protein FAM234A,5,1,1,3,1495,1342,1374,250,192,257,227,149,219,197,150,309
Q12884,Q12884,M,PM,,CS,XC,,,FAP,Prolyl endopeptidase FAP,2,0,0,0,311,248,301,0,0,0,0,0,0,0,0,0
P25445,P25445,M,PM,,CS,,Nuc,,FAS,Tumor necrosis factor receptor superfamily member 6,4,6,2,1,2128,3332,2449,282,383,223,106,171,128,179,167,173
P49327,P49327,M,PM,,,,,,FASN,Fatty acid synthase,0,0,0,5,0,0,0,261,234,328,211,141,346,202,177,444
P23142,P23142,M,,,,XC,,,FBLN1,Fibulin-1,3,0,0,0,496,445,472,0,0,0,0,0,0,0,0,0
P24071-6,P24071,M,PM,,,XC,,,FCAR,Isoform U02 of Immunoglobulin alpha Fc receptor,1,1,0,0,895,983,845,0,0,0,0,0,0,0,0,0
P12319,P12319,M,PM,,CS,,,,FCER1A,High affinity immunoglobulin epsilon receptor subunit alpha,1,1,0,0,721,842,894,0,0,0,0,0,0,0,0,0
P30273,P30273,M,PM,,CS,,,,FCER1G,High affinity immunoglobulin epsilon receptor subunit gamma,0,1,0,0,142,267,176,0,0,0,0,0,0,0,0,0
P12314,P12314,M,PM,,,,,,FCGR1A,High affinity immunoglobulin gamma Fc receptor I,2,3,1,1,1602,1908,1599,140,148,167,103,99,97,89,70,118
P12318,P12318,M,PM,,,,,,FCGR2A,Low affinity immunoglobulin gamma Fc region receptor II-a,4,4,7,2,3001,5166,3553,992,1827,1331,255,939,1141,523,1216,615
P08637,P08637,M,PM,,,,,,FCGR3A,Low affinity immunoglobulin gamma Fc region receptor III-A,0,0,5,2,0,0,0,207,118,132,497,608,696,982,1769,1043
O00602,O00602,M,PM,,,XC,,,FCN1,Ficolin-1,1,1,1,1,807,962,1056,219,279,302,287,430,853,402,166,196
Q9UGM5,Q9UGM5,,,,,XC,,,FETUB,Fetuin-B,1,3,3,0,1935,656,535,228,73,85,684,431,134,494,244,426
Q14314,Q14314,,,,,,,,FGL2,Fibroleukin,0,1,1,0,339,277,339,14,12,18,20,26,60,22,16,22
P09769,P09769,M,PM,,,,,,FGR,Tyrosine-protein kinase Fgr,0,1,0,0,263,202,349,0,0,0,0,0,0,0,0,0
Q96AY3,Q96AY3,M,,,,,,,FKBP10,Peptidyl-prolyl cis-trans isomerase FKBP10,6,0,0,0,1953,1672,1994,0,0,0,0,0,0,0,0,0
O95302-3,O95302,M,,,,,,,FKBP9,Isoform 3 of Peptidyl-prolyl cis-trans isomerase FKBP9,2,0,0,0,415,279,325,0,0,0,0,0,0,0,0,0
P21333,P21333,M,PM,,,XC,Nuc,,FLNA,Filamin-A,10,2,8,0,3922,2613,3000,740,268,159,774,382,691,546,288,480
O95466-3,O95466,M,PM,,,,,,FMNL1,Isoform 3 of Formin-like protein 1,0,1,0,0,128,72,170,0,0,0,0,0,0,0,0,0
P02751-15,P02751,M,PM,,,XC,,,FN1,Isoform 15 of Fibronectin,24,0,0,0,5554,4450,5311,0,0,0,0,0,0,0,0,0
P21462,P21462,M,PM,,,,,,FPR1,fMet-Leu-Phe receptor,0,1,1,0,629,1026,767,188,289,256,98,162,227,56,47,83
P25090,P25090,M,PM,,,,,,FPR2,N-formyl peptide receptor 2,0,3,0,0,378,705,676,0,0,0,0,0,0,0,0,0
P04406,P04406,M,PM,,,,Nuc,,GAPDH,Glyceraldehyde-3-phosphate dehydrogenase,5,3,15,4,2975,1302,2230,2113,1203,668,4598,3014,3141,2337,1891,2030
P04062,P04062,M,,,,,,,GBA,Glucosylceramidase,2,0,0,0,462,430,474,0,0,0,0,0,0,0,0,0
Q92616,Q92616,M,,,,,,,GCN1,eIF-2-alpha kinase activator GCN1,0,0,0,1,0,0,0,31,30,33,29,15,32,24,18,36
P19440,P19440,M,PM,,,XC,,,GGT1,Gamma-glutamyltranspeptidase 1,2,6,1,2,3041,3156,4460,148,209,324,84,103,162,76,67,128
Q92896-2,Q92896,M,PM,,,XC,,,GLG1,Isoform 2 of Golgi apparatus protein 1,2,0,0,0,394,400,412,0,0,0,0,0,0,0,0,0
Q9H4G4,Q9H4G4,M,,,,,,,GLIPR2,Golgi-associated plant pathogenesis-related protein 1,2,1,3,0,672,427,1142,140,86,252,48,100,67,57,50,67
P04899-4,P04899,M,PM,,,XC,,,GNAI2,Isoform sGi2 of Guanine nucleotide-binding protein G(i) subunit alpha-2,1,6,3,1,4908,3711,5862,785,551,972,185,402,305,323,390,273
P08754,P08754,M,PM,,,,,,GNAI3,Guanine nucleotide-binding protein G(k) subunit alpha,1,2,0,0,821,491,696,0,0,0,0,0,0,0,0,0
P40197,P40197,M,PM,,,,,,GP5,Platelet glycoprotein V,1,0,0,0,340,118,244,0,0,0,0,0,0,0,0,0
P32249,P32249,M,PM,,,,,,GPR183,G-protein coupled receptor 183,0,1,0,0,208,375,169,0,0,0,0,0,0,0,0,0
Q9NQS5,Q9NQS5,M,PM,,,,,,GPR84,G-protein coupled receptor 84,1,2,0,0,933,1408,1523,0,0,0,0,0,0,0,0,0
P06396,P06396,M,PM,,,XC,,,GSN,Gelsolin,0,0,2,0,0,0,0,66,14,41,229,191,176,92,40,87
P04921,P04921,M,PM,,,,,,GYPC,Glycophorin-C,0,1,0,0,62,91,72,0,0,0,0,0,0,0,0,0
P68871,P68871,,,,,XC,,,HBB,Hemoglobin subunit beta,1,1,2,2,1691,671,787,235,67,75,921,632,127,632,295,398
P08631,P08631,M,PM,,,,Nuc,,HCK,Tyrosine-protein kinase HCK,0,2,2,0,998,687,807,141,111,141,69,123,156,114,183,128
A8MVS5,A8MVS5,M,,,,,,ShG,HIDE1,Protein HIDE1,0,1,1,1,134,153,142,95,106,134,46,131,138,99,207,169
P16401,P16401,,,,,,,,HIST1H1B,Histone H1.5,2,2,4,0,4266,638,819,1747,131,43,483,263,247,339,150,175
Q6FI13,Q6FI13,,,,,,Nuc,,HIST2H2AA3,Histone H2A type 2-A,3,0,6,1,1286,358,474,633,121,62,523,332,290,238,160,223
Q5QNW6-2,Q5QNW6,,,,,,Nuc,,HIST2H2BF,Isoform 2 of Histone H2B type 2-F,6,1,11,2,4445,874,913,3129,776,311,1298,1041,1109,908,657,891
Q16695,Q16695,,,,,,Nuc,,HIST3H3,Histone H3.1t,3,0,8,1,450,353,387,3898,348,132,665,473,461,384,297,356
P01891,P01891,M,PM,,CS,,,,HLA-A,"HLA class I histocompatibility antigen, A-68 alpha chain",3,3,1,2,10315,587,5171,2296,129,228,482,140,320,966,123,217
P30443,P30443,M,PM,,CS,,,,HLA-A,"HLA class I histocompatibility antigen, A-1 alpha chain",1,3,5,1,1634,3279,1698,455,1001,571,199,551,439,260,626,258
P30460,P30460,M,PM,,CS,,,,HLA-B,"HLA class I histocompatibility antigen, B-8 alpha chain",3,3,9,1,1156,5062,2065,384,1532,697,114,773,440,242,1115,290
P30488,P30488,M,PM,,CS,,,,HLA-B,"HLA class I histocompatibility antigen, B-50 alpha chain",8,4,14,2,5509,1796,12651,848,618,1850,367,554,1508,711,503,811
P04222,P04222,M,PM,,CS,,,,HLA-C,"HLA class I histocompatibility antigen, Cw-3 alpha chain",2,3,2,1,3555,2282,1600,930,193,162,200,148,131,692,124,61
Q95604,Q95604,M,PM,,CS,,,,HLA-C,"HLA class I histocompatibility antigen, Cw-17 alpha chain",4,9,5,3,3031,7292,6584,817,2019,1315,418,1178,916,571,1590,596
P01903,P01903,M,PM,,CS,,,,HLA-DRA,"HLA class II histocompatibility antigen, DR alpha chain",1,3,2,0,1862,2662,2902,199,276,306,261,570,695,208,374,199
P01911,P01911,M,PM,,CS,,,,HLA-DRB1,"HLA class II histocompatibility antigen, DRB1-15 beta chain",3,4,7,2,5521,7538,4699,1108,1347,1061,997,3122,4453,1152,2088,781
Q30154,Q30154,M,PM,,,,,,HLA-DRB5,"HLA class II histocompatibility antigen, DR beta 5 chain",2,1,4,1,1372,1359,2867,384,161,473,537,438,2130,499,239,737
P13747,P13747,M,PM,,CS,,,,HLA-E,"HLA class I histocompatibility antigen, alpha chain E",1,2,2,0,792,1386,1298,136,194,213,129,167,188,151,233,146
P22626,P22626,M,,,,,Nuc,,HNRNPA2B1,Heterogeneous nuclear ribonucleoproteins A2/B1,1,0,4,0,197,180,229,247,58,71,266,212,716,178,145,277
P61978-2,P61978,M,,,,,Nuc,,HNRNPK,Isoform 2 of Heterogeneous nuclear ribonucleoprotein K,3,0,0,0,465,363,457,0,0,0,0,0,0,0,0,0
P00738,P00738,,,,,XC,,,HP,Haptoglobin,21,24,48,21,61085,16315,12219,12024,2883,2365,48295,31827,1644,31183,14080,30260
P02790,P02790,,,,,XC,,,HPX,Hemopexin,9,17,16,8,29955,10789,9117,3535,932,791,12453,6947,1219,7390,2846,6058
P07900-2,P07900,M,PM,,,XC,Nuc,,HSP90AA1,Isoform 2 of Heat shock protein HSP 90-alpha,3,0,0,1,825,575,855,42,30,36,33,23,32,36,22,38
P08238,P08238,M,PM,,CS,,,,HSP90AB1,Heat shock protein HSP 90-beta,1,0,0,1,286,206,247,61,54,56,50,26,56,44,26,73
P14625,P14625,M,PM,,,XC,Nuc,,HSP90B1,Endoplasmin,13,0,4,0,1987,1832,2190,175,152,18,188,119,95,162,104,99
P0DMV9,P0DMV9,,,,,,,,HSPA1B,Heat shock 70 kDa protein 1B,1,0,0,1,114,101,130,15,15,28,19,23,25,24,27,29
P11021,P11021,M,PM,,CS,,Nuc,,HSPA5,78 kDa glucose-regulated protein,18,1,8,3,6531,4573,6159,523,340,283,839,582,1142,498,411,562
P11142,P11142,M,PM,,,XC,Nuc,,HSPA8,Heat shock cognate 71 kDa protein,10,1,1,0,3002,2563,3084,96,77,13,77,77,76,69,63,82
P38646,P38646,,,,,,,,HSPA9,"Stress-70 protein, mitochondrial",7,1,1,1,3024,1815,2981,95,44,84,545,235,622,200,96,259
P04792,P04792,M,PM,,,XC,Nuc,,HSPB1,Heat shock protein beta-1,0,0,1,0,0,0,0,4,8,7,19,7,32,10,7,21
P10809,P10809,M,PM,,CS,XC,,,HSPD1,"60 kDa heat shock protein, mitochondrial",3,0,0,1,610,476,553,24,34,54,33,32,41,32,33,70
P61604,P61604,M,,,,,,,HSPE1,"10 kDa heat shock protein, mitochondrial",2,0,1,0,346,226,307,69,80,6,114,50,48,102,45,50
Q9Y4L1,Q9Y4L1,M,,,,XC,,,HYOU1,Hypoxia up-regulated protein 1,6,0,0,0,2116,1360,1745,0,0,0,0,0,0,0,0,0
P05362,P05362,M,PM,,CS,XC,,,ICAM1,Intercellular adhesion molecule 1,28,8,19,9,8356,10858,10950,2581,3362,3708,1598,2451,2881,2328,3291,2864
P13598,P13598,M,PM,,,,,,ICAM2,Intercellular adhesion molecule 2,0,2,6,0,1016,1600,1222,434,631,533,235,452,996,596,833,702
P32942,P32942,M,PM,,,,,,ICAM3,Intercellular adhesion molecule 3,19,26,37,10,22221,32667,32663,4901,7977,8138,1212,3730,4381,2434,8893,3950
Q9UMF0,Q9UMF0,M,PM,,,,,,ICAM5,Intercellular adhesion molecule 5,1,0,0,0,314,328,342,0,0,0,0,0,0,0,0,0
P15260,P15260,M,PM,,,,,,IFNGR1,Interferon gamma receptor 1,0,2,1,1,490,854,789,87,124,113,78,102,83,72,113,60
P08069,P08069,M,PM,,,,,,IGF1R,Insulin-like growth factor 1 receptor,1,1,0,0,817,1181,700,0,0,0,0,0,0,0,0,0
P11717,P11717,M,PM,,CS,,,,IGF2R,Cation-independent mannose-6-phosphate receptor,10,8,7,0,5823,4824,5174,364,384,364,531,469,910,468,481,472
P01876,P01876,M,PM,,,XC,,,IGHA1,Ig alpha-1 chain C region,1,2,2,0,1587,1120,842,110,56,46,338,217,142,232,110,203
P01854,P01854,M,PM,,,XC,,,IGHE,Ig epsilon chain C region,0,3,0,0,822,717,1096,0,0,0,0,0,0,0,0,0
P01860,P01860,M,PM,,,XC,,,IGHG3,Ig gamma-3 chain C region,2,3,2,0,4468,5084,5301,395,464,513,814,556,621,516,526,1241
P0CG05,P0CG05,M,PM,,,XC,,,IGLC2,Ig lambda-2 chain C regions,1,1,1,1,1764,781,1309,48,25,22,183,135,127,92,54,103
O95976,O95976,M,PM,,,,,,IGSF6,Immunoglobulin superfamily member 6,0,2,0,0,344,468,450,0,0,0,0,0,0,0,0,0
Q969P0,Q969P0,M,PM,,,,,,IGSF8,Immunoglobulin superfamily member 8,0,0,0,1,0,0,0,21,23,28,25,16,24,24,18,37
P78552,P78552,M,PM,,,,,,IL13RA1,Interleukin-13 receptor subunit alpha-1,0,1,0,0,281,226,466,0,0,0,0,0,0,0,0,0
Q96F46,Q96F46,M,PM,,,XC,,,IL17RA,Interleukin-17 receptor A,3,2,1,0,1386,1550,1390,50,54,49,37,29,48,21,30,41
Q9NPH3,Q9NPH3,M,PM,,,XC,,,IL1RAP,Interleukin-1 receptor accessory protein,0,7,2,0,2480,2728,2562,96,129,113,73,81,63,69,62,84
Q6UWB1,Q6UWB1,M,PM,,,,,,IL27RA,Interleukin-27 receptor subunit alpha,0,2,0,0,893,992,1413,0,0,0,0,0,0,0,0,0
P31785,P31785,M,PM,,,,,,IL2RG,Cytokine receptor common subunit gamma,0,1,0,0,74,178,191,0,0,0,0,0,0,0,0,0
P06213,P06213,M,PM,,,,,,INSR,Insulin receptor,4,7,1,0,3545,3509,3593,168,183,203,164,124,125,140,150,108
P56199,P56199,M,PM,,CS,,,,ITGA1,Integrin alpha-1,34,5,0,1,8816,9136,9524,18,18,29,22,11,25,18,11,30
Q9UKX5-2,Q9UKX5,M,PM,,,,,,ITGA11,Isoform 2 of Integrin alpha-11,5,0,0,0,1428,1029,1049,0,0,0,0,0,0,0,0,0
P17301,P17301,M,PM,,CS,,,,ITGA2,Integrin alpha-2,4,1,0,2,769,484,709,129,130,197,127,93,136,124,95,195
P08514,P08514,M,PM,,CS,,,,ITGA2B,Integrin alpha-IIb,7,6,9,1,6161,2049,5408,1245,417,1181,428,593,737,513,204,486
P26006-1,P26006,M,PM,,CS,,,,ITGA3,Isoform 2 of Integrin alpha-3,5,0,0,0,814,716,883,0,0,0,0,0,0,0,0,0
P13612,P13612,M,PM,,CS,,,,ITGA4,Integrin alpha-4,7,10,9,4,8029,9727,8988,1102,1491,1239,751,1603,1631,1655,2502,1329
P08648,P08648,M,PM,,CS,,,,ITGA5,Integrin alpha-5,20,15,7,4,9227,11561,10346,1276,1713,1770,308,573,627,421,461,535
P23229,P23229,M,PM,,CS,,,,ITGA6,Integrin alpha-6,2,1,0,0,1458,920,759,0,0,0,0,0,0,0,0,0
P20701-2,P20701,M,PM,,CS,,,,ITGAL,Isoform 2 of Integrin alpha-L,20,18,25,8,14693,19256,18712,3691,4968,5146,930,3197,3555,3872,7324,2830
P11215-2,P11215,M,PM,,CS,XC,Nuc,,ITGAM,Isoform 2 of Integrin alpha-M,21,58,49,18,25300,46748,44871,7983,13034,13634,2054,5477,6113,2158,2112,2796
P06756,P06756,M,PM,,CS,,,,ITGAV,Integrin alpha-V,29,0,0,7,5872,5258,6192,570,490,656,498,358,540,482,407,784
P20702,P20702,M,PM,,CS,,,,ITGAX,Integrin alpha-X,17,13,26,9,6206,12962,11187,1664,3509,2947,1172,3374,2733,2424,5410,2007
P05556,P05556,M,PM,,CS,,,,ITGB1,Integrin beta-1,75,19,18,9,21742,23596,24775,2996,3838,4028,1064,2175,2473,2100,2703,2086
P05107,P05107,M,PM,,CS,XC,,,ITGB2,Integrin beta-2,41,55,65,19,33478,56403,50638,7776,14502,12959,2111,8466,8638,5600,10475,4872
P05106,P05106,M,PM,,CS,,Nuc,,ITGB3,Integrin beta-3,3,1,1,0,1357,758,1283,46,12,55,5,25,23,13,9,5
P18084,P18084,M,PM,,CS,,,,ITGB5,Integrin beta-5,5,0,0,4,1142,980,1160,344,259,365,278,197,317,305,230,431
P26010,P26010,M,PM,,CS,,,,ITGB7,Integrin beta-7,1,2,1,0,1259,1262,1201,18,13,8,13,12,12,11,9,15
O60674,O60674,M,PM,,,,Nuc,,JAK2,Tyrosine-protein kinase JAK2,0,0,1,0,0,0,0,16,5,7,11,22,14,29,6,8
Q86YT9,Q86YT9,M,PM,,,,,,JAML,Junctional adhesion molecule-like,0,2,0,0,372,373,312,0,0,0,0,0,0,0,0,0
P01591,P01591,,,,,XC,,,JCHAIN,Immunoglobulin J chain,0,0,1,0,0,0,0,2,1,5,36,30,24,13,8,17
Q96J84-2,Q96J84,M,PM,,,,,,KIRREL,Isoform 2 of Kin of IRRE-like protein 1,2,0,0,1,547,576,482,32,30,35,33,26,34,27,24,43
P01042-2,P01042,M,PM,,,XC,,,KNG1,Isoform LMW of Kininogen-1,2,3,6,4,5715,1957,1403,560,252,189,1955,1219,469,1444,880,1327
Q14974,Q14974,M,,,,,,,KPNB1,Importin subunit beta-1,1,0,0,0,332,361,364,0,0,0,0,0,0,0,0,0
P32004-2,P32004,M,PM,,CS,,,,L1CAM,Isoform 2 of Neural cell adhesion molecule L1,2,0,0,20,146,217,203,2143,2370,3293,1941,1562,3051,2087,1663,4314
Q6GTX8,Q6GTX8,M,PM,,,,,,LAIR1,Leukocyte-associated immunoglobulin-like receptor 1,1,2,0,0,354,536,440,0,0,0,0,0,0,0,0,0
P11279,P11279,M,PM,,,,,,LAMP1,Lysosome-associated membrane glycoprotein 1,4,2,3,2,2168,2145,2060,213,201,196,629,512,4455,529,313,258
Q14847-2,Q14847,,,,,,,,LASP1,Isoform 2 of LIM and SH3 domain protein 1,1,0,0,0,99,61,71,0,0,0,0,0,0,0,0,0
P00338-3,P00338,M,,,,,Nuc,,LDHA,Isoform 3 of L-lactate dehydrogenase A chain,1,3,4,0,563,393,542,144,61,12,73,55,76,71,58,70
P01130,P01130,M,PM,,CS,,,,LDLR,Low-density lipoprotein receptor,0,0,0,1,0,0,0,56,4,111,49,43,136,58,37,137
P09382,P09382,,,,CS,XC,Nuc,,LGALS1,Galectin-1,3,2,2,0,4402,3934,3810,100,55,13,82,57,61,63,62,63
P42702,P42702,M,PM,,,,,,LIFR,Leukemia inhibitory factor receptor,0,0,0,1,0,0,0,16,22,32,19,15,37,24,18,58
A6NI73,A6NI73,M,,,,,,,LILRA5,Leukocyte immunoglobulin-like receptor subfamily A member 5,3,2,2,1,4547,4111,3601,215,313,235,308,230,330,202,170,282
Q6PI73,Q6PI73,M,,,,,,ShG,LILRA6,Leukocyte immunoglobulin-like receptor subfamily A member 6,1,1,3,0,358,677,739,180,362,418,97,155,251,92,87,184
Q8NHL6-3,Q8NHL6,M,PM,,,XC,,,LILRB1,Isoform 3 of Leukocyte immunoglobulin-like receptor subfamily B member 1,7,13,21,6,5379,8521,6513,1470,2611,1748,761,2555,2532,2152,4150,1647
Q8N423,Q8N423,M,PM,,CS,XC,,,LILRB2,Leukocyte immunoglobulin-like receptor subfamily B member 2,5,10,13,3,6785,10017,10219,1725,2599,2650,768,2815,3024,3211,5113,2447
O75022-2,O75022,M,PM,,,,,,LILRB3,Isoform 2 of Leukocyte immunoglobulin-like receptor subfamily B member 3,7,6,19,2,6452,12907,14411,1345,2156,2690,912,1465,1734,1113,1506,1444
Q8NHJ6-3,Q8NHJ6,M,PM,,,,,,LILRB4,Isoform 3 of Leukocyte immunoglobulin-like receptor subfamily B member 4,5,6,5,1,2419,4545,4427,521,1152,1086,187,582,858,176,246,320
P02545,P02545,M,,,,,Nuc,,LMNA,Prelamin-A/C,5,0,6,0,1012,585,806,1001,202,44,276,237,273,195,230,334
Q9UIQ6,Q9UIQ6,M,PM,,,XC,,,LNPEP,Leucyl-cystinyl aminopeptidase,3,3,2,0,1778,2195,2193,162,156,147,207,214,575,225,175,239
P02750,P02750,M,,,,XC,,,LRG1,Leucine-rich alpha-2-glycoprotein,3,3,6,5,4492,1081,1035,762,159,172,2733,1822,193,1873,771,1703
Q07954,Q07954,M,PM,,,,,,LRP1,Prolow-density lipoprotein receptor-related protein 1,46,53,55,5,58149,34012,44084,9899,5934,8303,3932,5060,10276,5621,6332,5228
Q8N386,Q8N386,M,,,,,,ShG,LRRC25,Leucine-rich repeat-containing protein 25,1,1,1,1,1527,2778,2064,278,458,302,90,302,298,338,999,223
Q15722,Q15722,M,PM,,,,,,LTB4R,Leukotriene B4 receptor 1,3,5,4,1,2888,4159,3212,523,794,560,264,211,252,166,131,211
O60449-2,O60449,M,PM,,,,,,LY75,Isoform 2 of Lymphocyte antigen 75,7,6,8,3,7259,9734,9923,1934,2322,2288,2101,1615,1143,1658,1174,1547
Q9Y6Y9,Q9Y6Y9,M,PM,,,XC,,,LY96,Lymphocyte antigen 96,0,1,0,0,252,290,322,0,0,0,0,0,0,0,0,0
P61626,P61626,,,,,XC,,,LYZ,Lysozyme C,2,1,4,0,1030,770,1281,121,53,99,892,1180,1005,544,428,165
P20645,P20645,M,PM,,,,,,M6PR,Cation-dependent mannose-6-phosphate receptor,1,2,3,0,1351,1591,1341,318,182,170,319,309,1006,282,264,168
P43121,P43121,M,PM,,,XC,Nuc,,MCAM,Cell surface glycoprotein MUC18,24,0,0,23,4132,3588,4948,2143,2035,2939,2110,1458,2559,1934,1555,3360
Q96RQ3,Q96RQ3,M,,,,,,,MCCC1,"Methylcrotonoyl-CoA carboxylase subunit alpha, mitochondrial",6,5,4,4,2720,3802,3513,356,599,610,219,384,344,336,670,609
Q8IX19,Q8IX19,M,,,,,,ShG,MCEMP1,Mast cell-expressed membrane protein 1,0,6,0,0,1970,4116,2651,0,0,0,0,0,0,0,0,0
Q9H1U4,Q9H1U4,M,,,,,,ShG,MEGF9,Multiple epidermal growth factor-like domains protein 9,0,6,0,0,1333,1759,3030,0,0,0,0,0,0,0,0,0
P08582,P08582,M,PM,,CS,XC,,,MELTF,Melanotransferrin,0,0,0,1,0,0,0,33,27,26,25,11,18,19,19,22
P08581-2,P08581,M,PM,,CS,XC,,,MET,Isoform 2 of Hepatocyte growth factor receptor,2,0,0,6,435,333,388,251,205,258,232,184,281,264,193,342
Q08431,Q08431,M,PM,,,XC,,,MFGE8,Lactadherin,4,0,0,0,855,691,875,0,0,0,0,0,0,0,0,0
Q7Z6M3,Q7Z6M3,M,PM,,,,,,MILR1,Allergin-1,1,6,1,0,3120,3337,2584,43,33,26,3,13,14,10,12,14
P08473,P08473,M,PM,,,,,,MME,Neprilysin,15,0,0,0,3058,3052,3457,0,0,0,0,0,0,0,0,0
P51511,P51511,M,PM,,,XC,,,MMP15,Matrix metalloproteinase-15,2,0,0,2,705,514,597,99,99,116,92,69,105,98,72,138
Q6UVY6,Q6UVY6,M,,,,,,,MOXD1,DBH-like monooxygenase protein 1,5,0,0,0,1121,915,937,0,0,0,0,0,0,0,0,0
P05164-3,P05164,,,,,XC,Nuc,,MPO,Isoform H7 of Myeloperoxidase,1,1,2,1,1291,1156,864,139,134,94,239,568,1440,75,77,85
Q9UBG0,Q9UBG0,M,,,,,,,MRC2,C-type mannose receptor 2,6,0,0,2,780,634,795,80,63,80,63,42,76,57,50,108
P26038,P26038,M,PM,,,XC,Nuc,,MSN,Moesin,2,0,2,0,665,422,528,137,59,91,234,208,543,228,154,220
P35579,P35579,M,PM,,,,Nuc,,MYH9,Myosin-9,4,0,0,0,1483,708,781,0,0,0,0,0,0,0,0,0
P60660,P60660,M,,,,,,,MYL6,Myosin light polypeptide 6,0,0,1,0,0,0,0,15,16,3,11,12,15,14,11,15
B0I1T2,B0I1T2,M,PM,,,,,,MYO1G,Unconventional myosin-Ig,0,0,1,0,0,0,0,26,6,12,11,14,16,28,16,26
Q92542,Q92542,M,PM,,,,,,NCSTN,Nicastrin,0,4,3,0,1388,1582,1427,52,50,53,48,51,101,39,54,52
Q92692-2,Q92692,M,PM,,CS,,,,NECTIN2,Isoform Alpha of Nectin-2,3,2,1,2,1635,2450,1900,102,88,109,91,62,150,80,70,116
Q9NQS3,Q9NQS3,M,PM,,,,,,NECTIN3,Nectin-3,2,0,0,0,215,176,206,0,0,0,0,0,0,0,0,0
Q7Z3B1,Q7Z3B1,M,PM,,,,,,NEGR1,Neuronal growth regulator 1,2,1,0,0,857,635,636,0,0,0,0,0,0,0,0,0
Q92859,Q92859,M,PM,,,,,,NEO1,Neogenin,2,0,0,0,710,680,557,0,0,0,0,0,0,0,0,0
Q5JPE7,Q5JPE7,M,,,,,,,NOMO2,Nodal modulator 2,2,0,0,0,465,429,526,0,0,0,0,0,0,0,0,0
O15118,O15118,M,PM,,,XC,,,NPC1,Niemann-Pick C1 protein,3,0,0,0,509,493,560,0,0,0,0,0,0,0,0,0
P06748,P06748,M,,,,,Nuc,,NPM1,Nucleophosmin,1,0,0,0,310,226,311,0,0,0,0,0,0,0,0,0
Q9Y639,Q9Y639,M,,,CS,,,,NPTN,Neuroplastin,4,2,2,4,2663,3491,2592,585,685,582,360,407,509,431,534,446
O14786,O14786,M,PM,,,XC,,,NRP1,Neuropilin-1,5,0,0,0,2247,2279,2200,0,0,0,0,0,0,0,0,0
P21589,P21589,M,PM,,CS,,,,NT5E,5'-nucleotidase,6,0,0,0,776,687,766,0,0,0,0,0,0,0,0,0
Q02818,Q02818,M,,,,XC,Nuc,,NUCB1,Nucleobindin-1,4,0,0,0,520,405,491,0,0,0,0,0,0,0,0,0
Q9H1E3,Q9H1E3,,,,,,Nuc,,NUCKS1,Nuclear ubiquitous casein and cyclin-dependent kinase substrate 1,0,0,0,1,0,0,0,9,8,17,53,29,53,22,18,26
Q96D31,Q96D31,M,PM,,,,,,ORAI1,Calcium release-activated calcium channel protein 1,1,1,0,0,1338,1262,1089,0,0,0,0,0,0,0,0,0
Q8IYS5-7,Q8IYS5,M,PM,,,XC,,,OSCAR,Isoform 7 of Osteoclast-associated immunoglobulin-like receptor,1,2,1,0,663,925,624,76,131,93,39,42,88,32,38,61
Q99572,Q99572,M,PM,,,,,,P2RX7,P2X purinoceptor 7,0,1,0,0,342,283,176,0,0,0,0,0,0,0,0,0
Q32P28,Q32P28,M,,,,XC,Nuc,,P3H1,Prolyl 3-hydroxylase 1,1,0,0,0,108,84,103,0,0,0,0,0,0,0,0,0
P07237,P07237,M,PM,,,XC,,,P4HB,Protein disulfide-isomerase,7,0,0,0,1249,1160,1474,0,0,0,0,0,0,0,0,0
P11498,P11498,,,,,,,,PC,"Pyruvate carboxylase, mitochondrial",45,8,8,46,14116,12761,15786,4601,6175,6870,4081,4540,7049,4414,5709,9027
P57721,P57721,,,,,,Nuc,,PCBP3,Poly(rC)-binding protein 3,2,0,0,0,302,233,280,0,0,0,0,0,0,0,0,0
P05165,P05165,,,,,,,,PCCA,"Propionyl-CoA carboxylase alpha chain, mitochondrial",20,14,13,7,11107,13385,15097,1610,1830,2545,903,1611,1473,1937,2823,2323
O14917,O14917,M,PM,,,,,,PCDH17,Protocadherin-17,0,0,0,2,0,0,0,53,51,60,45,48,69,45,115,101
P09619,P09619,M,PM,,CS,,Nuc,,PDGFRB,Platelet-derived growth factor receptor beta,2,0,0,0,552,549,533,0,0,0,0,0,0,0,0,0
P30101,P30101,,,,CS,,Nuc,,PDIA3,Protein disulfide-isomerase A3,12,0,0,0,2565,2094,2849,0,0,0,0,0,0,0,0,0
P13667,P13667,,,,CS,,,,PDIA4,Protein disulfide-isomerase A4,2,0,0,0,810,633,836,0,0,0,0,0,0,0,0,0
P16284,P16284,M,PM,,,XC,,,PECAM1,Platelet endothelial cell adhesion molecule,19,26,35,17,19745,30479,25196,4830,7432,5672,2102,5967,4399,7824,13241,4974
Q96PD5-2,Q96PD5,M,,,,,,,PGLYRP2,Isoform 2 of N-acetylmuramoyl-L-alanine amidase,0,4,3,3,3594,760,542,434,119,78,1897,1237,147,1193,447,730
Q92508,Q92508,M,PM,,,,,,PIEZO1,Piezo-type mechanosensitive ion channel component 1,0,0,0,1,0,0,0,34,26,31,31,22,31,31,23,45
Q9UKJ1,Q9UKJ1,M,PM,,,,,,PILRA,Paired immunoglobulin-like type 2 receptor alpha,2,3,2,2,3480,5123,4291,572,737,720,103,507,424,772,1213,428
P14618,P14618,M,PM,,,XC,Nuc,,PKM,Pyruvate kinase PKM,3,2,5,2,1804,945,1316,298,233,157,366,292,346,302,291,430
Q03405,Q03405,M,PM,,,,,,PLAUR,Urokinase plasminogen activator surface receptor,1,1,1,1,387,415,394,170,157,209,277,164,249,182,87,247
Q15149,Q15149,M,PM,,,,,,PLEC,Plectin,4,0,1,0,1918,1482,1527,34,11,3,26,18,28,15,18,38
Q04941,Q04941,M,PM,,,,,,PLP2,Proteolipid protein 2,1,1,1,0,2284,631,1113,298,70,139,381,152,264,157,74,121
O14495,O14495,M,PM,,,,,,PLPP3,Phospholipid phosphatase 3,1,0,0,0,103,97,106,0,0,0,0,0,0,0,0,0
Q6UX71,Q6UX71,M,,,,,,,PLXDC2,Plexin domain-containing protein 2,3,6,6,1,5274,5522,6294,647,693,857,392,366,527,427,363,477
Q9UIW2,Q9UIW2,M,PM,,,,Nuc,,PLXNA1,Plexin-A1,1,1,0,0,502,438,503,0,0,0,0,0,0,0,0,0
O15031,O15031,M,PM,,CS,,,,PLXNB2,Plexin-B2,21,19,29,15,16184,20105,18214,3651,4794,4764,1598,2554,3005,2493,3729,2770
O60486,O60486,M,PM,,,,,,PLXNC1,Plexin-C1,8,8,9,1,9264,12837,11601,967,1294,1240,316,794,578,882,1228,702
Q9Y4D7,Q9Y4D7,M,PM,,,,,,PLXND1,Plexin-D1,7,5,6,3,4583,3689,3830,548,657,717,417,444,462,436,414,475
O00592,O00592,M,PM,,,XC,,,PODXL,Podocalyxin,0,0,0,2,0,0,0,282,192,382,218,190,329,229,218,531
Q9NZ53,Q9NZ53,M,PM,,,,,,PODXL2,Podocalyxin-like protein 2,0,0,0,3,0,0,0,101,106,131,87,65,123,100,108,193
Q8WVV4-1,Q8WVV4,,,,,,,,POF1B,Isoform 1 of Protein POF1B,0,0,1,0,0,0,0,36,20,23,116,51,131,39,20,78
P62937,P62937,M,,,,XC,Nuc,,PPIA,Peptidyl-prolyl cis-trans isomerase A,0,2,2,1,1232,296,988,221,97,162,220,187,359,273,173,296
P23284,P23284,M,,,,,Nuc,,PPIB,Peptidyl-prolyl cis-trans isomerase B,3,0,0,0,844,658,875,0,0,0,0,0,0,0,0,0
Q06830,Q06830,,,,,XC,Nuc,,PRDX1,Peroxiredoxin-1,4,0,3,1,1148,492,630,116,70,67,459,226,346,163,115,192
P05771-2,P05771,M,PM,,,,Nuc,,PRKCB,Isoform Beta-II of Protein kinase C beta type,1,1,1,0,2605,254,545,54,9,15,39,25,35,53,21,40
P14314,P14314,,,,,,,,PRKCSH,Glucosidase 2 subunit beta,8,0,0,0,2909,2812,3376,0,0,0,0,0,0,0,0,0
P78527,P78527,M,,,,,,,PRKDC,DNA-dependent protein kinase catalytic subunit,0,0,0,3,0,0,0,95,96,127,114,72,96,85,73,167
P04156,P04156,M,PM,,CS,,Nuc,,PRNP,Major prion protein,3,1,1,0,886,1198,983,83,175,158,35,76,172,53,90,25
Q9UNN8,Q9UNN8,M,PM,,CS,XC,,,PROCR,Endothelial protein C receptor,0,0,0,2,0,0,0,286,216,310,259,139,299,234,176,369
P07602-3,P07602,M,,,,XC,,,PSAP,Isoform Sap-mu-9 of Prosaposin,0,1,0,0,194,96,137,0,0,0,0,0,0,0,0,0
P25105,P25105,M,PM,,,,,,PTAFR,Platelet-activating factor receptor,0,1,2,0,296,250,387,195,328,275,11,56,53,8,14,21
Q9P2B2,Q9P2B2,M,,,CS,,,,PTGFRN,Prostaglandin F2 receptor negative regulator,0,0,0,3,0,0,0,426,490,547,409,314,561,446,386,741
Q13308-6,Q13308,M,PM,,,,,,PTK7,Isoform 6 of Inactive tyrosine-protein kinase 7,3,0,0,0,718,639,869,0,0,0,0,0,0,0,0,0
P18433,P18433,M,PM,,,,,,PTPRA,Receptor-type tyrosine-protein phosphatase alpha,2,4,4,0,2211,2289,2061,569,715,628,205,294,269,278,340,302
P08575,P08575,M,PM,,CS,,,,PTPRC,Receptor-type tyrosine-protein phosphatase C,93,65,112,26,57777,85748,81956,15568,21851,23563,3450,13033,11033,14020,21683,10545
P23469,P23469,M,PM,,,,Nuc,,PTPRE,Receptor-type tyrosine-protein phosphatase epsilon,0,2,0,0,728,745,692,0,0,0,0,0,0,0,0,0
P10586,P10586,M,PM,,,,,,PTPRF,Receptor-type tyrosine-protein phosphatase F,0,0,0,10,0,0,0,363,378,424,366,279,452,365,299,603
Q12913,Q12913,M,PM,,CS,,,,PTPRJ,Receptor-type tyrosine-protein phosphatase eta,11,13,19,8,7547,9281,11166,1848,2036,2406,867,1418,1415,1421,2042,1457
Q13332,Q13332,M,PM,,,,,,PTPRS,Receptor-type tyrosine-protein phosphatase S,0,0,0,1,0,0,0,32,35,39,35,25,46,38,30,50
Q6NZI2,Q6NZI2,M,,,,,Nuc,,PTRF,Polymerase I and transcript release factor,0,0,1,0,0,0,0,347,172,27,389,161,123,217,185,86
P15151,P15151,M,PM,,CS,XC,,,PVR,Poliovirus receptor,3,1,0,1,1147,1314,994,45,53,39,39,39,33,42,36,38
P51148-2,P51148,M,PM,,,,,,RAB5C,Isoform 2 of Ras-related protein Rab-5C,2,1,1,0,656,667,832,29,21,47,23,35,41,25,38,36
P15153,P15153,M,PM,,,,,,RAC2,Ras-related C3 botulinum toxin substrate 2,4,4,2,0,3587,1800,3875,115,54,104,125,100,121,110,108,126
P63244,P63244,,,,,,Nuc,,RACK1,Receptor of activated protein C kinase 1,0,0,2,0,0,0,0,157,101,27,116,118,262,93,121,295
Q9P258,Q9P258,M,PM,,,,,,RCC2,Protein RCC2,1,1,0,0,614,247,643,0,0,0,0,0,0,0,0,0
O95980,O95980,M,PM,,,,,,RECK,Reversion-inducing cysteine-rich protein with Kazal motifs,4,0,0,0,955,914,978,0,0,0,0,0,0,0,0,0
Q14699,Q14699,M,PM,,,,,,RFTN1,Raftlin,1,0,0,0,472,241,456,0,0,0,0,0,0,0,0,0
Q8NC42,Q8NC42,M,,,,,,,RNF149,E3 ubiquitin-protein ligase RNF149,0,1,0,0,399,669,510,0,0,0,0,0,0,0,0,0
Q9Y6N7-2,Q9Y6N7,M,PM,,CS,,,,ROBO1,Isoform 2 of Roundabout homolog 1,2,0,0,1,422,354,400,30,26,27,36,25,41,35,26,41
Q01974,Q01974,M,PM,,,,,,ROR2,Tyrosine-protein kinase transmembrane receptor ROR2,0,0,0,3,0,0,0,122,106,126,112,79,137,119,84,144
P26373,P26373,M,,,,,Nuc,,RPL13,60S ribosomal protein L13,0,0,2,0,0,0,0,112,131,30,140,131,365,123,152,350
P35268,P35268,,,,,,Nuc,,RPL22,60S ribosomal protein L22,0,0,1,0,0,0,0,61,36,7,46,35,45,36,34,56
P46779-3,P46779,M,,,,,,,RPL28,Isoform 3 of 60S ribosomal protein L28,0,0,2,0,0,0,0,62,58,17,71,75,171,60,75,166
P62888,P62888,M,,,,,Nuc,,RPL30,60S ribosomal protein L30,1,0,1,0,513,798,489,53,103,15,75,80,142,88,67,145
P46777,P46777,M,,,,,Nuc,,RPL5,60S ribosomal protein L5,1,0,0,0,183,182,180,0,0,0,0,0,0,0,0,0
P05387,P05387,M,,,,,,,RPLP2,60S acidic ribosomal protein P2,0,0,2,0,0,0,0,54,54,19,61,77,233,47,86,225
P04843,P04843,M,,,,,,,RPN1,Dolichyl-diphosphooligosaccharide--protein glycosyltransferase subunit 1,3,1,1,0,867,672,917,17,10,13,33,29,93,34,18,22
P25398,P25398,M,,,,,,,RPS12,40S ribosomal protein S12,0,0,1,0,0,0,0,21,18,4,14,19,34,19,24,40
P62263,P62263,M,,,,,,,RPS14,40S ribosomal protein S14,1,0,0,0,21,17,21,0,0,0,0,0,0,0,0,0
P62269,P62269,M,,,,,Nuc,,RPS18,40S ribosomal protein S18,0,0,2,0,0,0,0,135,182,38,164,186,404,164,197,469
P60866-2,P60866,M,,,,,,,RPS20,Isoform 2 of 40S ribosomal protein S20,1,0,0,0,376,163,268,0,0,0,0,0,0,0,0,0
P23396-2,P23396,M,PM,,,,Nuc,,RPS3,Isoform 2 of 40S ribosomal protein S3,0,1,0,0,341,193,183,0,0,0,0,0,0,0,0,0
P61247,P61247,,,,,,Nuc,,RPS3A,40S ribosomal protein S3a,2,0,0,0,1022,714,699,0,0,0,0,0,0,0,0,0
P22090,P22090,M,,,,,Nuc,,RPS4Y1,"40S ribosomal protein S4, Y isoform 1",0,0,3,0,0,0,0,68,71,26,102,92,140,79,62,108
P62081,P62081,M,,,,,Nuc,,RPS7,40S ribosomal protein S7,0,0,2,0,0,0,0,71,34,8,45,37,41,54,40,51
P62241,P62241,M,,,,,Nuc,,RPS8,40S ribosomal protein S8,0,0,3,0,0,0,0,116,44,18,69,73,138,53,79,165
Q9P2E9,Q9P2E9,M,,,,,,,RRBP1,Ribosome-binding protein 1,0,0,1,0,0,0,0,54,14,28,136,77,432,129,36,68
P60903,P60903,M,PM,,,,,,S100A10,Protein S100-A10,0,0,1,0,0,0,0,170,151,40,182,237,197,129,236,120
P31949,P31949,,,,,XC,Nuc,,S100A11,Protein S100-A11,0,0,1,0,0,0,0,91,27,54,124,204,241,135,74,110
P26447,P26447,,,,,XC,Nuc,,S100A4,Protein S100-A4,2,0,0,1,1593,556,2044,75,30,40,60,43,457,100,88,96
P06703,P06703,M,PM,,,,Nuc,,S100A6,Protein S100-A6,2,0,2,0,1082,550,797,155,194,39,196,230,170,206,201,212
Q8WTV0-2,Q8WTV0,M,PM,,CS,,,,SCARB1,Isoform 1 of Scavenger receptor class B member 1,3,0,0,1,1135,1001,1061,40,26,34,36,23,39,23,25,53
Q14108,Q14108,M,,,,,,,SCARB2,Lysosome membrane protein 2,4,0,2,0,2333,2788,2643,75,62,50,230,186,845,159,102,152
P18827,P18827,M,PM,,CS,,,,SDC1,Syndecan-1,0,0,0,1,0,0,0,66,78,107,71,65,112,77,67,151
Q9BRK5,Q9BRK5,M,,,,,,,SDF4,45 kDa calcium-binding protein,1,0,0,0,188,166,235,0,0,0,0,0,0,0,0,0
Q14242-2,Q14242,M,PM,,,,,,SELPLG,Isoform 2 of P-selectin glycoprotein ligand 1,2,3,4,2,4037,3234,4123,860,606,820,105,609,581,1220,2400,965
Q9H3S1,Q9H3S1,M,PM,,,XC,,,SEMA4A,Semaphorin-4A,4,5,3,0,4489,8680,6364,342,560,462,252,440,301,305,384,294
Q92854,Q92854,M,PM,,,XC,,,SEMA4D,Semaphorin-4D,1,3,0,0,1183,1316,1436,0,0,0,0,0,0,0,0,0
O75326,O75326,M,PM,,,,,,SEMA7A,Semaphorin-7A,5,0,0,0,774,651,780,0,0,0,0,0,0,0,0,0
P04279,P04279,,,,,XC,Nuc,,SEMG1,Semenogelin-1,0,1,0,0,81,73,56,0,0,0,0,0,0,0,0,0
Q9NRX5,Q9NRX5,M,PM,,,,,,SERINC1,Serine incorporator 1,3,2,4,0,1787,2007,1658,182,179,160,173,167,327,138,124,138
P01009,P01009,M,,,,XC,,,SERPINA1,Alpha-1-antitrypsin,1,1,1,1,666,318,356,241,179,150,430,364,356,379,261,304
P08185,P08185,,,,,XC,,,SERPINA6,Corticosteroid-binding globulin,0,2,0,0,620,247,319,0,0,0,0,0,0,0,0,0
P05543,P05543,,,,,XC,,,SERPINA7,Thyroxine-binding globulin,0,0,2,1,0,0,0,224,96,73,810,584,69,634,435,668
P08697,P08697,,,,CS,XC,,,SERPINF2,Alpha-2-antiplasmin,3,2,3,1,1214,433,457,296,115,110,714,497,210,513,395,639
P05155-3,P05155,,,,,XC,,,SERPING1,Isoform 3 of Plasma protease C1 inhibitor,1,1,2,3,868,410,369,165,103,67,655,414,167,445,250,403
P50454,P50454,M,,,,,,,SERPINH1,Serpin H1,9,0,1,0,1269,1199,1484,21,14,3,19,16,8,17,8,12
Q6IA17,Q6IA17,M,,,,,,,SIGIRR,Single Ig IL-1-related receptor,1,0,1,0,481,301,333,103,63,63,43,61,65,72,77,68
Q96LC7,Q96LC7,M,PM,,,XC,,,SIGLEC10,Sialic acid-binding Ig-like lectin 10,1,4,10,3,1128,1538,1099,378,486,358,366,1330,931,2465,6151,1498
Q08ET2,Q08ET2,M,PM,,,,,,SIGLEC14,Sialic acid-binding Ig-like lectin 14,0,2,0,0,1067,662,815,0,0,0,0,0,0,0,0,0
O15389,O15389,M,,,,,,ShG,SIGLEC5,Sialic acid-binding Ig-like lectin 5,5,5,6,0,2795,4328,3252,920,838,660,291,482,533,737,855,327
Q9Y286,Q9Y286,M,PM,,,,,,SIGLEC7,Sialic acid-binding Ig-like lectin 7,1,3,2,2,1199,1784,1709,245,347,323,84,190,250,132,191,126
Q9Y336,Q9Y336,M,PM,,,,,,SIGLEC9,Sialic acid-binding Ig-like lectin 9,8,10,17,5,7878,7740,8150,1693,1728,1924,445,847,1039,687,966,819
P78324-2,P78324,M,PM,,,,,,SIRPA,Isoform 2 of Tyrosine-protein phosphatase non-receptor type substrate 1,30,14,24,5,15062,19190,19444,3592,4788,4913,1063,1726,3070,871,955,1340
O00241,O00241,M,PM,,,,,,SIRPB1,Signal-regulatory protein beta-1,3,3,3,1,1584,1543,1637,206,203,226,124,122,180,142,123,145
Q5JXA9,Q5JXA9,M,,,,,,ShG,SIRPB2,Signal-regulatory protein beta-2,3,3,1,0,1349,2268,1575,18,26,22,24,24,26,20,16,15
P55011,P55011,M,PM,,,XC,,,SLC12A2,Solute carrier family 12 member 2,1,0,0,2,105,123,113,56,42,52,52,32,51,58,63,57
Q9UP95-7,Q9UP95,M,PM,,,,,,SLC12A4,Isoform 7 of Solute carrier family 12 member 4,2,1,0,0,579,527,654,0,0,0,0,0,0,0,0,0
Q9UHW9-2,Q9UHW9,M,PM,,,,,,SLC12A6,Isoform 2 of Solute carrier family 12 member 6,4,4,0,1,2798,3138,2827,28,36,32,30,18,28,28,21,40
Q9Y666,Q9Y666,M,PM,,,,,,SLC12A7,Solute carrier family 12 member 7,3,5,5,0,2543,3162,2155,188,220,146,211,194,196,164,233,188
P41440,P41440,M,PM,,,,,,SLC19A1,Folate transporter 1,2,2,0,0,416,543,306,0,0,0,0,0,0,0,0,0
P43007,P43007,M,PM,,CS,,,,SLC1A4,Neutral amino acid transporter A,3,1,1,2,533,546,489,148,142,123,120,91,107,117,254,140
Q15758,Q15758,M,PM,,,,,,SLC1A5,Neutral amino acid transporter B(0),6,2,1,11,2199,2059,1531,752,757,659,606,517,526,636,738,654
Q00325,Q00325,M,PM,,,,Nuc,,SLC25A3,"Phosphate carrier protein, mitochondrial",0,2,0,0,329,310,386,0,0,0,0,0,0,0,0,0
Q9H0C2,Q9H0C2,M,,,,,Nuc,,SLC25A31,ADP/ATP translocase 4,3,1,0,0,986,928,1296,0,0,0,0,0,0,0,0,0
P50443,P50443,M,PM,,,,,,SLC26A2,Sulfate transporter,0,1,0,0,117,111,110,0,0,0,0,0,0,0,0,0
Q9BXS9,Q9BXS9,M,PM,,,,,,SLC26A6,Solute carrier family 26 member 6,2,0,0,1,100,99,98,32,39,31,40,38,32,34,36,46
Q99808-2,Q99808,M,PM,,,,,,SLC29A1,Isoform 2 of Equilibrative nucleoside transporter 1,3,0,0,2,324,311,288,141,101,131,105,67,96,120,91,131
P11166,P11166,M,PM,,,,Nuc,,SLC2A1,"Solute carrier family 2, facilitated glucose transporter member 1",1,1,0,3,433,310,440,187,155,149,158,105,134,166,167,187
P11169,P11169,M,PM,,,,,,SLC2A3,"Solute carrier family 2, facilitated glucose transporter member 3",10,8,8,4,5651,10140,9299,1216,2352,2051,435,839,831,368,507,454
Q9NRM0,Q9NRM0,M,PM,,,,,,SLC2A9,"Solute carrier family 2, facilitated glucose transporter member 9",1,1,0,0,1470,1511,1066,0,0,0,0,0,0,0,0,0
Q9Y6M5,Q9Y6M5,M,PM,,,,,,SLC30A1,Zinc transporter 1,4,4,2,4,3863,5590,3732,861,1068,816,453,481,545,520,531,595
Q9H2H9,Q9H2H9,M,PM,,,,,,SLC38A1,Sodium-coupled neutral amino acid transporter 1,0,0,0,1,0,0,0,34,25,36,25,24,30,23,19,33
Q96QD8,Q96QD8,M,PM,,,,,,SLC38A2,Sodium-coupled neutral amino acid transporter 2,1,0,0,4,154,102,116,364,272,432,324,261,500,308,179,567
Q9ULF5,Q9ULF5,M,PM,,,,,,SLC39A10,Zinc transporter ZIP10,1,0,0,1,246,283,221,61,53,69,59,45,83,70,49,88
Q15043-3,Q15043,M,PM,,,,,,SLC39A14,Isoform 3 of Zinc transporter ZIP14,3,0,0,2,1572,2481,1833,71,56,89,64,41,61,45,49,82
P08195-3,P08195,M,PM,,CS,,Nuc,,SLC3A2,Isoform 3 of 4F2 cell-surface antigen heavy chain,0,0,0,1,0,0,0,18,26,24,7,25,18,26,24,6
P08195,P08195,M,PM,,CS,,Nuc,,SLC3A2,4F2 cell-surface antigen heavy chain,11,3,1,129,2591,2918,2551,11976,10974,12919,11522,7200,11034,10642,8464,15394
Q9NP59,Q9NP59,M,PM,,,,,,SLC40A1,Solute carrier family 40 member 1,0,3,1,0,2249,1980,2619,181,175,218,82,77,196,64,35,86
O75387-2,O75387,M,PM,,,,,,SLC43A1,Isoform 2 of Large neutral amino acids transporter small subunit 3,0,1,0,0,165,121,120,0,0,0,0,0,0,0,0,0
Q8N370-3,Q8N370,M,PM,,,,,,SLC43A2,Isoform 3 of Large neutral amino acids transporter small subunit 4,4,2,1,0,2868,2389,2887,141,38,150,47,57,106,71,39,81
Q8NBI5-2,Q8NBI5,M,,,,,,ShG,SLC43A3,Isoform 2 of Solute carrier family 43 member 3,1,1,2,4,1155,1823,1054,608,719,550,362,387,343,452,499,415
Q8WWI5,Q8WWI5,M,PM,,,,,,SLC44A1,Choline transporter-like protein 1,1,2,1,0,1753,1723,1268,131,196,146,81,66,72,52,29,64
Q8IWA5-3,Q8IWA5,M,PM,,,,,,SLC44A2,Isoform 3 of Choline transporter-like protein 2,6,3,4,7,3137,2727,3486,390,298,343,362,426,492,758,1256,616
Q9BY10,Q9BY10,M,PM,,CS,,,,SLC46A2,Thymic stromal cotransporter homolog,1,0,0,0,551,688,424,0,0,0,0,0,0,0,0,0
P04920,P04920,M,PM,,,,,,SLC4A2,Anion exchange protein 2,5,3,1,0,1946,1675,1924,48,49,56,24,27,24,25,28,39
Q9Y6M7-7,Q9Y6M7,M,PM,,,,,,SLC4A7,Isoform 7 of Sodium bicarbonate cotransporter 3,14,1,0,2,4180,4142,4260,43,52,52,33,34,53,46,43,57
Q9HAB3,Q9HAB3,M,PM,,,,,,SLC52A2,"Solute carrier family 52, riboflavin transporter, member 2",0,0,0,1,0,0,0,205,150,200,179,121,164,165,113,204
P31641,P31641,M,PM,,,,,,SLC6A6,Sodium- and chloride-dependent taurine transporter,1,1,1,0,433,596,583,22,28,28,239,80,255,66,29,171
P48067,P48067,M,PM,,,,,,SLC6A9,Sodium- and chloride-dependent glycine transporter 1,0,0,0,1,0,0,0,28,14,35,27,18,31,28,15,38
P30825,P30825,M,PM,,,,,,SLC7A1,High affinity cationic amino acid transporter 1,2,0,0,0,761,837,732,0,0,0,0,0,0,0,0,0
Q01650,Q01650,M,PM,,,,,,SLC7A5,Large neutral amino acids transporter small subunit 1,8,1,0,7,1240,1318,1159,3254,3377,3129,2315,2383,2469,3033,2141,3129
P32418,P32418,M,PM,,,,,,SLC8A1,Sodium/calcium exchanger 1,1,1,1,0,1255,1378,1244,187,190,179,119,174,161,159,191,163
P19634,P19634,M,PM,,CS,,,,SLC9A1,Sodium/hydrogen exchanger 1,2,1,0,0,683,807,675,0,0,0,0,0,0,0,0,0
Q92581-2,Q92581,M,PM,,,,,,SLC9A6,Isoform 2 of Sodium/hydrogen exchanger 6,1,0,0,0,542,750,533,0,0,0,0,0,0,0,0,0
Q9UIG8,Q9UIG8,M,PM,,,,,,SLCO3A1,Solute carrier organic anion transporter family member 3A1,0,1,0,0,186,284,150,0,0,0,0,0,0,0,0,0
Q13425,Q13425,M,,,,,,,SNTB2,Beta-2-syntrophin,0,1,1,0,234,85,113,128,63,39,344,162,257,217,96,200
Q99523,Q99523,M,PM,,CS,,,,SORT1,Sortilin,1,4,3,0,1167,1361,1207,171,182,170,165,167,338,180,165,136
O43291,O43291,M,,,,XC,,,SPINT2,Kunitz-type protease inhibitor 2,1,1,0,0,573,977,843,0,0,0,0,0,0,0,0,0
P16150,P16150,M,PM,,CS,XC,,,SPN,Leukosialin,10,12,16,6,12834,12914,12339,3238,3034,3265,587,1532,2687,4056,5038,2416
Q8IYB3,Q8IYB3,,,,,,Nuc,,SRRM1,Serine/arginine repetitive matrix protein 1,0,0,2,0,0,0,0,24,0,4,56,33,319,143,84,117
Q9Y5Y6,Q9Y5Y6,M,PM,,,XC,,,ST14,Suppressor of tumorigenicity 14 protein,2,2,1,0,1406,1484,1652,85,92,102,37,48,57,26,18,33
Q9NY15,Q9NY15,M,PM,,,,,,STAB1,Stabilin-1,8,10,7,0,6358,4393,3768,491,327,277,311,275,399,219,150,243
Q687X5,Q687X5,M,PM,,,,,,STEAP4,Metalloreductase STEAP4,1,1,1,1,387,949,883,33,28,32,30,21,33,31,22,28
O94804,O94804,M,PM,,,,,,STK10,Serine/threonine-protein kinase 10,0,1,0,0,70,45,139,0,0,0,0,0,0,0,0,0
P46977,P46977,M,,,,,,,STT3A,Dolichyl-diphosphooligosaccharide--protein glycosyltransferase subunit STT3A,1,0,0,0,171,225,233,0,0,0,0,0,0,0,0,0
O75558,O75558,M,,,,,,,STX11,Syntaxin-11,0,2,1,0,522,797,530,19,10,14,13,16,19,15,21,18
O00186,O00186,M,PM,,,,,,STXBP3,Syntaxin-binding protein 3,0,1,0,0,175,68,112,0,0,0,0,0,0,0,0,0
Q6UWL2-2,Q6UWL2,M,,,,,,ShG,SUSD1,Isoform 2 of Sushi domain-containing protein 1,0,3,0,0,742,499,577,0,0,0,0,0,0,0,0,0
Q9P273,Q9P273,M,,,,,,,TENM3,Teneurin-3,3,0,0,0,640,512,582,0,0,0,0,0,0,0,0,0
P02787,P02787,M,PM,,CS,XC,,,TF,Serotransferrin,11,16,19,13,28214,7435,5004,5148,1204,847,11496,7963,1641,7485,3403,7639
P02786,P02786,M,PM,,CS,XC,,,TFRC,Transferrin receptor protein 1,13,1,0,15,4540,4239,4546,2304,1766,2154,1832,1069,1765,1815,1276,2120
O43493,O43493,M,PM,,,,,,TGOLN2,Trans-Golgi network integral membrane protein 2,1,2,3,0,626,1203,939,158,456,263,190,352,991,247,247,245
P07204,P07204,M,PM,,CS,XC,,,THBD,Thrombomodulin,0,1,0,0,222,163,168,0,0,0,0,0,0,0,0,0
P07996,P07996,M,PM,,CS,XC,,,THBS1,Thrombospondin-1,1,1,1,0,1792,222,327,67,2,8,3,12,4,27,3,7
Q9Y2W1,Q9Y2W1,,,,,,Nuc,,THRAP3,Thyroid hormone receptor-associated protein 3,0,0,3,0,0,0,0,114,86,74,218,175,600,195,193,315
Q86XR7-2,Q86XR7,M,PM,,,,,,TICAM2,Isoform 2 of TIR domain-containing adapter molecule 2,3,0,0,0,652,595,662,0,0,0,0,0,0,0,0,0
P29401-2,P29401,,,,,,Nuc,,TKT,Isoform 2 of Transketolase,0,0,1,0,0,0,0,46,9,3,15,15,17,14,10,13
Q9Y490,Q9Y490,M,PM,,CS,XC,,,TLN1,Talin-1,3,2,6,0,4157,1163,2648,210,62,136,164,175,342,221,224,262
O60603,O60603,M,PM,,CS,,,,TLR2,Toll-like receptor 2,10,16,18,5,12160,19279,17904,3252,5408,5187,825,2350,1976,1443,2411,1416
O00206,O00206,M,PM,,CS,,,,TLR4,Toll-like receptor 4,0,3,0,0,729,1081,862,0,0,0,0,0,0,0,0,0
O60602,O60602,M,PM,,,,,,TLR5,Toll-like receptor 5,1,1,1,0,810,657,857,18,18,17,24,19,20,15,9,11
Q7Z403,Q7Z403,M,,,,,,,TMC6,Transmembrane channel-like protein 6,1,0,0,0,244,194,213,0,0,0,0,0,0,0,0,0
Q4V9L6,Q4V9L6,M,PM,,,,,,TMEM119,Transmembrane protein 119,3,0,0,0,675,665,751,0,0,0,0,0,0,0,0,0
Q9UHN6,Q9UHN6,M,,,,,,,TMEM2,Transmembrane protein 2,13,10,5,1,7078,9707,9093,570,763,790,687,621,1015,589,592,605
Q9H813-2,Q9H813,M,,,CS,,,,TMEM206,Isoform 2 of Transmembrane protein 206,0,1,3,0,461,415,422,93,80,78,143,93,151,73,59,89
Q9NV96,Q9NV96,M,PM,,,,,,TMEM30A,Cell cycle control protein 50A,1,3,0,3,1642,2224,1908,133,119,107,90,100,128,103,99,119
P63313,P63313,,,,,,,,TMSB10,Thymosin beta-10,0,0,1,0,0,0,0,44,116,30,98,169,78,110,165,92
O14798,O14798,M,PM,,,,,,TNFRSF10C,Tumor necrosis factor receptor superfamily member 10C,0,1,0,0,355,298,336,0,0,0,0,0,0,0,0,0
P20333,P20333,M,PM,,,XC,Nuc,,TNFRSF1B,Tumor necrosis factor receptor superfamily member 1B,1,0,0,0,46,60,61,0,0,0,0,0,0,0,0,0
Q13641,Q13641,M,PM,,CS,,,,TPBG,Trophoblast glycoprotein,5,0,0,0,1048,1159,1221,0,0,0,0,0,0,0,0,0
Q9ULQ1-3,Q9ULQ1,M,PM,,,,,,TPCN1,Isoform 3 of Two pore calcium channel protein 1,0,1,1,0,187,262,156,21,26,17,13,14,21,8,2,12
Q9NP99,Q9NP99,M,PM,,,XC,,,TREM1,Triggering receptor expressed on myeloid cells 1,0,3,1,0,1011,1907,1795,27,138,120,10,22,23,10,18,26
Q9Y5S1,Q9Y5S1,M,PM,,CS,,,,TRPV2,Transient receptor potential cation channel subfamily V member 2,2,0,1,0,1108,1141,943,59,48,49,77,57,213,59,41,107
Q8NG11,Q8NG11,M,PM,,CS,,,,TSPAN14,Tetraspanin-14,0,1,2,0,144,123,136,25,23,23,33,46,45,61,118,39
P68363,P68363,,,,,,,,TUBA1B,Tubulin alpha-1B chain,0,1,4,2,136,96,91,265,156,107,200,173,234,196,143,276
P68371,P68371,,,,,XC,Nuc,,TUBB4B,Tubulin beta-4B chain,2,0,0,0,906,664,675,0,0,0,0,0,0,0,0,0
P10599,P10599,,,,,,Nuc,,TXN,Thioredoxin,1,1,3,2,628,357,824,204,100,157,544,268,520,277,164,358
P0CG48,P0CG48,M,PM,,,XC,Nuc,,UBC,Polyubiquitin-C,12,6,20,4,6679,6985,7956,1492,1340,1454,2872,1887,2522,1868,2010,1586
Q8IZJ1,Q8IZJ1,M,PM,,,,,,UNC5B,Netrin receptor UNC5B,0,0,0,1,0,0,0,36,24,35,25,16,35,25,21,38
Q6EMK4,Q6EMK4,M,PM,,CS,XC,,,VASN,Vasorin,3,0,2,0,939,354,397,156,48,60,560,333,100,442,175,557
P13611,P13611,M,,,,XC,,,VCAN,Versican core protein,0,2,0,0,904,575,558,0,0,0,0,0,0,0,0,0
P55072,P55072,M,,,,,Nuc,,VCP,Transitional endoplasmic reticulum ATPase,1,0,0,0,509,204,331,0,0,0,0,0,0,0,0,0
P08670,P08670,M,PM,,,,,,VIM,Vimentin,10,3,46,4,4103,2401,3093,3419,1639,917,5177,3037,7426,3238,2360,4449
O95497,O95497,M,PM,,,,,,VNN1,Pantetheinase,2,2,1,0,2733,1873,1331,148,95,76,80,86,119,128,99,64
O95498,O95498,M,PM,,,,,,VNN2,Vascular non-inflammatory molecule 2,0,1,3,0,120,188,122,187,238,193,62,122,273,112,106,124
Q7Z739,Q7Z739,,,,,,,,YTHDF3,YTH domain-containing family protein 3,1,0,0,0,66,68,78,0,0,0,0,0,0,0,0,0
P62258,P62258,M,,,,,,,YWHAE,14-3-3 protein epsilon,2,0,3,0,846,430,535,318,159,63,275,222,301,218,200,262
P27348,P27348,M,,,,,,,YWHAQ,14-3-3 protein theta,1,0,0,0,73,47,62,0,0,0,0,0,0,0,0,0
P63104,P63104,M,,,,XC,Nuc,,YWHAZ,14-3-3 protein zeta/delta,1,0,0,0,249,106,170,0,0,0,0,0,0,0,0,0