pair,uniprot_1,uniprot_2,gene_1,gene_2,model_height_nm
HLA-A–KLRD1,P04439,Q13241,HLA-A,KLRD1,10.88
ICAM1–ITGB2,P05362,P05107,ICAM1,ITGB2,34.56
ICAM1–ITGAL,P05362,P20701,ICAM1,ITGAL,34.56
ICAM1–ITGAM,P05362,P11215,ICAM1,ITGAM,34.56
IGSF5–F11R,Q9NSI5,Q9Y624,IGSF5,F11R,14.17
F11R–F11R,Q9Y624,Q9Y624,F11R,F11R,13.67
JAM2–F11R,P57087,Q9Y624,JAM2,F11R,14.32
JAM3–F11R,Q9BX67,Q9Y624,JAM3,F11R,13.94
PLXNB1–SEMA4D,O43157,Q92854,PLXNB1,SEMA4D,20.71
PLXNB2–SEMA4D,O15031,Q92854,PLXNB2,SEMA4D,20.79
PLXNB3–SEMA4D,Q9ULL4,Q92854,PLXNB3,SEMA4D,20.54
CD47–SIRPA,Q08722,P78324,CD47,SIRPA,13.55
PDCD1–CD274,Q15116,Q9NZQ7,PDCD1,CD274,10.35
CLEC2D–KLRB1,Q9UHP7,Q12918,CLEC2D,KLRB1,7.08
COL13A1–ITGB1,Q5TAT6,P05556,COL13A1,ITGB1,21.92
ICAM2–ITGB2,P13598,P05107,ICAM2,ITGB2,25.39
ICAM2–ITGAL,P13598,P20701,ICAM2,ITGAL,25.39
ICAM2–ITGAM,P13598,P11215,ICAM2,ITGAM,25.39
HLA-E–KLRD1,P13747,Q13241,HLA-E,KLRD1,10.84
HLA-A–KIR3DL2,P04439,P43630,HLA-A,KIR3DL2,13.25
HLA-E–KIR3DL2,P13747,P43630,HLA-E,KIR3DL2,13.36
HLA-A–KLRC2,P04439,P26717,HLA-A,KLRC2,10.59
ICAM2–ICAM1,P13598,P05362,ICAM2,ICAM1,21.47
CD86–CD28,P42081,P10747,CD86,CD28,11.12
CDH8–CDH2,P55286,P19022,CDH8,CDH2,36.77
COL17A1–ITGA6,Q9UMD9,P23229,COL17A1,ITGA6,21.92
