Pfam,max_dim_mean,max_dim_std,max_dim_sem,max_dim_len,min_dim_mean,min_dim_std,min_dim_sem,min_dim_len,query_name_x,orientation,Clan_x,height,orientation_basis,n_structures,median_n_res,height_basis,stack_pitch,stack_runs,neighbour_pitch,pitch_n,pitch_structures,pitch_interior,inner_domains
PF00009,65.75530683994293,7.594899600014861,1.8987249000037152,16,35.36128121614456,2.291569405473163,0.5728923513682908,16,GTP_EFTU,,CL0023,,,16,174.0,,,,,,,,
PF00018,26.094460487365723,,,1,22.7939395904541,,,1,SH3_1,,CL0010,,,1,48.0,too few whole instances,,,,,,,
PF00025,53.976820945739746,10.970503676987457,7.757317543029784,2,35.19207048416138,0.9373290521428789,0.6627917289733886,2,Arf,,CL0023,,,2,186.5,too few whole instances,,,,,,,
PF00027,46.99793255329132,0.22129904448961193,0.055324761122402984,16,27.707831263542175,0.21582376581588295,0.053955941453970736,16,cNMP_binding,,CL0029,,,4,85.0,,,,,,,,
PF00520,76.40156892735324,5.543805568969633,0.47021945118982156,139,38.66335870207642,1.8811116846073637,0.1595538106375607,139,Ion_trans,,CL0030,,,37,246.0,,,,,,,,
PF00571,43.241296887397766,0.696560430648651,0.17414010766216276,16,21.68797469139099,0.6252121874623473,0.15630304686558683,16,CBS,,,,,4,61.0,,,,,,,,
PF00595,42.32248220443726,1.932404256834528,0.6110798811802107,10,26.105909061431884,2.2206529933124073,0.7022321351737867,10,PDZ,,CL0466,,,10,78.0,,,,,,,,
PF00641,21.797443389892575,,,1,17.877421379089355,,,1,Zn_ribbon_RanBP,,CL0167,,,1,26.0,too few whole instances,,,,,,,
PF00646,33.1187084197998,2.3300200823333617,1.0420166586074107,5,21.818174171447755,0.9478347461903759,0.42388458478358804,5,F-box,,CL0271,,,4,43.0,,,,,,,,
PF00685,55.93472480773926,4.221003718166781,0.8442007436333562,25,41.76426177978516,1.7687612865167002,0.35375225730334003,25,Sulfotransfer_1,,CL0023,,,18,246.0,,,,,,,,
PF00689,74.16303842717952,3.1297316527359254,0.9436495987839952,11,35.36498867381703,1.6213989541573048,0.4888701787649487,11,Cation_ATPase_C,,,,,11,204.0,,,,,,,,
PF00690,81.5775524486195,1.6242881717391764,0.4897413106428365,11,20.654719699512828,2.0476236111231363,0.6173817481789126,11,Cation_ATPase_N,,,,,11,69.0,,,,,,,,
PF01477,39.75866932339139,0.7826016526775837,0.26086721755919456,9,23.712880240546333,0.9959560913871432,0.3319853637957144,9,PLAT,,CL0321,,,9,112.0,,,,,,,,
PF01601,123.16165924072266,0.10039338603703665,0.04098542822349887,6,40.90697797139486,0.819120977576472,0.334404738778683,6,CoV_S2,,CL0595,,,2,438.0,,,,,,,,
PF01966,52.69266414642334,0.5698887807274476,0.40297222137451166,2,35.64817428588867,0.4977724883522152,0.35197830200195307,2,HD,,CL0237,,,1,148.5,too few whole instances,,,,,,,
PF02421,48.368367149716335,1.35485871549046,0.2956544104621749,21,39.16076946258545,1.4371558897821712,0.3136131262084958,21,FeoB_N,,CL0023,,,21,167.0,,,,,,,,
PF02460,60.904774241977265,2.224834503805564,0.5243985215529073,18,28.26731210284763,2.3746054117288127,0.5596998630919058,18,Patched,,CL0322,,,16,157.5,,,,,,,,
PF02540,74.65736198425293,0.9447934276015523,0.668069839477539,2,38.53154277801514,0.11462459225895594,0.08105182647705078,2,NAD_synthase,,CL0039,,,1,315.0,too few whole instances,,,,,,,
PF02758,30.045941829681396,0.25135638667363785,0.17773580551147727,2,28.77170467376709,0.6666849188915086,0.4714174270629891,2,PYRIN,,CL0041,,,1,77.0,too few whole instances,,,,,,,
PF03193,46.3685188293457,,,1,37.784080505371094,,,1,RsgA_GTPase,,CL0023,,,1,148.0,too few whole instances,,,,,,,
PF03351,42.657798767089844,0.4321420902006247,0.3055706024169904,2,29.664230346679688,0.8536645232756577,0.6036319732665988,2,DOMON,,CL0559,,,1,115.5,too few whole instances,,,,,,,
PF03489,31.852242088317873,0.7003960210543284,0.3132266228495704,5,19.536217880249023,0.5590047732466826,0.2499945345452876,5,SapB_2,,CL0707,,,3,34.0,,,,,,,,
PF03530,65.39014784495036,1.1898781344494378,0.34348823061361633,12,23.978596607844036,1.470987173548662,0.4246374203114034,12,SK_channel,,,,,3,116.0,,,,,,,,
PF04547,91.29045023236957,2.316133203655921,0.4377080328694916,28,60.22393138068063,2.523226197512881,0.47684493001301614,28,Anoctamin,,CL0416,,,14,539.5,,,,,,,,
PF04732,155.6290637425014,17.222095023648027,3.758169241504256,21,13.470722130366735,2.752987980836622,0.6007512290232123,21,Filament_head,,,,,1,96.0,,,,,,,,
PF05118,41.42785120010376,0.21461107463003512,0.10730553731501756,4,34.515955209732056,0.23901112658681642,0.11950556329340821,4,Asp_Arg_Hydrox,,CL0029,,,4,155.0,,,,,,,,
PF05922,51.056156158447266,,,1,25.723551750183105,,,1,Inhibitor_I9,,CL0570,,,1,76.0,too few whole instances,,,,,,,
PF06071,40.29733657836914,,,1,30.984929084777832,,,1,YchF-GTPase_C,,CL0072,,,1,84.0,too few whole instances,,,,,,,
PF06858,38.65428829193115,0.7571550495197317,0.1784631566416795,18,24.3080702357822,0.6648298454135191,0.15670189734236784,18,NOG1,,CL0023,,,18,58.0,,,,,,,,
PF07593,44.51614761352539,,,1,22.19032096862793,,,1,UnbV_ASPIC,,,,,1,83.0,too few whole instances,,,,,,,
PF07650,39.22073173522949,0.04866646021334721,0.034412384033203125,2,22.655368328094482,0.2593339421597761,0.18337678909301758,2,KH_2,,CL0007,,,2,75.0,too few whole instances,,,,,,,
PF07653,26.72854995727539,,,1,24.77784538269043,,,1,SH3_2,,CL0010,,,1,56.0,too few whole instances,,,,,,,
PF07889,149.38461303710938,,,1,16.686996459960938,,,1,DUF1664,,,,,1,100.0,too few whole instances,,,,,,,
PF07968,109.4779886518206,0.01970229459371423,0.007446767393185745,7,31.89855466570173,0.013376018579025973,0.005055659813183184,7,Leukocidin,,CL0636,,,1,253.0,,,,,,,,
PF08155,51.39655818939209,5.6088024489289845,1.2541663548172501,20,21.148923301696776,2.1057633416454404,0.47086299764463185,20,NOGCT,,,,,20,52.0,,,,,,,,
PF08614,240.68500773111978,5.374816713335919,3.1031518762893926,3,22.88992913564046,1.9399624505779063,1.1200378430589204,3,ATG16,,,,,1,161.0,,,,,,,,
PF08701,119.33335494995116,,,1,31.99178981781006,,,1,GN3L_Grn1,,,,,1,66.0,too few whole instances,,,,,,,
PF09286,60.583815256754555,0.34157958172047004,0.19721106345599315,3,31.46581522623698,1.9422480292305075,1.1213574225092537,3,Pro-kuma_activ,,CL0570,,,2,144.0,,,,,,,,
PF11839,106.97487182617188,0.4365309573912352,0.19522257900197323,5,14.481601428985595,1.3337217860209183,0.5964585153230404,5,Alanine_zipper,,CL0590,,,4,68.0,,,,,,,,
PF13191,47.07184028625488,,,1,35.22421646118164,,,1,AAA_16,,CL0023,,,1,149.0,too few whole instances,,,,,,,
PF13948,30.349453926086422,,,1,17.615742683410645,,,1,DUF4215,,,,,1,40.0,too few whole instances,,,,,,,
PF14604,26.427557945251465,,,1,22.65286636352539,,,1,SH3_9,,CL0010,,,1,51.0,too few whole instances,,,,,,,
PF15188,108.45550618852887,1.1238075596151413,0.3003502040533136,14,14.66996591431754,0.7682693222533757,0.20532861318865378,14,CCDC-167,,,,,4,72.0,,,,,,,,
PF15898,140.96525891621908,2.3379926405998055,0.47724074932098176,24,15.633019208908081,0.7517072592698174,0.1534416017630894,24,PRKG1_interact,,,,,4,93.0,,,,,,,,
PF16207,42.98703479766846,2.0299608116787002,1.435399055480957,2,26.144508838653564,2.799271620820294,1.9793839454650877,2,RAWUL,,CL0072,,,1,70.5,too few whole instances,,,,,,,
PF16331,115.45803499221802,0.8993455068800891,0.3179666532722819,8,14.420312285423279,1.4325430141346385,0.5064804398180095,8,TolA_bind_tri,,,,,2,77.0,,,,,,,,
PF16888,152.09261322021484,,,1,17.876126289367676,,,1,YwqH-like,,,,,1,100.0,too few whole instances,,,,,,,
PF17103,39.564398765563965,3.83936199926253,1.5674129726708472,6,22.519982020060223,0.46673192547162795,0.19054251067869926,6,Stealth_CR4,,,,,3,57.0,,,,,,,,
PF17557,37.06847063700358,0.36024017249747275,0.20798476056433313,3,15.777385711669922,1.2574394686141974,0.7259830156940669,3,Conotoxin_I2,,CL0083,,,2,33.0,,,,,,,,
PF17820,31.121030139923096,1.4254091614852709,0.4507539547964214,10,22.15695447921753,0.7777268480445367,0.24593882372844061,10,PDZ_6,,CL0466,,,10,52.0,,,,,,,,
PF17870,45.09597969055176,,,1,20.269646644592285,,,1,Insulin_TMD,,,,,1,40.0,too few whole instances,,,,,,,
PF17968,47.623491287231445,,,1,11.877613067626951,,,1,Tlr3_TMD,,,,,1,29.0,too few whole instances,,,,,,,
PF18048,27.286792278289795,0.016375230758240638,0.011579036712646484,2,14.792133569717407,0.4048973557988204,0.2863056659698482,2,TRAF6_Z2,,CL0361,,,1,27.0,too few whole instances,,,,,,,
PF18511,32.561384201049805,1.0897543098942855,0.7705726623535155,2,17.584131240844727,1.636491320972517,1.1571741104125977,2,F-box_5,,CL0271,,,1,35.0,too few whole instances,,,,,,,
PF20825,56.21256446838379,2.8587167762893735,1.2784570080404196,5,30.121255111694335,1.7817955457055308,0.7968431924407801,5,Saposin,,CL0707,,,3,117.0,,,,,,,,
PF21222,43.52512216567993,0.2034411762239781,0.10172058811198904,4,12.991405129432678,0.15429196624205874,0.07714598312102937,4,Lamp2_2nd,,,,,2,27.0,,,,,,,,
PF21355,48.01031666710263,1.5424896923688967,0.33659884637950555,21,32.58846541813442,0.8395789992193499,0.18321115789609244,21,TRAF-mep_MATH,,CL0389,,,9,138.0,,,,,,,,
PF21402,41.26695315043131,2.16523039519218,1.2500963515217651,3,18.349992434183758,2.5204491857712084,1.4551820158837803,3,NLRX1_C,,,,,1,62.0,,,,,,,,
PF21536,41.572574090957644,3.0873204938348744,0.6903458492542999,20,24.699430751800538,1.3189558348812265,0.2949274906114411,20,BTB_KLHL33,,CL0033,,,10,63.0,,,,,,,,
PF22586,29.96200452532087,2.420490378022975,0.9148593701533589,7,17.283628259386337,1.6094520874361748,0.6083157100614145,7,ANCHR-like_BBOX,,CL0782,,,4,36.0,,,,,,,,
PF23219,165.43393325805664,4.542499667059256,3.2120323181152344,2,18.711376667022705,0.3315783609544817,0.23446130752563474,2,LAMB1,,,,,1,126.5,too few whole instances,,,,,,,
PF23283,41.59970265626907,0.4367920990932895,0.07721466380939285,32,24.20578244328499,0.352276460707182,0.062274268554611184,32,D8C_UMOD,,,,,5,86.0,,,,,,,,
PF23317,89.34644660949706,7.055834002017707,0.9109042527806203,60,38.30025531450907,1.9014720928314282,0.24547899162714282,60,YVC1_C,,CL0030,,,15,266.0,,,,,,,,
PF23321,37.232960641384125,2.395597660025701,0.5988994150064253,16,23.930987775325775,1.2891974425896884,0.3222993606474221,16,R1_ABCA1,,CL0070,,,16,72.0,,,,,,,,
PF23328,40.487133502960205,3.2825650647979185,1.6412825323989593,4,25.558149576187134,1.8243928377301513,0.9121964188650756,4,Sha_B_N,,,,,2,64.5,,,,,,,,
PF23332,30.24671173095703,,,1,24.3297061920166,,,1,CC4_RECK,,,,,1,56.0,too few whole instances,,,,,,,
PF24319,112.0348129272461,1.2886928296623097,0.9112434387206996,2,7.553117990493774,0.25393442510334846,0.17955875396728516,2,DUF7491,,,,,1,77.0,too few whole instances,,,,,,,
PF24605,49.94711685180664,,,1,37.2877311706543,,,1,CEMIP_X,,,,,1,182.0,too few whole instances,,,,,,,
PF24922,162.62709350585936,3.4270092291164116,1.0837154726425686,10,20.130726528167724,1.188887885208403,0.37595935998393615,10,ACBP4_C,,,,,3,109.5,,,,,,,,
PF25101,144.65071868896484,,,1,16.517467498779297,,,1,Spectrin_7,,CL0743,,,1,95.0,too few whole instances,,,,,,,
PF25379,41.780879465738934,1.4144322009662287,0.36520482391211373,15,22.678755633036296,1.2180013474755274,0.3144865956287274,15,Adt-1,,CL0750,,,7,63.0,,,,,,,,
PF25508,63.52433368137905,1.729909899738704,0.32692224180409213,28,46.61755984170096,1.3058735430916897,0.24678690276567142,28,TRPM2,,,,,7,262.0,,,,,,,,
PF25600,140.7805461883545,3.9959717043496386,2.825578689575195,2,20.215179920196533,0.4919643154526259,0.34787130355834955,2,TRIM_CC,,,,,1,141.0,too few whole instances,,,,,,,
PF25969,40.90595094212946,1.3902088092131646,0.1909598660399557,53,23.901186205306143,0.6482870737827038,0.08904907805543756,53,NUDT9_N,,,,,14,87.0,,,,,,,,
PF26060,41.13350296020508,,,1,33.87371063232422,,,1,TGFBR3_N,,,,,1,156.0,too few whole instances,,,,,,,
PF26156,48.14942169189453,,,1,31.6787633895874,,,1,PARP4_MVP-ID,,,,,1,146.0,too few whole instances,,,,,,,
PF26659,42.39324760437012,0.72737235035456,0.36368617517728,4,29.940516233444214,0.06933905778180684,0.03466952889090342,4,PH_DUOX,,CL0266,,,2,103.0,,,,,,,,
PF26967,37.65979868570964,0.9077792917250043,0.23438760525886038,15,25.298534393310547,1.2036323188113247,0.3107765283808851,15,A6-like_Thioredoxin-like_C,,,,,15,92.0,,,,,,,,
PF27558,59.73633575439453,,,1,18.752702713012695,,,1,MTUS1_CCDC69_CC2,,,,,1,71.0,too few whole instances,,,,,,,
PF29310,183.3978182474772,27.06086084922292,6.378306070410361,18,10.91005551815033,1.7201733544159254,0.4054487479079705,18,ZK652,,,,,1,129.5,,,,,,,,
PF30891,45.11208852132162,0.17635213880455783,0.10181695481097772,3,26.288662910461426,0.47476024211995727,0.27410295358848924,3,SorCS_stalk,,,,,2,96.0,,,,,,,,
PF31035,134.5165557861328,1.4799869226348321,1.0465087890625,2,15.522372722625732,1.8257792239559156,1.29102087020874,2,DUF8776,,,,,2,91.0,too few whole instances,,,,,,,
PF31154,132.9459991455078,,,1,16.526012420654297,,,1,DUF8825,,,,,1,86.0,too few whole instances,,,,,,,
