A0A075B734	A0A075B734
A0A087WWR8	A0A087WWR8
A0A087WXQ6	A0A087WXQ6
A0A087WYG6	A0A087WYG6
A0A087WZS0	A0A087WZS0
A0A087X1C5	A0A087X1C5
A0A087X1S7	A0A087X1S7
A0A0J9YXG7	A0A0J9YXG7
A0A0K2S4Q6	A0A0K2S4Q6
A0A1B0GTQ4	A0A1B0GTQ4
A0A1B0GTW7	A0A1B0GTW7
A0A1B0GV85	A0A1B0GV85
A0A1W2PQ11	A0A1W2PQ11
A0A1W2PQ86	A0A1W2PQ86
A0A1X7SBX3	A0A1X7SBX3
A0A2R8Y4L6	A0A2R8Y4L6
A0A2R8Y6R9	A0A2R8Y6R9
A0A2R8Y7Y5	A0A2R8Y7Y5
A0A2R8YED5	A0A2R8YED5
A0A2R8YGB5	A0A2R8YGB5
A0A2U3TZL5	A0A2U3TZL5
A0A3B3IT45	A0A3B3IT45
A0A3B3IU48	A0A3B3IU48
A0A494C059	A0A494C059
A0A499FJN7	A0A499FJN7
A0A6I8PU40	A0A6I8PU40
A0A804HL20	A0A804HL20
A0A8I5KYY0	A0A8I5KYY0
A0A8Q3SI94	A0A8Q3SI94
A0A8Q3WKT6	A0A8Q3WKT6
A0A8Q3WLY9	A0A8Q3WLY9
A0A8V8TPP7	A0A8V8TPP7
A0A8V8TQ78	A0A8V8TQ78
A0AAG2TGX3	A0AAG2TGX3
A0AAQ5BI95	A0AAQ5BI95
A0AVI2	A0AVI2
A0PJK1	A0PJK1
A0ZSE6	A0ZSE6
A1A5B4	A1A5B4
A1KXE4	A1KXE4
A2A2V1	A2A2V1
A2A3D9	A2A3D9
A2RUT3	A2RUT3
A2VDJ0	A2VDJ0
A3KFT3	A3KFT3
A4D2G3	A4D2G3
A5X5Y0	A5X5Y0
A6BM72	A6BM72
A6H8M9	A6H8M9
A6NCV1	A6NCV1
A6ND01	A6ND01
A6NDD5	A6NDD5
A6NDH6	A6NDH6
A6NDL8	A6NDL8
A6NDV4	A6NDV4
A6NDX4	A6NDX4
A6NET4	A6NET4
A6NF34	A6NF34
A6NF89	A6NF89
A6NFA1	A6NFA1
A6NFU0	A6NFU0
A6NGU5	A6NGU5
A6NGY5	A6NGY5
A6NGZ8	A6NGZ8
A6NH00	A6NH00
A6NHA9	A6NHA9
A6NHG9	A6NHG9
A6NHS7	A6NHS7
A6NI73	A6NI73
A6NIJ9	A6NIJ9
A6NJW9	A6NJW9
A6NJZ3	A6NJZ3
A6NK97	A6NK97
A6NKK0	A6NKK0
A6NKX4	A6NKX4
A6NL08	A6NL08
A6NL26	A6NL26
A6NL88	A6NL88
A6NLE4	A6NLE4
A6NLU5	A6NLU5
A6NM03	A6NM03
A6NM11	A6NM11
A6NM45	A6NM45
A6NM76	A6NM76
A6NMB1	A6NMB1
A6NMD0	A6NMD0
A6NMS3	A6NMS3
A6NMS7	A6NMS7
A6NMU1	A6NMU1
A6NMZ5	A6NMZ5
A6NN92	A6NN92
A6NNB3	A6NNB3
A6NND4	A6NND4
A8K4G0	A8K4G0
A8MPY1	A8MPY1
A8MUP6	A8MUP6
A8MVS5	A8MVS5
A8MVW0	A8MVW0
A8MVZ5	A8MVZ5
A8MWY0	A8MWY0
A8MXK1	A8MXK1
B0FP48	B0FP48
B1AP13	B1AP13
B1AP15	B1AP15
B2RN74	B2RN74
B4DS77	B4DS77
B6A8C7	B6A8C7
B6SEH8	B6SEH8
B6SEH9	B6SEH9
B8ZZ34	B8ZZ34
B9EJG8	B9EJG8
C9IYE7	C9IYE7
C9JBF5	C9JBF5
C9JDP6	C9JDP6
C9JQL5	C9JQL5
C9JSD1	C9JSD1
C9JSI7	C9JSI7
C9K016	C9K016
D3W0D1	D3W0D1
D6RDV5	D6RDV5
D6RFL4	D6RFL4
E2RYF6	E2RYF6
E5RGI6	E5RGI6
E5RGJ8	E5RGJ8
E5RI33	E5RI33
E5RIL1	E5RIL1
E5RIQ1	E5RIQ1
E7ER42	E7ER42
E7ESB3	E7ESB3
E7EVL5	E7EVL5
E9PI80	E9PI80
E9PIM6	E9PIM6
E9PNQ8	E9PNQ8
E9PNW4	E9PNW4
F2Z333	F2Z333
F5GWR3	F5GWR3
F5H094	F5H094
F5H209	F5H209
G3V0H7	G3V0H7
G3V0Z9	G3V0Z9
H0Y8V6	H0Y8V6
H0YB07	H0YB07
H3BP43	H3BP43
H3BQJ8	H3BQJ8
H3BQS5	H3BQS5
H3BR90	H3BR90
H3BV60	H3BV60
H7C241	H7C241
I3L273	I3L273
I3L348	I3L348
J3QLL2	J3QLL2
J3QRJ3	J3QRJ3
M0R1I2	M0R1I2
O00144	O00144
O00155	O00155
O00180	O00180
O00206	O00206
O00220	O00220
O00222	O00222
O00238	O00238
O00241	O00241
O00254	O00254
O00322	O00322
O00337	O00337
O00341	O00341
O00398	O00398
O00421	O00421
O00451	O00451
O00478	O00478
O00481	O00481
O00501	O00501
O00533	O00533
O00548	O00548
O00555	O00555
O00574	O00574
O00590	O00590
O00591	O00591
O00592	O00592
O14493	O14493
O14494	O14494
O14495	O14495
O14511	O14511
O14514	O14514
O14520	O14520
O14522	O14522
O14525	O14525
O14581	O14581
O14638	O14638
O14668	O14668
O14669	O14669
O14672	O14672
O14763	O14763
O14764	O14764
O14786	O14786
O14788	O14788
O14798	O14798
O14804	O14804
O14817	O14817
O14836	O14836
O14842	O14842
O14894	O14894
O14917	O14917
O14931	O14931
O14944	O14944
O15031	O15031
O15146	O15146
O15197	O15197
O15218	O15218
O15244	O15244
O15245	O15245
O15303	O15303
O15354	O15354
O15389	O15389
O15393	O15393
O15394	O15394
O15399	O15399
O15431	O15431
O15438	O15438
O15547	O15547
O15551	O15551
O43155	O43155
O43157	O43157
O43184	O43184
O43193	O43193
O43194	O43194
O43280	O43280
O43291	O43291
O43300	O43300
O43306	O43306
O43315	O43315
O43424	O43424
O43490	O43490
O43493	O43493
O43497	O43497
O43506	O43506
O43508	O43508
O43511	O43511
O43556	O43556
O43557	O43557
O43570	O43570
O43613	O43613
O43614	O43614
O43653	O43653
O43657	O43657
O43699	O43699
O43749	O43749
O43869	O43869
O43895	O43895
O43908	O43908
O43921	O43921
O60235	O60235
O60241	O60241
O60242	O60242
O60245	O60245
O60279	O60279
O60309	O60309
O60330	O60330
O60337	O60337
O60353	O60353
O60391	O60391
O60403	O60403
O60404	O60404
O60412	O60412
O60431	O60431
O60449	O60449
O60462	O60462
O60469	O60469
O60486	O60486
O60487	O60487
O60500	O60500
O60503	O60503
O60602	O60602
O60603	O60603
O60609	O60609
O60635	O60635
O60636	O60636
O60637	O60637
O60667	O60667
O60706	O60706
O60721	O60721
O60840	O60840
O60883	O60883
O60894	O60894
O60895	O60895
O60896	O60896
O60939	O60939
O71037	O71037
O75015	O75015
O75019	O75019
O75022	O75022
O75023	O75023
O75051	O75051
O75054	O75054
O75056	O75056
O75074	O75074
O75077	O75077
O75078	O75078
O75084	O75084
O75096	O75096
O75106	O75106
O75121	O75121
O75144	O75144
O75185	O75185
O75197	O75197
O75309	O75309
O75311	O75311
O75325	O75325
O75326	O75326
O75355	O75355
O75388	O75388
O75443	O75443
O75473	O75473
O75487	O75487
O75508	O75508
O75509	O75509
O75578	O75578
O75581	O75581
O75712	O75712
O75787	O75787
O75841	O75841
O75871	O75871
O75882	O75882
O75899	O75899
O75954	O75954
O75976	O75976
O76000	O76000
O76001	O76001
O76002	O76002
O76036	O76036
O76082	O76082
O76095	O76095
O76099	O76099
O76100	O76100
O94759	O94759
O94769	O94769
O94772	O94772
O94779	O94779
O94856	O94856
O94886	O94886
O94898	O94898
O94910	O94910
O94933	O94933
O94956	O94956
O94985	O94985
O94991	O94991
O95006	O95006
O95007	O95007
O95013	O95013
O95047	O95047
O95136	O95136
O95150	O95150
O95180	O95180
O95185	O95185
O95196	O95196
O95206	O95206
O95221	O95221
O95222	O95222
O95255	O95255
O95256	O95256
O95259	O95259
O95264	O95264
O95274	O95274
O95297	O95297
O95342	O95342
O95371	O95371
O95377	O95377
O95436	O95436
O95452	O95452
O95471	O95471
O95477	O95477
O95484	O95484
O95490	O95490
O95497	O95497
O95498	O95498
O95500	O95500
O95502	O95502
O95528	O95528
O95622	O95622
O95665	O95665
O95727	O95727
O95754	O95754
O95800	O95800
O95832	O95832
O95838	O95838
O95857	O95857
O95858	O95858
O95859	O95859
O95866	O95866
O95867	O95867
O95868	O95868
O95918	O95918
O95944	O95944
O95971	O95971
O95976	O95976
O95977	O95977
O95980	O95980
O96005	O96005
P00533	P00533
P01130	P01130
P01133	P01133
P01135	P01135
P01375	P01375
P01589	P01589
P01730	P01730
P01732	P01732
P01833	P01833
P01854	P01854
P01857	P01857
P01859	P01859
P01860	P01860
P01861	P01861
P01871	P01871
P01876	P01876
P01877	P01877
P01880	P01880
P01889	P01889
P01893	P01893
P01903	P01903
P01906	P01906
P01909	P01909
P01911	P01911
P01920	P01920
P02708	P02708
P02724	P02724
P02730	P02730
P02786	P02786
P04000	P04000
P04001	P04001
P04156	P04156
P04201	P04201
P04216	P04216
P04233	P04233
P04234	P04234
P04439	P04439
P04440	P04440
P04626	P04626
P04629	P04629
P04839	P04839
P04920	P04920
P04921	P04921
P05023	P05023
P05026	P05026
P05067	P05067
P05106	P05106
P05107	P05107
P05186	P05186
P05187	P05187
P05362	P05362
P05538	P05538
P05556	P05556
P05981	P05981
P06028	P06028
P06126	P06126
P06127	P06127
P06213	P06213
P06340	P06340
P06729	P06729
P06731	P06731
P06734	P06734
P06756	P06756
P07202	P07202
P07204	P07204
P07306	P07306
P07307	P07307
P07333	P07333
P07359	P07359
P07510	P07510
P07766	P07766
P07911	P07911
P07949	P07949
P08034	P08034
P08069	P08069
P08100	P08100
P08138	P08138
P08173	P08173
P08174	P08174
P08183	P08183
P08195	P08195
P08294	P08294
P08473	P08473
P08514	P08514
P08571	P08571
P08575	P08575
P08581	P08581
P08582	P08582
P08588	P08588
P08637	P08637
P08648	P08648
P08887	P08887
P08908	P08908
P08910	P08910
P08913	P08913
P08922	P08922
P08962	P08962
P09326	P09326
P09564	P09564
P09619	P09619
P09693	P09693
P09758	P09758
P09848	P09848
P09923	P09923
P0C604	P0C604
P0C617	P0C617
P0C623	P0C623
P0C628	P0C628
P0C629	P0C629
P0C645	P0C645
P0C6S8	P0C6S8
P0C7N1	P0C7N1
P0C7N5	P0C7N5
P0C7N8	P0C7N8
P0C7T2	P0C7T2
P0C7T3	P0C7T3
P0C7U0	P0C7U0
P0C7V7	P0C7V7
P0CG37	P0CG37
P0DKB5	P0DKB5
P0DMU2	P0DMU2
P0DN77	P0DN77
P0DN78	P0DN78
P0DN80	P0DN80
P0DN82	P0DN82
P0DP58	P0DP58
P0DPA2	P0DPA2
P0DPE3	P0DPE3
P0DQD5	P0DQD5
P0DSN6	P0DSN6
P0DTE0	P0DTE0
P0DTF9	P0DTF9
P0DTL4	P0DTL4
P10321	P10321
P10586	P10586
P10646	P10646
P10696	P10696
P10721	P10721
P10747	P10747
P10912	P10912
P10966	P10966
P11049	P11049
P11166	P11166
P11168	P11168
P11169	P11169
P11215	P11215
P11230	P11230
P11362	P11362
P11836	P11836
P11912	P11912
P12314	P12314
P12318	P12318
P12319	P12319
P12821	P12821
P12830	P12830
P13224	P13224
P13385	P13385
P13569	P13569
P13591	P13591
P13598	P13598
P13612	P13612
P13637	P13637
P13688	P13688
P13726	P13726
P13747	P13747
P13762	P13762
P13765	P13765
P13866	P13866
P13945	P13945
P13987	P13987
P14151	P14151
P14207	P14207
P14209	P14209
P14384	P14384
P14415	P14415
P14416	P14416
P14616	P14616
P14672	P14672
P14770	P14770
P14778	P14778
P14784	P14784
P14867	P14867
P15144	P15144
P15151	P15151
P15260	P15260
P15328	P15328
P15391	P15391
P15421	P15421
P15509	P15509
P15529	P15529
P15813	P15813
P15941	P15941
P16066	P16066
P16070	P16070
P16109	P16109
P16144	P16144
P16150	P16150
P16234	P16234
P16284	P16284
P16389	P16389
P16410	P16410
P16422	P16422
P16444	P16444
P16471	P16471
P16473	P16473
P16581	P16581
P16671	P16671
P16871	P16871
P17181	P17181
P17301	P17301
P17302	P17302
P17342	P17342
P17658	P17658
P17693	P17693
P17787	P17787
P17813	P17813
P17927	P17927
P17948	P17948
P18084	P18084
P18433	P18433
P18505	P18505
P18507	P18507
P18564	P18564
P18627	P18627
P18825	P18825
P18827	P18827
P19022	P19022
P19075	P19075
P19235	P19235
P19256	P19256
P19320	P19320
P19397	P19397
P19438	P19438
P19440	P19440
P19634	P19634
P20020	P20020
P20023	P20023
P20036	P20036
P20138	P20138
P20273	P20273
P20309	P20309
P20333	P20333
P20594	P20594
P20701	P20701
P20702	P20702
P20827	P20827
P20916	P20916
P21439	P21439
P21452	P21452
P21453	P21453
P21462	P21462
P21554	P21554
P21583	P21583
P21589	P21589
P21709	P21709
P21730	P21730
P21754	P21754
P21757	P21757
P21802	P21802
P21854	P21854
P21860	P21860
P21918	P21918
P21926	P21926
P21964	P21964
P22001	P22001
P22223	P22223
P22303	P22303
P22413	P22413
P22455	P22455
P22459	P22459
P22460	P22460
P22607	P22607
P22748	P22748
P22794	P22794
P22888	P22888
P22897	P22897
P23229	P23229
P23276	P23276
P23415	P23415
P23416	P23416
P23467	P23467
P23468	P23468
P23470	P23470
P23471	P23471
P23510	P23510
P23515	P23515
P23634	P23634
P23945	P23945
P23975	P23975
P24046	P24046
P24071	P24071
P24394	P24394
P24530	P24530
P25024	P25024
P25025	P25025
P25063	P25063
P25089	P25089
P25092	P25092
P25100	P25100
P25101	P25101
P25103	P25103
P25106	P25106
P25116	P25116
P25189	P25189
P25445	P25445
P25929	P25929
P25942	P25942
P26006	P26006
P26010	P26010
P26012	P26012
P26715	P26715
P26717	P26717
P26718	P26718
P26842	P26842
P26951	P26951
P26992	P26992
P27037	P27037
P27487	P27487
P27701	P27701
P27930	P27930
P28221	P28221
P28222	P28222
P28223	P28223
P28336	P28336
P28472	P28472
P28476	P28476
P28827	P28827
P28906	P28906
P28907	P28907
P28908	P28908
P29016	P29016
P29017	P29017
P29033	P29033
P29275	P29275
P29317	P29317
P29320	P29320
P29322	P29322
P29323	P29323
P29371	P29371
P29376	P29376
P29965	P29965
P30203	P30203
P30408	P30408
P30411	P30411
P30511	P30511
P30518	P30518
P30530	P30530
P30531	P30531
P30532	P30532
P30550	P30550
P30559	P30559
P30825	P30825
P30872	P30872
P30874	P30874
P30926	P30926
P30953	P30953
P30954	P30954
P30968	P30968
P30988	P30988
P30989	P30989
P31391	P31391
P31431	P31431
P31639	P31639
P31641	P31641
P31644	P31644
P31645	P31645
P31785	P31785
P31994	P31994
P31995	P31995
P31997	P31997
P32004	P32004
P32238	P32238
P32239	P32239
P32241	P32241
P32245	P32245
P32246	P32246
P32247	P32247
P32248	P32248
P32249	P32249
P32297	P32297
P32302	P32302
P32418	P32418
P32745	P32745
P32926	P32926
P32927	P32927
P32942	P32942
P32970	P32970
P32971	P32971
P33032	P33032
P33151	P33151
P33527	P33527
P33681	P33681
P34741	P34741
P34810	P34810
P34903	P34903
P34910	P34910
P34925	P34925
P34969	P34969
P34972	P34972
P34982	P34982
P34995	P34995
P34998	P34998
P35052	P35052
P35070	P35070
P35212	P35212
P35346	P35346
P35368	P35368
P35372	P35372
P35410	P35410
P35414	P35414
P35462	P35462
P35498	P35498
P35499	P35499
P35523	P35523
P35590	P35590
P35613	P35613
P35916	P35916
P35968	P35968
P36269	P36269
P36382	P36382
P36544	P36544
P36888	P36888
P36894	P36894
P36896	P36896
P36897	P36897
P36941	P36941
P37023	P37023
P37088	P37088
P37173	P37173
P37288	P37288
P38484	P38484
P38567	P38567
P38570	P38570
P39086	P39086
P40189	P40189
P40197	P40197
P40198	P40198
P40199	P40199
P40200	P40200
P40238	P40238
P40259	P40259
P40879	P40879
P41143	P41143
P41145	P41145
P41146	P41146
P41180	P41180
P41217	P41217
P41231	P41231
P41273	P41273
P41586	P41586
P41587	P41587
P41594	P41594
P41595	P41595
P41597	P41597
P41732	P41732
P41968	P41968
P42081	P42081
P42261	P42261
P42262	P42262
P42263	P42263
P42658	P42658
P42701	P42701
P42702	P42702
P42892	P42892
P43003	P43003
P43004	P43004
P43005	P43005
P43007	P43007
P43088	P43088
P43115	P43115
P43121	P43121
P43146	P43146
P43220	P43220
P43489	P43489
P43626	P43626
P43627	P43627
P43628	P43628
P43629	P43629
P43630	P43630
P43631	P43631
P43632	P43632
P43681	P43681
P45844	P45844
P46059	P46059
P46089	P46089
P46091	P46091
P46092	P46092
P46094	P46094
P46095	P46095
P46098	P46098
P46531	P46531
P46663	P46663
P46695	P46695
P46721	P46721
P47211	P47211
P47775	P47775
P47869	P47869
P47870	P47870
P47871	P47871
P47872	P47872
P47881	P47881
P47883	P47883
P47884	P47884
P47887	P47887
P47888	P47888
P47890	P47890
P47893	P47893
P47898	P47898
P47900	P47900
P47901	P47901
P48023	P48023
P48029	P48029
P48050	P48050
P48058	P48058
P48065	P48065
P48066	P48066
P48067	P48067
P48145	P48145
P48146	P48146
P48167	P48167
P48169	P48169
P48230	P48230
P48357	P48357
P48509	P48509
P48546	P48546
P48551	P48551
P48960	P48960
P48995	P48995
P49019	P49019
P49146	P49146
P49190	P49190
P49238	P49238
P49279	P49279
P49281	P49281
P49286	P49286
P49682	P49682
P49683	P49683
P49685	P49685
P49771	P49771
P49961	P49961
P50052	P50052
P50281	P50281
P50391	P50391
P50591	P50591
P50895	P50895
P50993	P50993
P51164	P51164
P51168	P51168
P51170	P51170
P51172	P51172
P51511	P51511
P51512	P51512
P51575	P51575
P51582	P51582
P51654	P51654
P51674	P51674
P51677	P51677
P51679	P51679
P51681	P51681
P51684	P51684
P51685	P51685
P51686	P51686
P51693	P51693
P51805	P51805
P51811	P51811
P51841	P51841
P52569	P52569
P52797	P52797
P52798	P52798
P52799	P52799
P52803	P52803
P52961	P52961
P53708	P53708
P53794	P53794
P53801	P53801
P54289	P54289
P54709	P54709
P54753	P54753
P54756	P54756
P54760	P54760
P54762	P54762
P54764	P54764
P54826	P54826
P54851	P54851
P55011	P55011
P55017	P55017
P55082	P55082
P55085	P55085
P55259	P55259
P55283	P55283
P55285	P55285
P55286	P55286
P55287	P55287
P55289	P55289
P55290	P55290
P55291	P55291
P55344	P55344
P55808	P55808
P55899	P55899
P56159	P56159
P56199	P56199
P56373	P56373
P56746	P56746
P56747	P56747
P56748	P56748
P56749	P56749
P56750	P56750
P56817	P56817
P56856	P56856
P56880	P56880
P56937	P56937
P56975	P56975
P57087	P57087
P57103	P57103
P57727	P57727
P57738	P57738
P57739	P57739
P57773	P57773
P58170	P58170
P58173	P58173
P58180	P58180
P58181	P58181
P58182	P58182
P58335	P58335
P58400	P58400
P58401	P58401
P58658	P58658
P59536	P59536
P59537	P59537
P59538	P59538
P59539	P59539
P59540	P59540
P59541	P59541
P59542	P59542
P59543	P59543
P59544	P59544
P59551	P59551
P59901	P59901
P59922	P59922
P60033	P60033
P60201	P60201
P60507	P60507
P60508	P60508
P60852	P60852
P61073	P61073
P61550	P61550
P61565	P61565
P62079	P62079
P69849	P69849
P78310	P78310
P78324	P78324
P78325	P78325
P78334	P78334
P78348	P78348
P78357	P78357
P78363	P78363
P78369	P78369
P78380	P78380
P78410	P78410
P78423	P78423
P78504	P78504
P78536	P78536
P78552	P78552
P78562	P78562
P79483	P79483
P80370	P80370
P82279	P82279
P98073	P98073
P98153	P98153
P98155	P98155
P98172	P98172
P98196	P98196
Q00975	Q00975
Q01113	Q01113
Q01118	Q01118
Q01151	Q01151
Q01344	Q01344
Q01453	Q01453
Q01638	Q01638
Q01668	Q01668
Q01726	Q01726
Q01814	Q01814
Q01959	Q01959
Q01973	Q01973
Q01974	Q01974
Q02223	Q02223
Q02246	Q02246
Q02297	Q02297
Q02413	Q02413
Q02487	Q02487
Q02643	Q02643
Q02763	Q02763
Q02846	Q02846
Q03167	Q03167
Q03405	Q03405
Q03431	Q03431
Q04609	Q04609
Q04656	Q04656
Q04671	Q04671
Q04721	Q04721
Q04771	Q04771
Q04844	Q04844
Q04900	Q04900
Q04912	Q04912
Q05586	Q05586
Q05901	Q05901
Q05996	Q05996
Q06418	Q06418
Q06432	Q06432
Q06481	Q06481
Q06495	Q06495
Q06643	Q06643
Q07001	Q07001
Q07011	Q07011
Q07065	Q07065
Q07075	Q07075
Q07108	Q07108
Q07444	Q07444
Q07699	Q07699
Q07837	Q07837
Q08174	Q08174
Q08334	Q08334
Q08345	Q08345
Q08554	Q08554
Q08708	Q08708
Q08722	Q08722
Q08ET2	Q08ET2
Q09428	Q09428
Q09470	Q09470
Q0D2K0	Q0D2K0
Q0VAQ4	Q0VAQ4
Q10588	Q10588
Q10589	Q10589
Q12791	Q12791
Q12809	Q12809
Q12836	Q12836
Q12860	Q12860
Q12864	Q12864
Q12866	Q12866
Q12879	Q12879
Q12884	Q12884
Q12891	Q12891
Q12908	Q12908
Q12913	Q12913
Q12918	Q12918
Q12999	Q12999
Q13002	Q13002
Q13003	Q13003
Q13018	Q13018
Q13145	Q13145
Q13183	Q13183
Q13224	Q13224
Q13241	Q13241
Q13255	Q13255
Q13261	Q13261
Q13291	Q13291
Q13304	Q13304
Q13308	Q13308
Q13324	Q13324
Q13326	Q13326
Q13332	Q13332
Q13349	Q13349
Q13410	Q13410
Q13421	Q13421
Q13433	Q13433
Q13443	Q13443
Q13444	Q13444
Q13445	Q13445
Q13449	Q13449
Q13467	Q13467
Q13477	Q13477
Q13478	Q13478
Q13507	Q13507
Q13508	Q13508
Q13530	Q13530
Q13563	Q13563
Q13586	Q13586
Q13591	Q13591
Q13606	Q13606
Q13607	Q13607
Q13621	Q13621
Q13634	Q13634
Q13635	Q13635
Q13639	Q13639
Q13641	Q13641
Q13651	Q13651
Q13683	Q13683
Q13698	Q13698
Q13705	Q13705
Q13733	Q13733
Q13740	Q13740
Q13797	Q13797
Q13873	Q13873
Q13936	Q13936
Q14002	Q14002
Q14114	Q14114
Q14118	Q14118
Q14126	Q14126
Q14162	Q14162
Q14210	Q14210
Q14242	Q14242
Q14246	Q14246
Q14330	Q14330
Q14332	Q14332
Q14392	Q14392
Q14416	Q14416
Q14439	Q14439
Q14524	Q14524
Q14573	Q14573
Q14574	Q14574
Q14626	Q14626
Q14627	Q14627
Q14714	Q14714
Q14773	Q14773
Q14831	Q14831
Q14832	Q14832
Q14833	Q14833
Q14943	Q14943
Q14952	Q14952
Q14953	Q14953
Q14954	Q14954
Q14956	Q14956
Q14957	Q14957
Q14982	Q14982
Q14C87	Q14C87
Q14CX5	Q14CX5
Q14CZ8	Q14CZ8
Q14DG7	Q14DG7
Q15035	Q15035
Q15043	Q15043
Q15109	Q15109
Q15116	Q15116
Q15155	Q15155
Q15223	Q15223
Q15256	Q15256
Q15262	Q15262
Q15303	Q15303
Q15375	Q15375
Q15399	Q15399
Q15612	Q15612
Q15615	Q15615
Q15617	Q15617
Q15619	Q15619
Q15620	Q15620
Q15622	Q15622
Q15758	Q15758
Q15760	Q15760
Q15761	Q15761
Q15762	Q15762
Q15768	Q15768
Q15822	Q15822
Q15825	Q15825
Q15842	Q15842
Q15858	Q15858
Q15878	Q15878
Q16099	Q16099
Q16288	Q16288
Q16348	Q16348
Q16445	Q16445
Q16478	Q16478
Q16515	Q16515
Q16549	Q16549
Q16553	Q16553
Q16558	Q16558
Q16570	Q16570
Q16581	Q16581
Q16585	Q16585
Q16586	Q16586
Q16602	Q16602
Q16610	Q16610
Q16620	Q16620
Q16625	Q16625
Q16653	Q16653
Q16671	Q16671
Q16720	Q16720
Q16790	Q16790
Q16819	Q16819
Q16820	Q16820
Q16827	Q16827
Q16832	Q16832
Q16853	Q16853
Q17R55	Q17R55
Q17RY6	Q17RY6
Q19T08	Q19T08
Q1EHB4	Q1EHB4
Q1HG43	Q1HG43
Q1HG44	Q1HG44
Q24JP5	Q24JP5
Q29980	Q29980
Q29983	Q29983
Q2HXU8	Q2HXU8
Q2I0M4	Q2I0M4
Q2M3M2	Q2M3M2
Q2M3T9	Q2M3T9
Q2TBF2	Q2TBF2
Q2VWP7	Q2VWP7
Q2Y0W8	Q2Y0W8
Q30154	Q30154
Q30201	Q30201
Q32M45	Q32M45
Q3KNT9	Q3KNT9
Q3KPI0	Q3KPI0
Q3MIW9	Q3MIW9
Q3SXP7	Q3SXP7
Q3SY77	Q3SY77
Q3ZCQ3	Q3ZCQ3
Q401N2	Q401N2
Q495A1	Q495A1
Q495M3	Q495M3
Q495N2	Q495N2
Q496F6	Q496F6
Q496H8	Q496H8
Q496J9	Q496J9
Q49SQ1	Q49SQ1
Q4G0T1	Q4G0T1
Q4KMG0	Q4KMG0
Q4KMQ2	Q4KMQ2
Q4KMZ8	Q4KMZ8
Q4U2R8	Q4U2R8
Q4V9L6	Q4V9L6
Q504Y0	Q504Y0
Q504Y2	Q504Y2
Q53EL9	Q53EL9
Q53GD3	Q53GD3
Q53RT3	Q53RT3
Q58DX5	Q58DX5
Q58EX2	Q58EX2
Q5BIV9	Q5BIV9
Q5BKT4	Q5BKT4
Q5DID0	Q5DID0
Q5DX21	Q5DX21
Q5FWE3	Q5FWE3
Q5H943	Q5H943
Q5HYA8	Q5HYA8
Q5I7T1	Q5I7T1
Q5JQS5	Q5JQS5
Q5JRS4	Q5JRS4
Q5JW98	Q5JW98
Q5JX69	Q5JX69
Q5JX71	Q5JX71
Q5JXA9	Q5JXA9
Q5JZY3	Q5JZY3
Q5KU26	Q5KU26
Q5MY95	Q5MY95
Q5NUL3	Q5NUL3
Q5PT55	Q5PT55
Q5QGZ9	Q5QGZ9
Q5R3F8	Q5R3F8
Q5R3K3	Q5R3K3
Q5SQ64	Q5SQ64
Q5SR56	Q5SR56
Q5SSG8	Q5SSG8
Q5SY80	Q5SY80
Q5SZI1	Q5SZI1
Q5T197	Q5T197
Q5T1A1	Q5T1A1
Q5T2D2	Q5T2D2
Q5T3F8	Q5T3F8
Q5T442	Q5T442
Q5T4D3	Q5T4D3
Q5T4T1	Q5T4T1
Q5T601	Q5T601
Q5T6X5	Q5T6X5
Q5T848	Q5T848
Q5T8H6	Q5T8H6
Q5TAT6	Q5TAT6
Q5TEA6	Q5TEA6
Q5TFQ8	Q5TFQ8
Q5TZ20	Q5TZ20
Q5VTT2	Q5VTT2
Q5VU97	Q5VU97
Q5VUB5	Q5VUB5
Q5VV43	Q5VV43
Q5VV63	Q5VV63
Q5VW38	Q5VW38
Q5VWK5	Q5VWK5
Q5VX71	Q5VX71
Q5VXM1	Q5VXM1
Q5VY43	Q5VY43
Q5VY80	Q5VY80
Q5VZ72	Q5VZ72
Q5VZR4	Q5VZR4
Q5XG99	Q5XG99
Q5XXA6	Q5XXA6
Q5ZPR3	Q5ZPR3
Q63ZE4	Q63ZE4
Q658N2	Q658N2
Q68D85	Q68D85
Q68DH5	Q68DH5
Q68DV7	Q68DV7
Q69384	Q69384
Q695T7	Q695T7
Q6AI14	Q6AI14
Q6AZY7	Q6AZY7
Q6DN72	Q6DN72
Q6EIG7	Q6EIG7
Q6EMK4	Q6EMK4
Q6GPH6	Q6GPH6
Q6GTX8	Q6GTX8
Q6GV28	Q6GV28
Q6H3X3	Q6H3X3
Q6IA17	Q6IA17
Q6IEE7	Q6IEE7
Q6IEU7	Q6IEU7
Q6IEV9	Q6IEV9
Q6IEY1	Q6IEY1
Q6IEZ7	Q6IEZ7
Q6IF00	Q6IF00
Q6IF36	Q6IF36
Q6IF42	Q6IF42
Q6IF63	Q6IF63
Q6IF82	Q6IF82
Q6IF99	Q6IF99
Q6IFG1	Q6IFG1
Q6IFH4	Q6IFH4
Q6IFN5	Q6IFN5
Q6ISU1	Q6ISU1
Q6IWH7	Q6IWH7
Q6MZM0	Q6MZM0
Q6NSJ5	Q6NSJ5
Q6NUJ2	Q6NUJ2
Q6NUS6	Q6NUS6
Q6NUS8	Q6NUS8
Q6NVV3	Q6NVV3
Q6NW40	Q6NW40
Q6P1J6	Q6P1J6
Q6P4Q7	Q6P4Q7
Q6P531	Q6P531
Q6P5W5	Q6P5W5
Q6P7N7	Q6P7N7
Q6P995	Q6P995
Q6P9F7	Q6P9F7
Q6P9G4	Q6P9G4
Q6PCB8	Q6PCB8
Q6PEY0	Q6PEY0
Q6PI73	Q6PI73
Q6PIS1	Q6PIS1
Q6PJG9	Q6PJG9
Q6PJW8	Q6PJW8
Q6PL45	Q6PL45
Q6PRD1	Q6PRD1
Q6PXP3	Q6PXP3
Q6Q8B3	Q6Q8B3
Q6QNK2	Q6QNK2
Q6T423	Q6T423
Q6TCH4	Q6TCH4
Q6U736	Q6U736
Q6U841	Q6U841
Q6UQ28	Q6UQ28
Q6UVK1	Q6UVK1
Q6UVW9	Q6UVW9
Q6UW56	Q6UW56
Q6UW88	Q6UW88
Q6UWB1	Q6UWB1
Q6UWB4	Q6UWB4
Q6UWH4	Q6UWH4
Q6UWI2	Q6UWI2
Q6UWI4	Q6UWI4
Q6UWJ8	Q6UWJ8
Q6UWL2	Q6UWL2
Q6UWL6	Q6UWL6
Q6UWM5	Q6UWM5
Q6UWM7	Q6UWM7
Q6UWM9	Q6UWM9
Q6UWN0	Q6UWN0
Q6UWN5	Q6UWN5
Q6UWR7	Q6UWR7
Q6UWU4	Q6UWU4
Q6UWV2	Q6UWV2
Q6UWV6	Q6UWV6
Q6UX15	Q6UX15
Q6UX27	Q6UX27
Q6UX34	Q6UX34
Q6UX41	Q6UX41
Q6UX71	Q6UX71
Q6UX82	Q6UX82
Q6UX98	Q6UX98
Q6UXB3	Q6UXB3
Q6UXB4	Q6UXB4
Q6UXC1	Q6UXC1
Q6UXD5	Q6UXD5
Q6UXE8	Q6UXE8
Q6UXG2	Q6UXG2
Q6UXG3	Q6UXG3
Q6UXG8	Q6UXG8
Q6UXK2	Q6UXK2
Q6UXK5	Q6UXK5
Q6UXL0	Q6UXL0
Q6UXN8	Q6UXN8
Q6UXT6	Q6UXT6
Q6UXU4	Q6UXU4
Q6UXU6	Q6UXU6
Q6UXV0	Q6UXV0
Q6UXV1	Q6UXV1
Q6UXY8	Q6UXY8
Q6UXZ0	Q6UXZ0
Q6UXZ3	Q6UXZ3
Q6UXZ4	Q6UXZ4
Q6UY09	Q6UY09
Q6UY11	Q6UY11
Q6UY18	Q6UY18
Q6W3E5	Q6W3E5
Q6W5P4	Q6W5P4
Q6YHK3	Q6YHK3
Q6ZMC9	Q6ZMC9
Q6ZMH5	Q6ZMH5
Q6ZMI3	Q6ZMI3
Q6ZMJ2	Q6ZMJ2
Q6ZMR5	Q6ZMR5
Q6ZN44	Q6ZN44
Q6ZNI0	Q6ZNI0
Q6ZNR0	Q6ZNR0
Q6ZP80	Q6ZP80
Q6ZPB5	Q6ZPB5
Q6ZQN7	Q6ZQN7
Q6ZRH7	Q6ZRH7
Q6ZS10	Q6ZS10
Q6ZSJ9	Q6ZSJ9
Q6ZTQ4	Q6ZTQ4
Q6ZVN8	Q6ZVN8
Q6ZVX9	Q6ZVX9
Q6ZWK6	Q6ZWK6
Q6ZXV5	Q6ZXV5
Q70Z44	Q70Z44
Q71RS6	Q71RS6
Q75V66	Q75V66
Q7KYR7	Q7KYR7
Q7L0J3	Q7L0J3
Q7L0X0	Q7L0X0
Q7L1I2	Q7L1I2
Q7L1W4	Q7L1W4
Q7L5L3	Q7L5L3
Q7L5Y9	Q7L5Y9
Q7L985	Q7L985
Q7RTM1	Q7RTM1
Q7RTR8	Q7RTR8
Q7RTS5	Q7RTS5
Q7RTT9	Q7RTT9
Q7RTW8	Q7RTW8
Q7RTX0	Q7RTX0
Q7RTX1	Q7RTX1
Q7RTY8	Q7RTY8
Q7RTY9	Q7RTY9
Q7Z2H8	Q7Z2H8
Q7Z2W7	Q7Z2W7
Q7Z3B1	Q7Z3B1
Q7Z3D4	Q7Z3D4
Q7Z3Q1	Q7Z3Q1
Q7Z3S7	Q7Z3S7
Q7Z3T1	Q7Z3T1
Q7Z402	Q7Z402
Q7Z404	Q7Z404
Q7Z410	Q7Z410
Q7Z442	Q7Z442
Q7Z443	Q7Z443
Q7Z4F1	Q7Z4F1
Q7Z4N2	Q7Z4N2
Q7Z553	Q7Z553
Q7Z5A4	Q7Z5A4
Q7Z5H5	Q7Z5H5
Q7Z5M5	Q7Z5M5
Q7Z601	Q7Z601
Q7Z602	Q7Z602
Q7Z692	Q7Z692
Q7Z6A9	Q7Z6A9
Q7Z6M3	Q7Z6M3
Q7Z7D3	Q7Z7D3
Q7Z7M1	Q7Z7M1
Q86SJ2	Q86SJ2
Q86SJ6	Q86SJ6
Q86SP6	Q86SP6
Q86SQ3	Q86SQ3
Q86SQ4	Q86SQ4
Q86SU0	Q86SU0
Q86T13	Q86T13
Q86T26	Q86T26
Q86TG1	Q86TG1
Q86TY3	Q86TY3
Q86UE6	Q86UE6
Q86UF1	Q86UF1
Q86UG4	Q86UG4
Q86UK5	Q86UK5
Q86UN2	Q86UN2
Q86UN3	Q86UN3
Q86UP0	Q86UP0
Q86UW1	Q86UW1
Q86UW2	Q86UW2
Q86V40	Q86V40
Q86VB7	Q86VB7
Q86VE9	Q86VE9
Q86VH4	Q86VH4
Q86VH5	Q86VH5
Q86VR7	Q86VR7
Q86VY9	Q86VY9
Q86VZ4	Q86VZ4
Q86W47	Q86W47
Q86WA9	Q86WA9
Q86WK6	Q86WK6
Q86WK7	Q86WK7
Q86WR0	Q86WR0
Q86WS5	Q86WS5
Q86X29	Q86X29
Q86XJ0	Q86XJ0
Q86XK7	Q86XK7
Q86XM0	Q86XM0
Q86XR5	Q86XR5
Q86XS8	Q86XS8
Q86XT9	Q86XT9
Q86Y22	Q86Y22
Q86Y34	Q86Y34
Q86Y78	Q86Y78
Q86YC3	Q86YC3
Q86YD3	Q86YD3
Q86YD5	Q86YD5
Q86YL7	Q86YL7
Q86YT9	Q86YT9
Q86YW5	Q86YW5
Q86Z14	Q86Z14
Q8IU57	Q8IU57
Q8IU80	Q8IU80
Q8IU99	Q8IU99
Q8IUK5	Q8IUK5
Q8IUN9	Q8IUN9
Q8IUR5	Q8IUR5
Q8IUW5	Q8IUW5
Q8IV16	Q8IV16
Q8IVL8	Q8IVL8
Q8IVM8	Q8IVM8
Q8IVQ6	Q8IVQ6
Q8IW00	Q8IW00
Q8IW52	Q8IW52
Q8IWA5	Q8IWA5
Q8IWB1	Q8IWB1
Q8IWK6	Q8IWK6
Q8IWT1	Q8IWT1
Q8IWT6	Q8IWT6
Q8IWU5	Q8IWU5
Q8IWU6	Q8IWU6
Q8IWV1	Q8IWV1
Q8IWV2	Q8IWV2
Q8IX05	Q8IX05
Q8IX19	Q8IX19
Q8IXA5	Q8IXA5
Q8IXE1	Q8IXE1
Q8IXF9	Q8IXF9
Q8IXH8	Q8IXH8
Q8IXL6	Q8IXL6
Q8IY34	Q8IY34
Q8IYJ0	Q8IYJ0
Q8IYR6	Q8IYR6
Q8IYS2	Q8IYS2
Q8IYV9	Q8IYV9
Q8IZA0	Q8IZA0
Q8IZF0	Q8IZF0
Q8IZF2	Q8IZF2
Q8IZF3	Q8IZF3
Q8IZF4	Q8IZF4
Q8IZF5	Q8IZF5
Q8IZF7	Q8IZF7
Q8IZJ1	Q8IZJ1
Q8IZK6	Q8IZK6
Q8IZP9	Q8IZP9
Q8IZS7	Q8IZS7
Q8IZS8	Q8IZS8
Q8IZU9	Q8IZU9
Q8IZY2	Q8IZY2
Q8J025	Q8J025
Q8N0W4	Q8N0W4
Q8N0W7	Q8N0W7
Q8N0Y3	Q8N0Y3
Q8N0Y5	Q8N0Y5
Q8N0Z9	Q8N0Z9
Q8N109	Q8N109
Q8N114	Q8N114
Q8N126	Q8N126
Q8N127	Q8N127
Q8N130	Q8N130
Q8N131	Q8N131
Q8N144	Q8N144
Q8N146	Q8N146
Q8N148	Q8N148
Q8N149	Q8N149
Q8N158	Q8N158
Q8N162	Q8N162
Q8N1C3	Q8N1C3
Q8N1N0	Q8N1N0
Q8N1N2	Q8N1N2
Q8N1Y9	Q8N1Y9
Q8N271	Q8N271
Q8N2G4	Q8N2G4
Q8N2K0	Q8N2K0
Q8N2Q7	Q8N2Q7
Q8N2U0	Q8N2U0
Q8N349	Q8N349
Q8N350	Q8N350
Q8N386	Q8N386
Q8N387	Q8N387
Q8N394	Q8N394
Q8N3G9	Q8N3G9
Q8N3J6	Q8N3J6
Q8N3T6	Q8N3T6
Q8N423	Q8N423
Q8N441	Q8N441
Q8N4L1	Q8N4L1
Q8N539	Q8N539
Q8N5C1	Q8N5C1
Q8N608	Q8N608
Q8N614	Q8N614
Q8N628	Q8N628
Q8N695	Q8N695
Q8N697	Q8N697
Q8N6C5	Q8N6C5
Q8N6F1	Q8N6F1
Q8N6K0	Q8N6K0
Q8N6P7	Q8N6P7
Q8N6Q3	Q8N6Q3
Q8N6U8	Q8N6U8
Q8N6Y1	Q8N6Y1
Q8N743	Q8N743
Q8N7C0	Q8N7C0
Q8N7P3	Q8N7P3
Q8N8Z6	Q8N8Z6
Q8N967	Q8N967
Q8N9F7	Q8N9F7
Q8N9M5	Q8N9M5
Q8N9W7	Q8N9W7
Q8NAC3	Q8NAC3
Q8NB49	Q8NB49
Q8NBJ9	Q8NBJ9
Q8NBL3	Q8NBL3
Q8NBM4	Q8NBM4
Q8NBR0	Q8NBR0
Q8NBS3	Q8NBS3
Q8NBV8	Q8NBV8
Q8NC01	Q8NC01
Q8NC54	Q8NC54
Q8NC67	Q8NC67
Q8NCM2	Q8NCM2
Q8NCS7	Q8NCS7
Q8NCW0	Q8NCW0
Q8ND94	Q8ND94
Q8NE00	Q8NE00
Q8NE79	Q8NE79
Q8NEA5	Q8NEA5
Q8NEB5	Q8NEB5
Q8NER1	Q8NER1
Q8NER5	Q8NER5
Q8NET5	Q8NET5
Q8NFF2	Q8NFF2
Q8NFJ5	Q8NFJ5
Q8NFJ6	Q8NFJ6
Q8NFK1	Q8NFK1
Q8NFM7	Q8NFM7
Q8NFN8	Q8NFN8
Q8NFP4	Q8NFP4
Q8NFR9	Q8NFR9
Q8NFT8	Q8NFT8
Q8NFU0	Q8NFU0
Q8NFY4	Q8NFY4
Q8NFZ3	Q8NFZ3
Q8NFZ4	Q8NFZ4
Q8NFZ6	Q8NFZ6
Q8NFZ8	Q8NFZ8
Q8NG11	Q8NG11
Q8NG75	Q8NG75
Q8NG76	Q8NG76
Q8NG77	Q8NG77
Q8NG78	Q8NG78
Q8NG80	Q8NG80
Q8NG81	Q8NG81
Q8NG83	Q8NG83
Q8NG84	Q8NG84
Q8NG85	Q8NG85
Q8NG92	Q8NG92
Q8NG94	Q8NG94
Q8NG95	Q8NG95
Q8NG97	Q8NG97
Q8NG98	Q8NG98
Q8NG99	Q8NG99
Q8NGA0	Q8NGA0
Q8NGA1	Q8NGA1
Q8NGA2	Q8NGA2
Q8NGA4	Q8NGA4
Q8NGA5	Q8NGA5
Q8NGA6	Q8NGA6
Q8NGA8	Q8NGA8
Q8NGB2	Q8NGB2
Q8NGB4	Q8NGB4
Q8NGB6	Q8NGB6
Q8NGB8	Q8NGB8
Q8NGB9	Q8NGB9
Q8NGC0	Q8NGC0
Q8NGC1	Q8NGC1
Q8NGC2	Q8NGC2
Q8NGC3	Q8NGC3
Q8NGC4	Q8NGC4
Q8NGC5	Q8NGC5
Q8NGC6	Q8NGC6
Q8NGC7	Q8NGC7
Q8NGC8	Q8NGC8
Q8NGC9	Q8NGC9
Q8NGD0	Q8NGD0
Q8NGD1	Q8NGD1
Q8NGD2	Q8NGD2
Q8NGD3	Q8NGD3
Q8NGD4	Q8NGD4
Q8NGD5	Q8NGD5
Q8NGE0	Q8NGE0
Q8NGE1	Q8NGE1
Q8NGE2	Q8NGE2
Q8NGE3	Q8NGE3
Q8NGE5	Q8NGE5
Q8NGE7	Q8NGE7
Q8NGE8	Q8NGE8
Q8NGE9	Q8NGE9
Q8NGF0	Q8NGF0
Q8NGF1	Q8NGF1
Q8NGF3	Q8NGF3
Q8NGF4	Q8NGF4
Q8NGF6	Q8NGF6
Q8NGF7	Q8NGF7
Q8NGF8	Q8NGF8
Q8NGF9	Q8NGF9
Q8NGG0	Q8NGG0
Q8NGG1	Q8NGG1
Q8NGG2	Q8NGG2
Q8NGG3	Q8NGG3
Q8NGG4	Q8NGG4
Q8NGG5	Q8NGG5
Q8NGG6	Q8NGG6
Q8NGG7	Q8NGG7
Q8NGG8	Q8NGG8
Q8NGH3	Q8NGH3
Q8NGH5	Q8NGH5
Q8NGH6	Q8NGH6
Q8NGH7	Q8NGH7
Q8NGH8	Q8NGH8
Q8NGH9	Q8NGH9
Q8NGI0	Q8NGI0
Q8NGI1	Q8NGI1
Q8NGI2	Q8NGI2
Q8NGI3	Q8NGI3
Q8NGI4	Q8NGI4
Q8NGI6	Q8NGI6
Q8NGI7	Q8NGI7
Q8NGI8	Q8NGI8
Q8NGI9	Q8NGI9
Q8NGJ0	Q8NGJ0
Q8NGJ1	Q8NGJ1
Q8NGJ2	Q8NGJ2
Q8NGJ3	Q8NGJ3
Q8NGJ4	Q8NGJ4
Q8NGJ5	Q8NGJ5
Q8NGJ6	Q8NGJ6
Q8NGJ7	Q8NGJ7
Q8NGJ8	Q8NGJ8
Q8NGJ9	Q8NGJ9
Q8NGK0	Q8NGK0
Q8NGK1	Q8NGK1
Q8NGK2	Q8NGK2
Q8NGK3	Q8NGK3
Q8NGK4	Q8NGK4
Q8NGK5	Q8NGK5
Q8NGK6	Q8NGK6
Q8NGK9	Q8NGK9
Q8NGL0	Q8NGL0
Q8NGL1	Q8NGL1
Q8NGL2	Q8NGL2
Q8NGL3	Q8NGL3
Q8NGL4	Q8NGL4
Q8NGL6	Q8NGL6
Q8NGL7	Q8NGL7
Q8NGL9	Q8NGL9
Q8NGM1	Q8NGM1
Q8NGM8	Q8NGM8
Q8NGM9	Q8NGM9
Q8NGN0	Q8NGN0
Q8NGN1	Q8NGN1
Q8NGN2	Q8NGN2
Q8NGN3	Q8NGN3
Q8NGN4	Q8NGN4
Q8NGN5	Q8NGN5
Q8NGN6	Q8NGN6
Q8NGN7	Q8NGN7
Q8NGN8	Q8NGN8
Q8NGP0	Q8NGP0
Q8NGP2	Q8NGP2
Q8NGP3	Q8NGP3
Q8NGP4	Q8NGP4
Q8NGP6	Q8NGP6
Q8NGP8	Q8NGP8
Q8NGP9	Q8NGP9
Q8NGQ1	Q8NGQ1
Q8NGQ2	Q8NGQ2
Q8NGQ3	Q8NGQ3
Q8NGQ4	Q8NGQ4
Q8NGQ5	Q8NGQ5
Q8NGQ6	Q8NGQ6
Q8NGR1	Q8NGR1
Q8NGR2	Q8NGR2
Q8NGR3	Q8NGR3
Q8NGR4	Q8NGR4
Q8NGR5	Q8NGR5
Q8NGR6	Q8NGR6
Q8NGR8	Q8NGR8
Q8NGR9	Q8NGR9
Q8NGS0	Q8NGS0
Q8NGS1	Q8NGS1
Q8NGS2	Q8NGS2
Q8NGS3	Q8NGS3
Q8NGS4	Q8NGS4
Q8NGS5	Q8NGS5
Q8NGS6	Q8NGS6
Q8NGS7	Q8NGS7
Q8NGS8	Q8NGS8
Q8NGS9	Q8NGS9
Q8NGT0	Q8NGT0
Q8NGT1	Q8NGT1
Q8NGT2	Q8NGT2
Q8NGT5	Q8NGT5
Q8NGT7	Q8NGT7
Q8NGT9	Q8NGT9
Q8NGU1	Q8NGU1
Q8NGU2	Q8NGU2
Q8NGU4	Q8NGU4
Q8NGU9	Q8NGU9
Q8NGV0	Q8NGV0
Q8NGV5	Q8NGV5
Q8NGV6	Q8NGV6
Q8NGW1	Q8NGW1
Q8NGW6	Q8NGW6
Q8NGX0	Q8NGX0
Q8NGX1	Q8NGX1
Q8NGX2	Q8NGX2
Q8NGX3	Q8NGX3
Q8NGX5	Q8NGX5
Q8NGX6	Q8NGX6
Q8NGX8	Q8NGX8
Q8NGX9	Q8NGX9
Q8NGY0	Q8NGY0
Q8NGY1	Q8NGY1
Q8NGY2	Q8NGY2
Q8NGY3	Q8NGY3
Q8NGY5	Q8NGY5
Q8NGY6	Q8NGY6
Q8NGY7	Q8NGY7
Q8NGY9	Q8NGY9
Q8NGZ0	Q8NGZ0
Q8NGZ2	Q8NGZ2
Q8NGZ3	Q8NGZ3
Q8NGZ4	Q8NGZ4
Q8NGZ5	Q8NGZ5
Q8NGZ6	Q8NGZ6
Q8NGZ9	Q8NGZ9
Q8NH00	Q8NH00
Q8NH01	Q8NH01
Q8NH02	Q8NH02
Q8NH03	Q8NH03
Q8NH04	Q8NH04
Q8NH05	Q8NH05
Q8NH06	Q8NH06
Q8NH07	Q8NH07
Q8NH09	Q8NH09
Q8NH10	Q8NH10
Q8NH16	Q8NH16
Q8NH18	Q8NH18
Q8NH19	Q8NH19
Q8NH21	Q8NH21
Q8NH37	Q8NH37
Q8NH40	Q8NH40
Q8NH41	Q8NH41
Q8NH42	Q8NH42
Q8NH43	Q8NH43
Q8NH48	Q8NH48
Q8NH49	Q8NH49
Q8NH50	Q8NH50
Q8NH51	Q8NH51
Q8NH53	Q8NH53
Q8NH54	Q8NH54
Q8NH56	Q8NH56
Q8NH57	Q8NH57
Q8NH59	Q8NH59
Q8NH60	Q8NH60
Q8NH61	Q8NH61
Q8NH63	Q8NH63
Q8NH64	Q8NH64
Q8NH67	Q8NH67
Q8NH69	Q8NH69
Q8NH70	Q8NH70
Q8NH72	Q8NH72
Q8NH73	Q8NH73
Q8NH74	Q8NH74
Q8NH76	Q8NH76
Q8NH79	Q8NH79
Q8NH80	Q8NH80
Q8NH81	Q8NH81
Q8NH83	Q8NH83
Q8NH85	Q8NH85
Q8NH87	Q8NH87
Q8NH89	Q8NH89
Q8NH90	Q8NH90
Q8NH92	Q8NH92
Q8NH93	Q8NH93
Q8NH94	Q8NH94
Q8NHA4	Q8NHA4
Q8NHA6	Q8NHA6
Q8NHA8	Q8NHA8
Q8NHB1	Q8NHB1
Q8NHB7	Q8NHB7
Q8NHB8	Q8NHB8
Q8NHC4	Q8NHC4
Q8NHC5	Q8NHC5
Q8NHC6	Q8NHC6
Q8NHC7	Q8NHC7
Q8NHC8	Q8NHC8
Q8NHJ6	Q8NHJ6
Q8NHK3	Q8NHK3
Q8NHL6	Q8NHL6
Q8NHS3	Q8NHS3
Q8NHX9	Q8NHX9
Q8NI17	Q8NI17
Q8NI32	Q8NI32
Q8TAB3	Q8TAB3
Q8TAF8	Q8TAF8
Q8TBP5	Q8TBP5
Q8TC27	Q8TC27
Q8TCB6	Q8TCB6
Q8TCC7	Q8TCC7
Q8TCP9	Q8TCP9
Q8TCU5	Q8TCU5
Q8TCW7	Q8TCW7
Q8TCW9	Q8TCW9
Q8TCZ2	Q8TCZ2
Q8TD07	Q8TD07
Q8TD20	Q8TD20
Q8TD43	Q8TD43
Q8TD46	Q8TD46
Q8TD84	Q8TD84
Q8TDB8	Q8TDB8
Q8TDD5	Q8TDD5
Q8TDF5	Q8TDF5
Q8TDI7	Q8TDI7
Q8TDI8	Q8TDI8
Q8TDM5	Q8TDM5
Q8TDN2	Q8TDN2
Q8TDQ0	Q8TDQ0
Q8TDQ1	Q8TDQ1
Q8TDS4	Q8TDS4
Q8TDS5	Q8TDS5
Q8TDT2	Q8TDT2
Q8TDU9	Q8TDU9
Q8TDV0	Q8TDV0
Q8TDV2	Q8TDV2
Q8TDW0	Q8TDW0
Q8TDY8	Q8TDY8
Q8TE23	Q8TE23
Q8TE54	Q8TE54
Q8TEB9	Q8TEB9
Q8TF66	Q8TF66
Q8WTR4	Q8WTR4
Q8WTT0	Q8WTT0
Q8WTV0	Q8WTV0
Q8WUT4	Q8WUT4
Q8WUX1	Q8WUX1
Q8WVN6	Q8WVN6
Q8WVV5	Q8WVV5
Q8WWA0	Q8WWA0
Q8WWG1	Q8WWG1
Q8WWG9	Q8WWG9
Q8WWQ8	Q8WWQ8
Q8WWT9	Q8WWT9
Q8WWV6	Q8WWV6
Q8WWX8	Q8WWX8
Q8WXA8	Q8WXA8
Q8WXD0	Q8WXD0
Q8WXI8	Q8WXI8
Q8WY07	Q8WY07
Q8WYK1	Q8WYK1
Q8WZ59	Q8WZ59
Q8WZ84	Q8WZ84
Q8WZ92	Q8WZ92
Q8WZ94	Q8WZ94
Q902F8	Q902F8
Q902F9	Q902F9
Q92478	Q92478
Q92482	Q92482
Q92485	Q92485
Q92508	Q92508
Q92536	Q92536
Q92537	Q92537
Q92542	Q92542
Q92544	Q92544
Q92629	Q92629
Q92633	Q92633
Q92637	Q92637
Q92692	Q92692
Q92729	Q92729
Q92823	Q92823
Q92824	Q92824
Q92838	Q92838
Q92847	Q92847
Q92854	Q92854
Q92859	Q92859
Q92887	Q92887
Q92896	Q92896
Q92911	Q92911
Q92932	Q92932
Q92956	Q92956
Q92959	Q92959
Q92982	Q92982
Q93033	Q93033
Q93038	Q93038
Q93070	Q93070
Q93086	Q93086
Q95460	Q95460
Q969F8	Q969F8
Q969I6	Q969I6
Q969M2	Q969M2
Q969N4	Q969N4
Q969P0	Q969P0
Q969V1	Q969V1
Q969Z4	Q969Z4
Q96A28	Q96A28
Q96A59	Q96A59
Q96AD5	Q96AD5
Q96AM1	Q96AM1
Q96AP7	Q96AP7
Q96AW1	Q96AW1
Q96B33	Q96B33
Q96B86	Q96B86
Q96BD0	Q96BD0
Q96BF3	Q96BF3
Q96CE8	Q96CE8
Q96CW9	Q96CW9
Q96D31	Q96D31
Q96D42	Q96D42
Q96DB9	Q96DB9
Q96DD7	Q96DD7
Q96DS6	Q96DS6
Q96DU3	Q96DU3
Q96DZ7	Q96DZ7
Q96E93	Q96E93
Q96EP9	Q96EP9
Q96EX2	Q96EX2
Q96F05	Q96F05
Q96F46	Q96F46
Q96FE5	Q96FE5
Q96FE7	Q96FE7
Q96FT7	Q96FT7
Q96FV3	Q96FV3
Q96G91	Q96G91
Q96GC9	Q96GC9
Q96GP6	Q96GP6
Q96GW7	Q96GW7
Q96GX1	Q96GX1
Q96H15	Q96H15
Q96HD1	Q96HD1
Q96HH4	Q96HH4
Q96ID5	Q96ID5
Q96IQ7	Q96IQ7
Q96J42	Q96J42
Q96J66	Q96J66
Q96J84	Q96J84
Q96J86	Q96J86
Q96JA1	Q96JA1
Q96JP9	Q96JP9
Q96JW4	Q96JW4
Q96K78	Q96K78
Q96KA5	Q96KA5
Q96KG7	Q96KG7
Q96KJ4	Q96KJ4
Q96KK3	Q96KK3
Q96KK4	Q96KK4
Q96KN9	Q96KN9
Q96KV6	Q96KV6
Q96L08	Q96L08
Q96L42	Q96L42
Q96LA5	Q96LA5
Q96LA6	Q96LA6
Q96LB0	Q96LB0
Q96LC7	Q96LC7
Q96LD1	Q96LD1
Q96MC6	Q96MC6
Q96MS0	Q96MS0
Q96MU8	Q96MU8
Q96N87	Q96N87
Q96NI6	Q96NI6
Q96NT5	Q96NT5
Q96NU0	Q96NU0
Q96NY8	Q96NY8
Q96P31	Q96P31
Q96P65	Q96P65
Q96P66	Q96P66
Q96P67	Q96P67
Q96P68	Q96P68
Q96PD2	Q96PD2
Q96PE1	Q96PE1
Q96PH1	Q96PH1
Q96PJ5	Q96PJ5
Q96PL2	Q96PL2
Q96PL5	Q96PL5
Q96PP8	Q96PP8
Q96PQ0	Q96PQ0
Q96PQ1	Q96PQ1
Q96PS8	Q96PS8
Q96PX8	Q96PX8
Q96QD8	Q96QD8
Q96QE2	Q96QE2
Q96QE4	Q96QE4
Q96QU1	Q96QU1
Q96QZ0	Q96QZ0
Q96R08	Q96R08
Q96R09	Q96R09
Q96R27	Q96R27
Q96R28	Q96R28
Q96R30	Q96R30
Q96R45	Q96R45
Q96R47	Q96R47
Q96R48	Q96R48
Q96R54	Q96R54
Q96R67	Q96R67
Q96R69	Q96R69
Q96R72	Q96R72
Q96R84	Q96R84
Q96RA2	Q96RA2
Q96RB7	Q96RB7
Q96RC9	Q96RC9
Q96RD0	Q96RD0
Q96RD1	Q96RD1
Q96RD2	Q96RD2
Q96RD3	Q96RD3
Q96RD6	Q96RD6
Q96RD7	Q96RD7
Q96RD9	Q96RD9
Q96RI0	Q96RI0
Q96RI8	Q96RI8
Q96RI9	Q96RI9
Q96RJ3	Q96RJ3
Q96RL6	Q96RL6
Q96RN1	Q96RN1
Q96SJ8	Q96SJ8
Q99062	Q99062
Q99075	Q99075
Q99250	Q99250
Q99445	Q99445
Q99463	Q99463
Q99466	Q99466
Q99467	Q99467
Q99500	Q99500
Q99523	Q99523
Q99527	Q99527
Q99571	Q99571
Q99572	Q99572
Q99650	Q99650
Q99665	Q99665
Q99677	Q99677
Q99678	Q99678
Q99679	Q99679
Q99680	Q99680
Q99705	Q99705
Q99706	Q99706
Q99788	Q99788
Q99795	Q99795
Q99808	Q99808
Q99835	Q99835
Q99884	Q99884
Q99928	Q99928
Q99946	Q99946
Q99965	Q99965
Q9BPV8	Q9BPV8
Q9BQ49	Q9BQ49
Q9BQ51	Q9BQ51
Q9BQS7	Q9BQS7
Q9BQT9	Q9BQT9
Q9BR26	Q9BR26
Q9BRK3	Q9BRK3
Q9BRN9	Q9BRN9
Q9BSA4	Q9BSA4
Q9BSE2	Q9BSE2
Q9BSN7	Q9BSN7
Q9BTN0	Q9BTN0
Q9BUF7	Q9BUF7
Q9BWV1	Q9BWV1
Q9BX67	Q9BX67
Q9BX73	Q9BX73
Q9BX74	Q9BX74
Q9BX79	Q9BX79
Q9BX84	Q9BX84
Q9BX97	Q9BX97
Q9BXB1	Q9BXB1
Q9BXC0	Q9BXC0
Q9BXE9	Q9BXE9
Q9BXJ7	Q9BXJ7
Q9BXN2	Q9BXN2
Q9BXP2	Q9BXP2
Q9BXR5	Q9BXR5
Q9BXS0	Q9BXS0
Q9BXS4	Q9BXS4
Q9BXS9	Q9BXS9
Q9BY07	Q9BY07
Q9BY10	Q9BY10
Q9BY14	Q9BY14
Q9BY15	Q9BY15
Q9BY21	Q9BY21
Q9BY67	Q9BY67
Q9BY79	Q9BY79
Q9BYE2	Q9BYE2
Q9BYE9	Q9BYE9
Q9BYF1	Q9BYF1
Q9BYH1	Q9BYH1
Q9BYT9	Q9BYT9
Q9BZ11	Q9BZ11
Q9BZ76	Q9BZ76
Q9BZA7	Q9BZA7
Q9BZA8	Q9BZA8
Q9BZD2	Q9BZD2
Q9BZD6	Q9BZD6
Q9BZD7	Q9BZD7
Q9BZG2	Q9BZG2
Q9BZJ6	Q9BZJ6
Q9BZJ8	Q9BZJ8
Q9BZM4	Q9BZM4
Q9BZM5	Q9BZM5
Q9BZM6	Q9BZM6
Q9BZR6	Q9BZR6
Q9BZV3	Q9BZV3
Q9BZW2	Q9BZW2
Q9BZW8	Q9BZW8
Q9BZZ2	Q9BZZ2
Q9C0A0	Q9C0A0
Q9C0C4	Q9C0C4
Q9C0H2	Q9C0H2
Q9C0I4	Q9C0I4
Q9C0K1	Q9C0K1
Q9GZK3	Q9GZK3
Q9GZK4	Q9GZK4
Q9GZK6	Q9GZK6
Q9GZK7	Q9GZK7
Q9GZM6	Q9GZM6
Q9GZN0	Q9GZN0
Q9GZN6	Q9GZN6
Q9GZP7	Q9GZP7
Q9GZQ4	Q9GZQ4
Q9GZQ6	Q9GZQ6
Q9GZU1	Q9GZU1
Q9GZW8	Q9GZW8
Q9GZZ6	Q9GZZ6
Q9GZZ7	Q9GZZ7
Q9GZZ8	Q9GZZ8
Q9H013	Q9H013
Q9H015	Q9H015
Q9H0C3	Q9H0C3
Q9H0R3	Q9H0R3
Q9H0U3	Q9H0U3
Q9H0X4	Q9H0X4
Q9H156	Q9H156
Q9H158	Q9H158
Q9H159	Q9H159
Q9H172	Q9H172
Q9H1D0	Q9H1D0
Q9H1U4	Q9H1U4
Q9H1V8	Q9H1V8
Q9H1Y3	Q9H1Y3
Q9H1Z9	Q9H1Z9
Q9H205	Q9H205
Q9H207	Q9H207
Q9H208	Q9H208
Q9H209	Q9H209
Q9H210	Q9H210
Q9H221	Q9H221
Q9H222	Q9H222
Q9H228	Q9H228
Q9H237	Q9H237
Q9H252	Q9H252
Q9H255	Q9H255
Q9H295	Q9H295
Q9H2A7	Q9H2A7
Q9H2C5	Q9H2C5
Q9H2C8	Q9H2C8
Q9H2E6	Q9H2E6
Q9H2H9	Q9H2H9
Q9H2J7	Q9H2J7
Q9H2S6	Q9H2S6
Q9H2U9	Q9H2U9
Q9H2W1	Q9H2W1
Q9H2X3	Q9H2X3
Q9H2X9	Q9H2X9
Q9H2Y9	Q9H2Y9
Q9H313	Q9H313
Q9H339	Q9H339
Q9H340	Q9H340
Q9H341	Q9H341
Q9H342	Q9H342
Q9H343	Q9H343
Q9H344	Q9H344
Q9H346	Q9H346
Q9H3N1	Q9H3N1
Q9H3R2	Q9H3R2
Q9H3S1	Q9H3S1
Q9H3S3	Q9H3S3
Q9H3T2	Q9H3T2
Q9H3T3	Q9H3T3
Q9H3W5	Q9H3W5
Q9H461	Q9H461
Q9H4A9	Q9H4A9
Q9H4B8	Q9H4B8
Q9H4D0	Q9H4D0
Q9H5V8	Q9H5V8
Q9H5Y7	Q9H5Y7
Q9H665	Q9H665
Q9H6B4	Q9H6B4
Q9H6D8	Q9H6D8
Q9H6X2	Q9H6X2
Q9H756	Q9H756
Q9H7M9	Q9H7M9
Q9H7T0	Q9H7T0
Q9H813	Q9H813
Q9H8J5	Q9H8J5
Q9H8M5	Q9H8M5
Q9H9K5	Q9H9K5
Q9H9P2	Q9H9P2
Q9HA72	Q9HA72
Q9HAR2	Q9HAR2
Q9HAS3	Q9HAS3
Q9HAV5	Q9HAV5
Q9HB14	Q9HB14
Q9HB29	Q9HB29
Q9HB89	Q9HB89
Q9HBB8	Q9HBB8
Q9HBE5	Q9HBE5
Q9HBG7	Q9HBG7
Q9HBJ8	Q9HBJ8
Q9HBL6	Q9HBL6
Q9HBL7	Q9HBL7
Q9HBT6	Q9HBT6
Q9HBV2	Q9HBV2
Q9HBW1	Q9HBW1
Q9HBW9	Q9HBW9
Q9HBX8	Q9HBX8
Q9HBX9	Q9HBX9
Q9HBY0	Q9HBY0
Q9HC56	Q9HC56
Q9HC58	Q9HC58
Q9HC73	Q9HC73
Q9HCC8	Q9HCC8
Q9HCE9	Q9HCE9
Q9HCF6	Q9HCF6
Q9HCK4	Q9HCK4
Q9HCL0	Q9HCL0
Q9HCM2	Q9HCM2
Q9HCN3	Q9HCN3
Q9HCN6	Q9HCN6
Q9HCU0	Q9HCU0
Q9HCX4	Q9HCX4
Q9HD20	Q9HD20
Q9HD43	Q9HD43
Q9HDB5	Q9HDB5
Q9HDC9	Q9HDC9
Q9N2J8	Q9N2J8
Q9N2K0	Q9N2K0
Q9NNX6	Q9NNX6
Q9NP59	Q9NP59
Q9NP60	Q9NP60
Q9NP84	Q9NP84
Q9NP91	Q9NP91
Q9NP94	Q9NP94
Q9NP99	Q9NP99
Q9NPA1	Q9NPA1
Q9NPA2	Q9NPA2
Q9NPB9	Q9NPB9
Q9NPC2	Q9NPC2
Q9NPD5	Q9NPD5
Q9NPD7	Q9NPD7
Q9NPF0	Q9NPF0
Q9NPG1	Q9NPG1
Q9NPG4	Q9NPG4
Q9NPH3	Q9NPH3
Q9NPH5	Q9NPH5
Q9NPR2	Q9NPR2
Q9NPY3	Q9NPY3
Q9NQ25	Q9NQ25
Q9NQ40	Q9NQ40
Q9NQ84	Q9NQ84
Q9NQ90	Q9NQ90
Q9NQA5	Q9NQA5
Q9NQN1	Q9NQN1
Q9NQS3	Q9NQS3
Q9NR16	Q9NR16
Q9NR61	Q9NR61
Q9NR96	Q9NR96
Q9NR97	Q9NR97
Q9NRD8	Q9NRD8
Q9NRD9	Q9NRD9
Q9NRJ7	Q9NRJ7
Q9NRM0	Q9NRM0
Q9NRM6	Q9NRM6
Q9NRS4	Q9NRS4
Q9NS62	Q9NS62
Q9NS68	Q9NS68
Q9NS75	Q9NS75
Q9NSA0	Q9NSA0
Q9NSD5	Q9NSD5
Q9NSD7	Q9NSD7
Q9NSI5	Q9NSI5
Q9NT99	Q9NT99
Q9NTG1	Q9NTG1
Q9NTN9	Q9NTN9
Q9NTQ9	Q9NTQ9
Q9NU53	Q9NU53
Q9NUN5	Q9NUN5
Q9NV12	Q9NV12
Q9NW15	Q9NW15
Q9NX61	Q9NX61
Q9NXK6	Q9NXK6
Q9NXL6	Q9NXL6
Q9NY15	Q9NY15
Q9NY25	Q9NY25
Q9NY37	Q9NY37
Q9NY46	Q9NY46
Q9NY47	Q9NY47
Q9NY72	Q9NY72
Q9NY91	Q9NY91
Q9NYB5	Q9NYB5
Q9NYG8	Q9NYG8
Q9NYJ7	Q9NYJ7
Q9NYK1	Q9NYK1
Q9NYM4	Q9NYM4
Q9NYV7	Q9NYV7
Q9NYV8	Q9NYV8
Q9NYV9	Q9NYV9
Q9NYW0	Q9NYW0
Q9NYW1	Q9NYW1
Q9NYW2	Q9NYW2
Q9NYW3	Q9NYW3
Q9NYW6	Q9NYW6
Q9NYW7	Q9NYW7
Q9NYX4	Q9NYX4
Q9NYZ4	Q9NYZ4
Q9NZ53	Q9NZ53
Q9NZ94	Q9NZ94
Q9NZC2	Q9NZC2
Q9NZG7	Q9NZG7
Q9NZM6	Q9NZM6
Q9NZN1	Q9NZN1
Q9NZP0	Q9NZP0
Q9NZP2	Q9NZP2
Q9NZP5	Q9NZP5
Q9NZQ7	Q9NZQ7
Q9NZS2	Q9NZS2
Q9NZU0	Q9NZU0
Q9NZU1	Q9NZU1
Q9NZV1	Q9NZV1
Q9P0K1	Q9P0K1
Q9P0L9	Q9P0L9
Q9P0T7	Q9P0T7
Q9P0V8	Q9P0V8
Q9P0X4	Q9P0X4
Q9P121	Q9P121
Q9P126	Q9P126
Q9P1P4	Q9P1P4
Q9P1P5	Q9P1P5
Q9P1Q5	Q9P1Q5
Q9P1W3	Q9P1W3
Q9P1W8	Q9P1W8
Q9P232	Q9P232
Q9P244	Q9P244
Q9P246	Q9P246
Q9P273	Q9P273
Q9P283	Q9P283
Q9P296	Q9P296
Q9P2B2	Q9P2B2
Q9P2E7	Q9P2E7
Q9P2J2	Q9P2J2
Q9P2S2	Q9P2S2
Q9P2U7	Q9P2U7
Q9UBG0	Q9UBG0
Q9UBL9	Q9UBL9
Q9UBN1	Q9UBN1
Q9UBN4	Q9UBN4
Q9UBN6	Q9UBN6
Q9UBS5	Q9UBS5
Q9UBY5	Q9UBY5
Q9UEF7	Q9UEF7
Q9UEW3	Q9UEW3
Q9UF33	Q9UF33
Q9UGF5	Q9UGF5
Q9UGF6	Q9UGF6
Q9UGF7	Q9UGF7
Q9UGH3	Q9UGH3
Q9UGM1	Q9UGM1
Q9UGN4	Q9UGN4
Q9UGQ3	Q9UGQ3
Q9UGT4	Q9UGT4
Q9UHC3	Q9UHC3
Q9UHC6	Q9UHC6
Q9UHC9	Q9UHC9
Q9UHF4	Q9UHF4
Q9UHI7	Q9UHI7
Q9UHM6	Q9UHM6
Q9UHN6	Q9UHN6
Q9UHP7	Q9UHP7
Q9UHW9	Q9UHW9
Q9UHX3	Q9UHX3
Q9UI33	Q9UI33
Q9UI40	Q9UI40
Q9UIB8	Q9UIB8
Q9UIG8	Q9UIG8
Q9UIK5	Q9UIK5
Q9UIQ6	Q9UIQ6
Q9UIR0	Q9UIR0
Q9UIW2	Q9UIW2
Q9UJ14	Q9UJ14
Q9UJ71	Q9UJ71
Q9UJ99	Q9UJ99
Q9UJQ1	Q9UJQ1
Q9UKB5	Q9UKB5
Q9UKF2	Q9UKF2
Q9UKF5	Q9UKF5
Q9UKH3	Q9UKH3
Q9UKJ0	Q9UKJ0
Q9UKJ1	Q9UKJ1
Q9UKJ8	Q9UKJ8
Q9UKL2	Q9UKL2
Q9UKL4	Q9UKL4
Q9UKP6	Q9UKP6
Q9UKQ2	Q9UKQ2
Q9UKU6	Q9UKU6
Q9UKX5	Q9UKX5
Q9UKY0	Q9UKY0
Q9UL52	Q9UL52
Q9UL62	Q9UL62
Q9ULB1	Q9ULB1
Q9ULB4	Q9ULB4
Q9ULB5	Q9ULB5
Q9ULC0	Q9ULC0
Q9ULD8	Q9ULD8
Q9ULH4	Q9ULH4
Q9ULI3	Q9ULI3
Q9ULK0	Q9ULK0
Q9ULK6	Q9ULK6
Q9ULL4	Q9ULL4
Q9ULQ1	Q9ULQ1
Q9ULT6	Q9ULT6
Q9ULV1	Q9ULV1
Q9ULW2	Q9ULW2
Q9ULX7	Q9ULX7
Q9ULY5	Q9ULY5
Q9ULZ9	Q9ULZ9
Q9UM47	Q9UM47
Q9UM73	Q9UM73
Q9UMD9	Q9UMD9
Q9UMF0	Q9UMF0
Q9UMR7	Q9UMR7
Q9UMZ3	Q9UMZ3
Q9UN66	Q9UN66
Q9UN67	Q9UN67
Q9UN70	Q9UN70
Q9UN71	Q9UN71
Q9UN72	Q9UN72
Q9UN73	Q9UN73
Q9UN74	Q9UN74
Q9UN75	Q9UN75
Q9UN76	Q9UN76
Q9UN88	Q9UN88
Q9UNE0	Q9UNE0
Q9UNG2	Q9UNG2
Q9UNN8	Q9UNN8
Q9UNQ0	Q9UNQ0
Q9UNW8	Q9UNW8
Q9UP38	Q9UP38
Q9UP52	Q9UP52
Q9UP95	Q9UP95
Q9UPC5	Q9UPC5
Q9UPR5	Q9UPR5
Q9UPX0	Q9UPX0
Q9UPY5	Q9UPY5
Q9UPZ6	Q9UPZ6
Q9UQ05	Q9UQ05
Q9UQ52	Q9UQ52
Q9UQC9	Q9UQC9
Q9UQD0	Q9UQD0
Q9UQF0	Q9UQF0
Q9UQQ1	Q9UQQ1
Q9Y210	Q9Y210
Q9Y219	Q9Y219
Q9Y226	Q9Y226
Q9Y267	Q9Y267
Q9Y271	Q9Y271
Q9Y275	Q9Y275
Q9Y279	Q9Y279
Q9Y286	Q9Y286
Q9Y2B1	Q9Y2B1
Q9Y2C9	Q9Y2C9
Q9Y2D5	Q9Y2D5
Q9Y2G8	Q9Y2G8
Q9Y2I2	Q9Y2I2
Q9Y2T5	Q9Y2T5
Q9Y2Y6	Q9Y2Y6
Q9Y320	Q9Y320
Q9Y336	Q9Y336
Q9Y345	Q9Y345
Q9Y3N9	Q9Y3N9
Q9Y3Q0	Q9Y3Q0
Q9Y3Q7	Q9Y3Q7
Q9Y4A9	Q9Y4A9
Q9Y4C0	Q9Y4C0
Q9Y4D7	Q9Y4D7
Q9Y561	Q9Y561
Q9Y585	Q9Y585
Q9Y5E1	Q9Y5E1
Q9Y5E2	Q9Y5E2
Q9Y5E3	Q9Y5E3
Q9Y5E4	Q9Y5E4
Q9Y5E5	Q9Y5E5
Q9Y5E6	Q9Y5E6
Q9Y5E7	Q9Y5E7
Q9Y5E8	Q9Y5E8
Q9Y5E9	Q9Y5E9
Q9Y5F0	Q9Y5F0
Q9Y5F1	Q9Y5F1
Q9Y5F2	Q9Y5F2
Q9Y5F3	Q9Y5F3
Q9Y5F6	Q9Y5F6
Q9Y5F7	Q9Y5F7
Q9Y5F8	Q9Y5F8
Q9Y5F9	Q9Y5F9
Q9Y5G0	Q9Y5G0
Q9Y5G1	Q9Y5G1
Q9Y5G2	Q9Y5G2
Q9Y5G3	Q9Y5G3
Q9Y5G4	Q9Y5G4
Q9Y5G5	Q9Y5G5
Q9Y5G6	Q9Y5G6
Q9Y5G7	Q9Y5G7
Q9Y5G8	Q9Y5G8
Q9Y5G9	Q9Y5G9
Q9Y5H0	Q9Y5H0
Q9Y5H1	Q9Y5H1
Q9Y5H2	Q9Y5H2
Q9Y5H3	Q9Y5H3
Q9Y5H4	Q9Y5H4
Q9Y5H5	Q9Y5H5
Q9Y5H6	Q9Y5H6
Q9Y5H7	Q9Y5H7
Q9Y5H8	Q9Y5H8
Q9Y5H9	Q9Y5H9
Q9Y5I0	Q9Y5I0
Q9Y5I1	Q9Y5I1
Q9Y5I2	Q9Y5I2
Q9Y5I3	Q9Y5I3
Q9Y5I4	Q9Y5I4
Q9Y5I7	Q9Y5I7
Q9Y5L3	Q9Y5L3
Q9Y5N1	Q9Y5N1
Q9Y5P0	Q9Y5P0
Q9Y5P1	Q9Y5P1
Q9Y5Q5	Q9Y5Q5
Q9Y5R2	Q9Y5R2
Q9Y5S1	Q9Y5S1
Q9Y5S8	Q9Y5S8
Q9Y5U5	Q9Y5U5
Q9Y5X5	Q9Y5X5
Q9Y5Y3	Q9Y5Y3
Q9Y5Y4	Q9Y5Y4
Q9Y5Y6	Q9Y5Y6
Q9Y5Y7	Q9Y5Y7
Q9Y5Y9	Q9Y5Y9
Q9Y5Z0	Q9Y5Z0
Q9Y624	Q9Y624
Q9Y625	Q9Y625
Q9Y639	Q9Y639
Q9Y653	Q9Y653
Q9Y666	Q9Y666
Q9Y691	Q9Y691
Q9Y6C5	Q9Y6C5
Q9Y6H8	Q9Y6H8
Q9Y6L6	Q9Y6L6
Q9Y6M0	Q9Y6M0
Q9Y6M5	Q9Y6M5
Q9Y6M7	Q9Y6M7
Q9Y6N7	Q9Y6N7
Q9Y6N8	Q9Y6N8
Q9Y6Q6	Q9Y6Q6
Q9Y6R1	Q9Y6R1
Q9Y6U7	Q9Y6U7
Q9Y6W8	Q9Y6W8
Q9Y6X5	Q9Y6X5
W5XKT8	W5XKT8
X6RKS3	X6RKS3
