accession,gene,antibody,basis,pdb,antigen_form,cutoff_A,antigen_chain,antibody_chains,numbering,n_residues,residues,included,pmids,evidence,note
P15391,CD19,tafasitamab,none,,,,,,,,,no,,,"no PDB entry holds this antibody bound to its antigen (RCSB searched by antibody name and antigen accession, 2026-10-07)"
P11836,MS4A1,rituximab,structure,6VJA,protein,4.0,C,H;L,entry,11,"156,161,166,168-175",yes,32079680,PDB 6VJA: Structure of CD20 in complex with rituximab Fab,
P28907,CD38,daratumumab,structure,7DHA,protein,4.0,A,B;C,entry,24,"120-121,135,139,141-142,202-203,205,236-237,239,241,272-276,284,291-292,296,299-300",yes,33360095,PDB 7DHA: crystal structure of CD38 in complex with daratumumab,
P07766,CD3E,muromonab-CD3 (OKT3),structure,1SY6,protein,4.0,A,H;L,entry,11,"54-56,68,70,101-105,107",yes,15136729,PDB 1SY6: Crystal Structure of CD3gammaepsilon Heterodimer in Complex with OKT3 Fab Fragment,
P31358,CD52,alemtuzumab,structure,1CE1,peptide,4.0,P,H;L,aligned,6,32-37,yes,10366506,PDB 1CE1: 1.9A STRUCTURE OF THE THERAPEUTIC ANTIBODY CAMPATH-1H FAB IN COMPLEX WITH A SYNTHETIC PEPTIDE ANTIGEN,
P16410,CTLA4,ipilimumab,structure,5TRU,protein,4.0,C,H;L,entry,20,"38-39,68,70,74,79,81,83,130,132,134-143",yes,28484017,PDB 5TRU: Structure of the first-in-class checkpoint inhibitor Ipilimumab bound to human CTLA-4,
P00533,EGFR,cetuximab,structure,1YY9,protein,4.0,A,C;D,entry,20,"373,377,406,408,432-433,435-436,441-442,462,464-465,467,489,491-493,495,497",yes,15837620,PDB 1YY9: Structure of the extracellular domain of the epidermal growth factor receptor in complex with the Fab fragment of cetuximab/Erbitux/IMC-C225,
P16422,EPCAM,catumaxomab,peptide mapping,,,,,,,62,"49-88,175-196",yes,17622246,"peptide mapping of HO-3, the EpCAM-binding arm of catumaxomab: a discontinuous epitope of three binding peptides, residues 49-70, 67-88 and 175-196 (Table 2)","no PDB entry holds this antibody bound to its antigen (RCSB searched by antibody name and antigen accession, 2026-10-07); the peptides are 22 residues each, so the epitope is no finer than that"
P04626,ERBB2,trastuzumab,structure,1N8Z,protein,4.0,C,A;B,entry,17,"579-580,582-583,591-595,613,615,618,620,622,624-626",yes,12610629,PDB 1N8Z: Crystal structure of extracellular domain of human HER2 complexed with Herceptin Fab,
Q9NZQ7,CD274,avelumab,structure,5GRJ,protein,4.0,A,H;L,entry,17,"54,56,58-63,66,73,75-76,113,115,117,123,125",yes,27573173,PDB 5GRJ: Crystal structure of human PD-L1 with monoclonal antibody avelumab,
Q15116,PDCD1,nivolumab (BMS-936558),structure,5WT9,protein,4.0,G,H;L,entry,14,"25-31,59-60,128-132",yes,28165004,PDB 5WT9: Complex structure of PD-1 and nivolumab-Fab,
P16234,PDGFRA,olaratumab,none,,,,,,,,,no,,,"no PDB entry holds this antibody bound to its antigen (RCSB searched by antibody name and antigen accession, 2026-10-07)"
Q9NQ25,SLAMF7,elotuzumab,domain,,,,,,,76,131-206,yes,29531651,"elotuzumab binds an epitope on the membrane IgC2 domain of SLAMF7 (a review; the domain is UniProt Ig-like C2-type, residues 131-206)","no PDB entry holds this antibody bound to its antigen (RCSB searched by antibody name and antigen accession, 2026-10-07); domain-level, from a review, the primary mapping not found"
P35968,KDR,ramucirumab,structure,3S37,protein,4.0,X,H;L,entry,18,"220-222,251,255-257,259,261,308,310-317",yes,21827946,PDB 3S37: Structural basis for the function of two anti-VEGF receptor antibodies,
