id_cp_interaction,pair,uniprot_1,uniprot_2,height_nm,classification,directionality,source,reviewed,review_notes
CPI-SS0ADFF0666,P19022–P06734,P19022,P06734,37.524365234375,Adhesion by Cadherin,Ligand-Receptor,Shilts screen - VALIDATED,,
CPI-SS00C24ED50,P33151–P33151,P33151,P33151,44.82103729248046,Adhesion by Cadherin,Adhesion-Adhesion,uniprot,,
CPI-SS04829AC68,P17302–P17302,P17302,P17302,6.970512390136719,Adhesion by GAP junction,Gap-Gap,uniprot;reactome;IUPHAR,,
CPI-SS024F36886,P17302–P36382,P17302,P36382,7.067939949035645,Adhesion by GAP junction,Gap-Gap,uniprot;reactome;IUPHAR,,
CPI-SS0ACFA4F22,P36382–P36382,P36382,P36382,7.165367507934571,Adhesion by GAP junction,Gap-Gap,uniprot;reactome;IUPHAR,,
CPI-SS0E7883ADC,P36383–P36382,P36383,P36382,4.7426837539672855,Adhesion by GAP junction,Gap-Gap,uniprot;reactome;IUPHAR,,
CPI-SS0CEFF4625,P36383–P36383,P36383,P36383,2.32,Adhesion by GAP junction,Gap-Gap,uniprot;reactome;IUPHAR,,
CPI-SS08658BB16,Q9Y6H8–P17302,Q9Y6H8,P17302,7.017164611816407,Adhesion by GAP junction,Gap-Gap,uniprot;reactome;IUPHAR,,
CPI-SS0F5FC7262,Q9Y6H8–P36382,Q9Y6H8,P36382,7.114592170715332,Adhesion by GAP junction,Gap-Gap,uniprot;reactome;IUPHAR,,
CPI-SS062D2530F,Q9Y6H8–P36383,Q9Y6H8,P36383,4.6919084167480465,Adhesion by GAP junction,Gap-Gap,uniprot;reactome;IUPHAR,,
CPI-SS00457EB1A,Q9Y6H8–Q9Y6H8,Q9Y6H8,Q9Y6H8,7.063816833496094,Adhesion by GAP junction,Gap-Gap,uniprot;reactome;IUPHAR,,
CPI-SC088D2EEF4,P32004–integrin_a2Bb3_complex,P32004,P08514,38.261243946087454,Adhesion by L1CAM,Ligand-Receptor,reactome,,
CPI-SS0118D1B89,P04216–P48960,P04216,P48960,26.09989004121408,Adhesion by antigen THY1,Adhesion-Adhesion,uniprot;reactome;IUPHAR,,
CPI-SS0F0492F71,P04216–Q9UHX3,P04216,Q9UHX3,24.061943463706392,Adhesion by antigen THY1,Adhesion-Adhesion,uniprot;reactome;IUPHAR,,
CPI-SS097A84265,P05067–O75509,P05067,O75509,34.048625397175684,Signaling by Amyloid-beta precursor protein,Ligand-Receptor,uniprot,,
CPI-SS0F66EA6BE,P05067–P25090,P05067,P25090,17.89486273796241,Signaling by Amyloid-beta precursor protein,Ligand-Receptor,reactome,,
CPI-SS0CB6F5575,P05067–Q9HCM2,P05067,Q9HCM2,25.50872580558936,Signaling by Amyloid-beta precursor protein,Ligand-Receptor,Shilts screen - VALIDATED,,
CPI-SC0E89A4EF0,P05067–TREM2_receptor,P05067,Q9NZC2,24.718898458787603,Signaling by Amyloid-beta precursor protein,Ligand-Receptor,uniprot;PMID:27477013,,
CPI-SS0CBCF26F8,Q06481–P01833,Q06481,P01833,45.82064100154514,Signaling by Amyloid-like protein,Ligand-Receptor,Shilts screen - VALIDATED,,
CPI-SS0DF830287,Q06481–Q9HCM2,Q06481,Q9HCM2,27.08293364269589,Signaling by Amyloid-like protein,Ligand-Receptor,Shilts screen - VALIDATED,,
CPI-SS0BF9265F0,O94985–P58401,O94985,P58401,67.08674671181521,Signaling by Calsyntenin,Ligand-Receptor,PMID:29100073,,
CPI-SS0DD3733E8,O94985–Q9HDB5,O94985,Q9HDB5,72.06998463196173,Signaling by Calsyntenin,Ligand-Receptor,PMID:29100073,,
CPI-SS084EA55C0,O94985–Q9ULB1,O94985,Q9ULB1,58.26699407163099,Signaling by Calsyntenin,Ligand-Receptor,PMID:29100073,,
CPI-SS0C1A7F44C,Q9BQT9–P58401,Q9BQT9,P58401,57.43646359799271,Signaling by Calsyntenin,Ligand-Receptor,PMID:29100073,,
CPI-SS0180FFBED,Q9BQT9–Q9HDB5,Q9BQT9,Q9HDB5,62.41970151813922,Signaling by Calsyntenin,Ligand-Receptor,PMID:29100073,,
CPI-SS0B880A155,Q9BQT9–Q9ULB1,Q9BQT9,Q9ULB1,48.61671095780848,Signaling by Calsyntenin,Ligand-Receptor,PMID:29100073,,
CPI-SS093707FE0,Q9H4D0–P58401,Q9H4D0,P58401,69.32647010084673,Signaling by Calsyntenin,Ligand-Receptor,PMID:29100073,,
CPI-SS01A7DC3C1,Q9H4D0–Q9HDB5,Q9H4D0,Q9HDB5,74.30970802099326,Signaling by Calsyntenin,Ligand-Receptor,PMID:29100073,,
CPI-SS09A6C048C,Q9H4D0–Q9ULB1,Q9H4D0,Q9ULB1,60.506717460662514,Signaling by Calsyntenin,Ligand-Receptor,PMID:29100073,,
CPI-SS0B1535576,Q9H2A7–O00574,Q9H2A7,O00574,34.401830293364526,Signaling by Chemokines,Ligand-Receptor,uniprot,,
CPI-SS03E7FB333,Q99075–P04626,Q99075,P04626,32.73200420621128,Signaling by Epidermal growth factor,Ligand-Receptor,uniprot,,
CPI-SS0D26FB68C,P06734–P21802,P06734,P21802,34.50403927811375,Signaling by FC receptor,Receptor-Receptor,Shilts screen - VALIDATED,,
CPI-CS007F1C612,TENM2_FLRT1_complex–O94910,Q9NT68,O94910,120.61369699461126,Signaling by Fibronectin,Ligand-Receptor,uniprot;reactome;IUPHAR,,
CPI-CS04534E61E,TENM2_FLRT3_complex–O94910,Q9NT68,O94910,120.61369699461126,Signaling by Fibronectin,Ligand-Receptor,uniprot;reactome;IUPHAR,,
CPI-CS049AAD8F5,TENM2_FLRT3_complex–O95490,Q9NT68,O95490,115.21554721619728,Signaling by Fibronectin,Ligand-Receptor,uniprot;reactome;IUPHAR,,
CPI-CS059C42E4B,TENM3_FLRT1_complex–Q9HAR2,Q9P273,Q9HAR2,43.09376491026273,Signaling by Fibronectin,Ligand-Receptor,uniprot;reactome;IUPHAR,,
CPI-CS0D62B1695,TENM3_FLRT3_complex–Q9HAR2,Q9P273,Q9HAR2,43.09376491026273,Signaling by Fibronectin,Ligand-Receptor,uniprot;reactome;IUPHAR,,
CPI-CS0C8B4ED97,TENM4_FLRT1_complex–O94910,Q6N022,O94910,124.90960069107015,Signaling by Fibronectin,Ligand-Receptor,uniprot;reactome;IUPHAR,,
CPI-CS0B24464AF,TENM4_FLRT3_complex–O94910,Q6N022,O94910,124.90960069107015,Signaling by Fibronectin,Ligand-Receptor,uniprot;reactome;IUPHAR,,
CPI-CS0D69D106B,integrin_aVb1_complex–P48960,P05556,P48960,40.96887254701242,Signaling by Integrin,Ligand-Receptor,uniprot;reactome;IUPHAR,,
CPI-CS0F34D034A,integrin_aVb1_complex–Q9UHX3,P05556,Q9UHX3,38.93092596950473,Signaling by Integrin,Ligand-Receptor,uniprot;reactome;IUPHAR,,
CPI-CS056DF06D6,integrin_aVb3_complex–P48960,P06756,P48960,40.96887254701242,Signaling by Integrin,Ligand-Receptor,uniprot;reactome;IUPHAR,,
CPI-CS079C9111D,integrin_aVb3_complex–Q9UHX3,P06756,Q9UHX3,38.93092596950473,Signaling by Integrin,Ligand-Receptor,uniprot;reactome;IUPHAR,,
CPI-CS0661098EC,integrin_aVb5_complex–O14514,P06756,O14514,46.113462866705135,Signaling by Integrin,Ligand-Receptor,uniprot;reactome;IUPHAR,,
CPI-SS0E12A78EF,Q9NPH3–P10586,Q9NPH3,P10586,34.134131703923785,Signaling by Interleukin,Adhesion-Adhesion,Shilts screen - VALIDATED,,
CPI-SS0CBB9D57D,Q96NI6–P10586,Q96NI6,P10586,34.82954681928024,Signaling by Leucine Rich Repeat And Fibronectin,Ligand-Receptor,PMID:29100073;PMID:34966732,,
CPI-SS081E1A895,Q96NI6–P23468,Q96NI6,P23468,33.59280833703023,Signaling by Leucine Rich Repeat And Fibronectin,Ligand-Receptor,PMID:29100073;PMID:34966732,,
CPI-SS0DCD351AD,Q96NI6–Q13332,Q96NI6,Q13332,34.16987666588766,Signaling by Leucine Rich Repeat And Fibronectin,Ligand-Receptor,PMID:29100073;PMID:34966732,,
CPI-SS023A16921,O43300–P58401,O43300,P58401,47.75729337094193,Signaling by Leucine-Rich Repeat Transmembrane Neuronal Protein,Ligand-Receptor,PMID:29100073,,
CPI-SS0C0329180,O43300–Q9HDB5,O43300,Q9HDB5,52.740531291088445,Signaling by Leucine-Rich Repeat Transmembrane Neuronal Protein,Ligand-Receptor,PMID:29100073,,
CPI-SS0E5F8A5F7,O43300–Q9ULB1,O43300,Q9ULB1,38.9375407307577,Signaling by Leucine-Rich Repeat Transmembrane Neuronal Protein,Ligand-Receptor,PMID:29100073,,
CPI-SS0888FD8F7,Q86UE6–P58401,Q86UE6,P58401,50.5752846276558,Signaling by Leucine-Rich Repeat Transmembrane Neuronal Protein,Ligand-Receptor,PMID:29100073,,
CPI-SS0EEFFA23C,Q86UE6–Q9HDB5,Q86UE6,Q9HDB5,55.55852254780231,Signaling by Leucine-Rich Repeat Transmembrane Neuronal Protein,Ligand-Receptor,PMID:29100073,,
CPI-SS043D3630C,Q86UE6–Q9ULB1,Q86UE6,Q9ULB1,41.75553198747157,Signaling by Leucine-Rich Repeat Transmembrane Neuronal Protein,Ligand-Receptor,PMID:29100073,,
CPI-SS06157E5AF,Q86VH4–P58401,Q86VH4,P58401,49.993305639008334,Signaling by Leucine-Rich Repeat Transmembrane Neuronal Protein,Ligand-Receptor,PMID:29100073,,
CPI-SS08968FFAE,Q86VH4–Q13332,Q86VH4,Q13332,32.767837710199174,Signaling by Leucine-Rich Repeat Transmembrane Neuronal Protein,Ligand-Receptor,PMID:29100073;PMID:34966732,,
CPI-SS0F97A06CD,Q86VH4–Q9HDB5,Q86VH4,Q9HDB5,54.97654355915485,Signaling by Leucine-Rich Repeat Transmembrane Neuronal Protein,Ligand-Receptor,PMID:29100073,,
CPI-SS03466C597,Q86VH4–Q9ULB1,Q86VH4,Q9ULB1,41.17355299882411,Signaling by Leucine-Rich Repeat Transmembrane Neuronal Protein,Ligand-Receptor,PMID:29100073,,
CPI-SS08D8F6957,Q86VH5–P58401,Q86VH5,P58401,51.71419186947709,Signaling by Leucine-Rich Repeat Transmembrane Neuronal Protein,Ligand-Receptor,PMID:29100073,,
CPI-SS026EC3854,Q86VH5–Q9HDB5,Q86VH5,Q9HDB5,56.6974297896236,Signaling by Leucine-Rich Repeat Transmembrane Neuronal Protein,Ligand-Receptor,PMID:29100073,,
CPI-SS0626DF0EB,Q86VH5–Q9ULB1,Q86VH5,Q9ULB1,42.89443922929286,Signaling by Leucine-Rich Repeat Transmembrane Neuronal Protein,Ligand-Receptor,PMID:29100073,,
CPI-SS0E4245B64,Q92633–P48960,Q92633,P48960,33.02983578822513,Signaling by Lysophosphatidic acid receptor,Receptor-Receptor,uniprot;reactome;IUPHAR,,
CPI-SS076F4624B,Q9HBW0–P48960,Q9HBW0,P48960,22.928872547012418,Signaling by Lysophosphatidic acid receptor,Receptor-Receptor,uniprot;reactome;IUPHAR,,
CPI-SS046661AE7,Q9UBY5–P48960,Q9UBY5,P48960,25.937174701553435,Signaling by Lysophosphatidic acid receptor,Receptor-Receptor,uniprot;reactome;IUPHAR,,
CPI-SS0B0B67CA2,P58401–O94910,P58401,O94910,56.61119721280116,Signaling by Neurexin,Receptor-Receptor,uniprot;reactome;IUPHAR,,
CPI-SS0193D81E1,P58401–Q14118,P58401,Q14118,50.663253612696614,Signaling by Neurexin,Receptor-Receptor,PMID:29100073,,
CPI-SS05E4F3F47,Q9HDB5–O94910,Q9HDB5,O94910,61.59443513294768,Signaling by Neurexin,Receptor-Receptor,uniprot;reactome;IUPHAR,,
CPI-SS019D9440E,Q9ULB1–O94910,Q9ULB1,O94910,47.79144457261694,Signaling by Neurexin,Receptor-Receptor,uniprot;reactome;IUPHAR,,
CPI-SS085E14488,Q9ULB1–Q14118,Q9ULB1,Q14118,41.84350097251239,Signaling by Neurexin,Receptor-Receptor,PMID:29100073,,
CPI-SS0E988B9C0,Q8N0W4–P58401,Q8N0W4,P58401,49.496670201996615,Signaling by Neuroligin,Ligand-Receptor,PMID:29100073,,
CPI-SS0F9118AB4,Q8N0W4–Q9HDB5,Q8N0W4,Q9HDB5,54.47990812214313,Signaling by Neuroligin,Ligand-Receptor,PMID:29100073,,
CPI-SS0CF0A8519,Q8N2Q7–P58401,Q8N2Q7,P58401,52.864291021863664,Signaling by Neuroligin,Ligand-Receptor,PMID:29100073,,
CPI-SS0731F750C,Q8N2Q7–Q9HDB5,Q8N2Q7,Q9HDB5,57.84752894201017,Signaling by Neuroligin,Ligand-Receptor,PMID:29100073,,
CPI-SS07C26C799,Q8NFZ3–P58401,Q8NFZ3,P58401,48.76279569027787,Signaling by Neuroligin,Ligand-Receptor,PMID:29100073,,
CPI-SS0CCB5F46B,Q8NFZ3–Q9ULB1,Q8NFZ3,Q9ULB1,39.943043050093635,Signaling by Neuroligin,Ligand-Receptor,PMID:29100073,,
CPI-SS0934535FF,Q8NFZ4–P58401,Q8NFZ4,P58401,51.48536121705274,Signaling by Neuroligin,Ligand-Receptor,PMID:29100073,,
CPI-SS0C12FCB93,Q8NFZ4–Q9HDB5,Q8NFZ4,Q9HDB5,56.468599137199256,Signaling by Neuroligin,Ligand-Receptor,PMID:29100073,,
CPI-SS08069FE13,Q9NZ94–P23468,Q9NZ94,P23468,32.85190791588765,Signaling by Neuroligin,Ligand-Receptor,PMID:29100073;PMID:34966732,,
CPI-SS074EA7741,Q9NZ94–P58401,Q9NZ94,P58401,50.65444417355423,Signaling by Neuroligin,Ligand-Receptor,PMID:29100073,,
CPI-SS07FBAAD8D,Q9NZ94–Q9HDB5,Q9NZ94,Q9HDB5,55.63768209370075,Signaling by Neuroligin,Ligand-Receptor,PMID:29100073,,
CPI-SS0A6FCBF7C,Q12860–P46531,Q12860,P46531,155.5149455365677,Signaling by Notch,Ligand-Receptor,uniprot;PMID:14567914,,
CPI-SS029811409,Q12860–Q04721,Q12860,Q04721,154.3162693335452,Signaling by Notch,Ligand-Receptor,reactome;PMID:14567914,,
CPI-SS039266778,Q9NZ53–P16109,Q9NZ53,P16109,69.98186057911585,Signaling by Podocalyxin-like protein,Ligand-Receptor,uniprot,,
CPI-SS0B111D2F5,Q9NZ53–P16581,Q9NZ53,P16581,67.93522204902922,Signaling by Podocalyxin-like protein,Ligand-Receptor,uniprot,,
CPI-SS044E718AF,O94933–P23468,O94933,P23468,39.16544502194394,Signaling by SLIT and NTRK-like protein,Ligand-Receptor,PMID:29100073;PMID:34966732,,
CPI-SS05F136AA2,O94991–Q13332,O94991,Q13332,36.47927986490509,Signaling by SLIT and NTRK-like protein,Ligand-Receptor,PMID:29100073;PMID:34966732,,
CPI-SS0D08E949F,Q8IW52–P78380,Q8IW52,P78380,29.35394675913671,Signaling by SLIT and NTRK-like protein,Ligand-Receptor,Shilts screen - VALIDATED,,
CPI-SS0EEF491E3,Q8IW52–Q13332,Q8IW52,Q13332,35.467707320898384,Signaling by SLIT and NTRK-like protein,Ligand-Receptor,PMID:29100073;PMID:34966732,,
CPI-SS000DBE90D,Q96PX8–Q13332,Q96PX8,Q13332,33.70337428551656,Signaling by SLIT and NTRK-like protein,Ligand-Receptor,PMID:29100073;PMID:34966732,,
CPI-SS09ABD133A,Q9H156–Q13332,Q9H156,Q13332,37.15896622432801,Signaling by SLIT and NTRK-like protein,Ligand-Receptor,PMID:29100073;PMID:34966732,,
CPI-SS0FAD26C76,Q9H5Y7–Q13332,Q9H5Y7,Q13332,33.82948817711812,Signaling by SLIT and NTRK-like protein,Ligand-Receptor,PMID:29100073;PMID:34966732,,
CPI-SS0F7113A7D,Q92854–P08575,Q92854,P08575,56.59478107832682,Signaling by Semaphorin,Ligand-Receptor,PMID:22325954,,
CPI-SC08F771F98,Q9H2E6–PlexinA2_complex1,Q9H2E6,O14786,24.49135739213267,Signaling by Semaphorin,Ligand-Receptor,uniprot,,
CPI-SS0D60A535B,P18827–Q96PE1,P18827,Q96PE1,53.69207466640131,Signaling by Syndecan,Ligand-Receptor,uniprot;reactome;IUPHAR,,
CPI-SS0D681D90E,P34741–Q96PE1,P34741,Q96PE1,42.36039150393478,Signaling by Syndecan,Ligand-Receptor,uniprot;reactome;IUPHAR,,
CPI-SS0EC12EAD9,Q6N022–O94910,Q6N022,O94910,124.90960069107015,Signaling by Teneurin,Ligand-Receptor,PMID:29100073;PMID:31354411,,
CPI-SS0FD44484F,Q6N022–O95490,Q6N022,O95490,119.5114509126562,Signaling by Teneurin,Ligand-Receptor,PMID:29100073;PMID:31354411,,
CPI-SS01F00A48A,Q6N022–Q9HAR2,Q6N022,Q9HAR2,119.83678112918908,Signaling by Teneurin,Ligand-Receptor,PMID:29100073;PMID:31354411,,
CPI-SS09159B142,Q9NT68–O94910,Q9NT68,O94910,120.61369699461126,Signaling by Teneurin,Ligand-Receptor,PMID:29100073;PMID:31354411,,
CPI-SS021718DBF,Q9NT68–O95490,Q9NT68,O95490,115.21554721619728,Signaling by Teneurin,Ligand-Receptor,PMID:29100073;PMID:31354411,,
CPI-SS0BCB3D402,Q9NT68–Q9HAR2,Q9NT68,Q9HAR2,115.54087743273018,Signaling by Teneurin,Ligand-Receptor,PMID:29100073;PMID:31354411,,
CPI-SS04FD52559,Q9P273–O94910,Q9P273,O94910,48.16658447214381,Signaling by Teneurin,Ligand-Receptor,PMID:29100073;PMID:31354411,,
CPI-SS075F456AF,Q9P273–O95490,Q9P273,O95490,42.768434693729816,Signaling by Teneurin,Ligand-Receptor,PMID:29100073;PMID:31354411,,
CPI-SS0EA023E51,Q9P273–Q9HAR2,Q9P273,Q9HAR2,43.09376491026273,Signaling by Teneurin,Ligand-Receptor,PMID:29100073;PMID:31354411,,
CPI-SS085E3E37F,Q9UKZ4–O94910,Q9UKZ4,O94910,120.93369699461124,Signaling by Teneurin,Ligand-Receptor,PMID:29100073;PMID:31354411,,
CPI-SS083BB1EB3,Q9UKZ4–O95490,Q9UKZ4,O95490,115.53554721619729,Signaling by Teneurin,Ligand-Receptor,PMID:29100073;PMID:31354411,,
CPI-SS038A612D7,Q9UKZ4–Q9HAR2,Q9UKZ4,Q9HAR2,115.86087743273018,Signaling by Teneurin,Ligand-Receptor,PMID:29100073;PMID:31354411,,
CPI-SS0247B3C14,Q9Y275–Q96RJ3,Q9Y275,Q96RJ3,16.548056835670543,Signaling by Tumor necrosis factor,Ligand-Receptor,uniprot;reactome,,
CPI-CS05B3376EE,CD1B_complex–P40189,P29016,P40189,25.31321039186105,,Ligand-Receptor,Shilts screen - VALIDATED,,
CPI-CS0E570EA78,NRXN1_CBLN1_complex–O43424,P58400,O43424,33.53446007062362,,Ligand-Receptor,uniprot;reactome;IUPHAR,,
CPI-SS0DBA22B92,O00533–O00533,O00533,O00533,31.6579034802553,,Adhesion-Adhesion,Shilts screen - VALIDATED,,
CPI-SS0A5AFF451,O00533–P32004,O00533,P32004,34.89019568621511,,Adhesion-Adhesion,Shilts screen - VALIDATED,,
CPI-SS09CEEE405,O95297–O95297,O95297,O95297,12.41925157320577,,Adhesion-Adhesion,Shilts screen - VALIDATED,,
CPI-SS0F16EAEBB,P13747–Q9H7M9,P13747,Q9H7M9,14.836158466201868,,Ligand-Receptor,Shilts screen - VALIDATED,,
CPI-SS01D36DA5A,P15151–Q8N109,P15151,Q8N109,23.72783457629108,,Ligand-Receptor,Shilts screen - VALIDATED,,
CPI-SS01503DD69,P16070–O43914,P16070,O43914,55.535167499813895,,Ligand-Receptor,PMID:31900164,,
CPI-SS0D62FB89C,P22455–Q03167,P22455,Q03167,27.77874010603874,,Receptor-Receptor,Shilts screen - VALIDATED,,
CPI-SS096F8C268,P23468–Q9NPH3,P23468,Q9NPH3,32.89739322167378,,Ligand-Receptor,PMID:29100073;PMID:34966732,,
CPI-SS0436D5870,P30511–Q9H7M9,P30511,Q9H7M9,15.258422307395357,,Ligand-Receptor,Shilts screen - VALIDATED,,
CPI-SS081A36E07,P33681–P08138,P33681,P08138,28.272163966493608,,Ligand-Receptor,Shilts screen - VALIDATED,,
CPI-SS001D9549D,P34741–P22455,P34741,P22455,36.541285073510295,,Ligand-Receptor,Shilts screen - VALIDATED,,
CPI-SS01D36DDFA,Q13332–Q16288,Q13332,Q16288,39.34599497779632,,Receptor-Receptor,reactome,,
CPI-SS0D9DE7106,Q14118–Q9HDB5,Q14118,Q9HDB5,55.64649153284313,,Ligand-Receptor,PMID:29100073,,
CPI-SS09491FBF4,Q14118–Q9NYQ7,Q14118,Q9NYQ7,124.9258600806304,,Adhesion-Adhesion,uniprot;reactome;IUPHAR,,
CPI-SS0FF0C7449,Q30201–P02786,Q30201,P02786,27.99672035393528,,Ligand-Receptor,uniprot,,
CPI-SS0C724345A,Q5ZPR3–Q5T2D2,Q5ZPR3,Q5T2D2,35.88018207609324,,Ligand-Receptor,uniprot,,
CPI-SS07D508428,Q6ZMC9–P16070,Q6ZMC9,P16070,69.35242543420961,,Ligand-Receptor,PMID:31900164,,
CPI-SS0F6BE4D47,Q6ZN44–Q9HAR2,Q6ZN44,Q9HAR2,30.208172145400965,,Receptor-Receptor,uniprot;reactome;IUPHAR,,
CPI-SS0837C7966,Q8NFZ3–Q9HDB5,Q8NFZ3,Q9HDB5,53.74603361042438,,Ligand-Receptor,PMID:29100073,,
CPI-SS0F4EF9618,Q9BZR6–O14514,Q9BZR6,O14514,55.52293772531544,,Ligand-Receptor,uniprot;reactome;IUPHAR,,
CPI-SS095632066,Q9HCU0–P08887,Q9HCU0,P08887,74.54035606419704,,Ligand-Receptor,Shilts screen - VALIDATED,,
CPI-SS00216A960,Q9NPF0–Q86YT9,Q9NPF0,Q86YT9,24.704325924602017,,Ligand-Receptor,Shilts screen - VALIDATED,,
CPI-SS0B1650B85,Q9NPY3–P15260,Q9NPY3,P15260,26.03664642071615,,Ligand-Receptor,Shilts screen - VALIDATED,,
