Human ID link_prot1,Human ID link_prot2,gene_prot1,gene_prot2,subtype,source,pmids,note
O14672,P35070,ADAM10,BTC,protease and substrate,literature: protease releasing a membrane-anchored growth factor,14993236,ADAM10 is the main protease releasing betacellulin
O14672,Q9NR61,ADAM10,DLL4,protease and substrate,"STRING cis, experimental evidence >= 400",12794186;17107962,no paper found that shows ADAM10 cutting DLL4; ADAM10 cuts DLL1
O14672,P01133,ADAM10,EGF,protease and substrate,literature: protease releasing a membrane-anchored growth factor,14993236,ADAM10 is the main protease releasing EGF
O14672,P46531,ADAM10,NOTCH1,protease and substrate,"STRING cis, experimental evidence >= 400",19726682;19704010;10882062;26051539;23704575;23091066;26686862;29224781,
O14672,Q02297,ADAM10,NRG1,protease and substrate,literature: protease releasing a membrane-anchored growth factor,21576249;23637177,ADAM10 cuts NRG1 types I and III next to the BACE1 site
P78536,Q6UW88,ADAM17,EPGN,protease and substrate,literature: protease releasing a membrane-anchored growth factor,17169360,releasing epigen requires ADAM17
P78536,O14944,ADAM17,EREG,protease and substrate,literature: protease releasing a membrane-anchored growth factor,14993236,ADAM17 is the main protease releasing epiregulin
P78536,Q99075,ADAM17,HBEGF,protease and substrate,literature: protease releasing a membrane-anchored growth factor,14993236,ADAM17 is the main protease releasing HB-EGF
P78536,Q02297,ADAM17,NRG1,protease and substrate,literature: protease releasing a membrane-anchored growth factor,11083924;23637177,"ADAM17 releases transmembrane NRG1, and cuts type III on both sides of its EGF domain"
P78536,P01135,ADAM17,TGFA,protease and substrate,literature: protease releasing a membrane-anchored growth factor,14993236,ADAM17 is the main protease releasing TGF-alpha
P05067,P78536,APP,ADAM17,protease and substrate,"STRING cis, experimental evidence >= 400",9774383;20676056,
P05067,P56817,APP,BACE1,protease and substrate,"STRING cis, experimental evidence >= 400",10531052;23931995;12515826;14504402,
P05067,Q92542,APP,NCSTN,protease and substrate,"STRING cis, experimental evidence >= 400",10993067;16096062;30630874;15322084,
P56817,Q02297,BACE1,NRG1,protease and substrate,literature: protease releasing a membrane-anchored growth factor,16990514;17099708;21576249;23637177,"BACE1 cuts axonal NRG1 type III, which signals to Schwann cells to myelinate"
O00548,O14672,DLL1,ADAM10,protease and substrate,"STRING cis, experimental evidence >= 400",12794186;17107962,
P78504,P78536,JAG1,ADAM17,protease and substrate,"STRING cis, experimental evidence >= 400",20819075;12826675,
P46531,P78536,NOTCH1,ADAM17,protease and substrate,"STRING cis, experimental evidence >= 400",10882063;19704010,
Q09428,Q14654,ABCC8,KCNJ11,binding,"STRING cis, experimental evidence >= 400",,
O60706,Q14654,ABCC9,KCNJ11,binding,"STRING cis, experimental evidence >= 400",,
Q9H221,Q9H222,ABCG8,ABCG5,binding,"STRING cis, experimental evidence >= 400; CellphoneDB complex ABCG5ABCG8 complex",,
Q04771,Q13705,ACVR1,ACVR2B,binding,"STRING cis, experimental evidence >= 400; CellphoneDB complex ACVR_1A2B receptor",,
Q04771,Q16671,ACVR1,AMHR2,binding,CellphoneDB complex MIS receptor 3,,
Q04771,Q13873,ACVR1,BMPR2,binding,"STRING cis, experimental evidence >= 400; CellphoneDB complex ACVR1_BMPR2",,
P36896,Q04771,ACVR1B,ACVR1,binding,"STRING cis, experimental evidence >= 400",,
P36896,Q13705,ACVR1B,ACVR2B,binding,"STRING cis, experimental evidence >= 400; CellphoneDB complex ACVR_1B2B receptor, NODAL receptor",,
P27037,Q04771,ACVR2A,ACVR1,binding,"STRING cis, experimental evidence >= 400; CellphoneDB complex ACVR_1A2A receptor",,
P27037,P36896,ACVR2A,ACVR1B,binding,"STRING cis, experimental evidence >= 400; CellphoneDB complex ACVR_1B2A receptor",,
P27037,Q8NER5,ACVR2A,ACVR1C,binding,"STRING cis, experimental evidence >= 400; CellphoneDB complex ACVR_1C2A receptor",,
P27037,P37023,ACVR2A,ACVRL1,binding,"STRING cis, experimental evidence >= 400",,
P27037,P36894,ACVR2A,BMPR1A,binding,"STRING cis, experimental evidence >= 400; CellphoneDB complex BMR1A_ACR2A",,
P27037,P36897,ACVR2A,TGFBR1,binding,CellphoneDB complex TGFR_AVR2A,,
Q13705,Q8NER5,ACVR2B,ACVR1C,binding,"STRING cis, experimental evidence >= 400; CellphoneDB complex ACVR_1C2B receptor",,
P37023,Q13705,ACVRL1,ACVR2B,binding,"STRING cis, experimental evidence >= 400",,
P37023,Q13873,ACVRL1,BMPR2,binding,CellphoneDB complex ACVL1_BMPR2,,
P37023,P37173,ACVRL1,TGFBR2,binding,"STRING cis, experimental evidence >= 400",,
Q86V24,Q96A54,ADIPOR2,ADIPOR1,binding,CellphoneDB complex ADR complex,,
P35348,P35368,ADRA1A,ADRA1B,binding,CellphoneDB complex ADRA1 receptor,,
P08913,P35372,ADRA2A,OPRM1,binding,CellphoneDB complex opioid receptor A,,
P30556,P41595,AGTR1,HTR2B,binding,"STRING cis, experimental evidence >= 400",,
P09923,P10696,ALPI,ALPG,binding,"STRING cis, experimental evidence >= 400",,
P05187,P10696,ALPP,ALPG,binding,"STRING cis, experimental evidence >= 400",,
P05067,P08138,APP,NGFR,binding,"STRING cis, experimental evidence >= 400",,
P05023,P05026,ATP1A1,ATP1B1,binding,"STRING cis, experimental evidence >= 400",,
P05023,P14415,ATP1A1,ATP1B2,binding,"STRING cis, experimental evidence >= 400",,
P05023,P54709,ATP1A1,ATP1B3,binding,"STRING cis, experimental evidence >= 400",,
P13637,P54709,ATP1A3,ATP1B3,binding,"STRING cis, experimental evidence >= 400",,
P05026,P50993,ATP1B1,ATP1A2,binding,"STRING cis, experimental evidence >= 400",,
P05026,P13637,ATP1B1,ATP1A3,binding,"STRING cis, experimental evidence >= 400",,
P05026,Q13733,ATP1B1,ATP1A4,binding,"STRING cis, experimental evidence >= 400",,
P36894,Q04771,BMPR1A,ACVR1,binding,"STRING cis, experimental evidence >= 400",,
P36894,Q13705,BMPR1A,ACVR2B,binding,"STRING cis, experimental evidence >= 400; CellphoneDB complex BMR1A_AVR2B",,
P36894,Q16671,BMPR1A,AMHR2,binding,CellphoneDB complex MIS receptor 1,,
P36894,Q13873,BMPR1A,BMPR2,binding,"STRING cis, experimental evidence >= 400; CellphoneDB complex BMPR1A_BMPR2",,
O00238,P27037,BMPR1B,ACVR2A,binding,"STRING cis, experimental evidence >= 400; CellphoneDB complex BMR1B_AVR2A",,
O00238,Q13705,BMPR1B,ACVR2B,binding,"STRING cis, experimental evidence >= 400; CellphoneDB complex BMR1B_AVR2B",,
O00238,Q16671,BMPR1B,AMHR2,binding,CellphoneDB complex MIS receptor 2,,
O00238,Q13873,BMPR1B,BMPR2,binding,"STRING cis, experimental evidence >= 400; CellphoneDB complex BMPR1B_BMPR2",,
P35613,P53985,BSG,SLC16A1,binding,CellphoneDB complex SLC16A1 complex,,
O00481,P78410,BTN3A1,BTN3A2,binding,CellphoneDB complex CD277 complex,,
P22748,Q9Y6R1,CA4,SLC4A4,binding,"STRING cis, experimental evidence >= 400",,
P22748,Q15035,CA4,TRAM2,binding,"STRING cis, experimental evidence >= 400",,
Q01668,Q16623,CACNA1D,STX1A,binding,"STRING cis, experimental evidence >= 400",,
O95180,Q12791,CACNA1H,KCNMA1,binding,"STRING cis, experimental evidence >= 400",,
P54289,Q06432,CACNA2D1,CACNG1,binding,"STRING cis, experimental evidence >= 400",,
Q06432,Q9NY47,CACNG1,CACNA2D2,binding,"STRING cis, experimental evidence >= 400",,
Q06432,Q8IZS8,CACNG1,CACNA2D3,binding,"STRING cis, experimental evidence >= 400",,
Q06432,Q7Z3S7,CACNG1,CACNA2D4,binding,"STRING cis, experimental evidence >= 400",,
Q8N3J6,Q8NFZ8,CADM2,CADM4,binding,"STRING cis, experimental evidence >= 400",,
Q8N126,Q8N3J6,CADM3,CADM2,binding,"STRING cis, experimental evidence >= 400",18003830;33397712;32589946,"both on axons, each binding CADM4 on Schwann cells; whether they bind each other in cis or across a contact is not settled"
Q16602,Q99527,CALCRL,GPER1,binding,CellphoneDB complex RAMP3 complex,,
P20963,P30273,CD247,FCER1G,binding,CellphoneDB complex NCR1 receptor,,
A8K4G0,Q9UBK5,CD300LB,HCST,binding,CellphoneDB complex TYROBP complex,,
A8K4G0,O43914,CD300LB,TYROBP,binding,CellphoneDB complex TYROBP complex,,
P04234,P07766,CD3D,CD3E,binding,"STRING cis, experimental evidence >= 400",,
P07766,P20963,CD3E,CD247,binding,"STRING cis, experimental evidence >= 400",,
P07766,P09693,CD3E,CD3G,binding,CellphoneDB complex CD3 receptor EG,,
P01730,P51681,CD4,CCR5,binding,"STRING cis, experimental evidence >= 400",,
P01730,P06127,CD4,CD5,binding,"STRING cis, experimental evidence >= 400",,
P01730,P49685,CD4,GPR15,binding,CellphoneDB complex CD4 receptor,,
P04233,P20036,CD74,HLA-DPA1,binding,"STRING cis, experimental evidence >= 400",,
P04233,P04440,CD74,HLA-DPB1,binding,"STRING cis, experimental evidence >= 400",,
P11912,P40259,CD79A,CD79B,binding,"STRING cis, experimental evidence >= 400; CellphoneDB complex CD79_IGHM receptor, CD79 receptor",,
P33681,Q9NZQ7,CD80,CD274,binding,literature: cis-only heterodimer,29871885;31000591;31757674,PD-L1 bends on its stalk to bind CD80 on the same cell; no binding between cells
P33681,P42081,CD80,CD86,binding,"STRING cis, experimental evidence >= 400",,
P60033,Q9Y653,CD81,ADGRG1,binding,CellphoneDB complex tetraspanin complex,,
P60033,Q969P0,CD81,IGSF8,binding,"STRING cis, experimental evidence >= 400",,
P01732,P10966,CD8A,CD8B,binding,"STRING cis, experimental evidence >= 400; CellphoneDB complex CD8 receptor",,
P21926,Q9Y653,CD9,ADGRG1,binding,CellphoneDB complex tetraspanin complex,,
P21926,P60033,CD9,CD81,binding,CellphoneDB complex tetraspanin complex,,
P19022,Q4KMG0,CDH2,CDON,binding,"STRING cis, experimental evidence >= 400",12634428,a complex at contacts between myoblasts that forms without cadherin adhesion
P33151,P35968,CDH5,KDR,binding,"STRING cis, experimental evidence >= 400",,
O00533,Q9UQ52,CHL1,CNTN6,binding,CellphoneDB complex CNTN6NCHL1 complex,,
P02708,Q07001,CHRNA1,CHRND,binding,"STRING cis, experimental evidence >= 400",,
P30532,Q15822,CHRNA5,CHRNA2,binding,"STRING cis, experimental evidence >= 400",,
P30532,P32297,CHRNA5,CHRNA3,binding,"STRING cis, experimental evidence >= 400",,
P30532,P43681,CHRNA5,CHRNA4,binding,"STRING cis, experimental evidence >= 400",,
P30532,P30926,CHRNA5,CHRNB4,binding,"STRING cis, experimental evidence >= 400",,
P17787,Q15822,CHRNB2,CHRNA2,binding,"STRING cis, experimental evidence >= 400",,
P17787,P32297,CHRNB2,CHRNA3,binding,"STRING cis, experimental evidence >= 400",,
P17787,P43681,CHRNB2,CHRNA4,binding,"STRING cis, experimental evidence >= 400",,
P17787,P30532,CHRNB2,CHRNA5,binding,"STRING cis, experimental evidence >= 400",,
P17787,P30926,CHRNB2,CHRNB4,binding,"STRING cis, experimental evidence >= 400",,
P30926,Q15822,CHRNB4,CHRNA2,binding,"STRING cis, experimental evidence >= 400",,
P30926,P32297,CHRNB4,CHRNA3,binding,"STRING cis, experimental evidence >= 400",,
P30926,P43681,CHRNB4,CHRNA4,binding,"STRING cis, experimental evidence >= 400",,
Q9H2X3,Q9NNX6,CLEC4M,CD209,binding,"STRING cis, experimental evidence >= 400",,
P29973,Q14028,CNGA1,CNGB1,binding,"STRING cis, experimental evidence >= 400",,
Q16281,Q9NQW8,CNGA3,CNGB3,binding,"STRING cis, experimental evidence >= 400",,
P21554,P35372,CNR1,OPRM1,binding,CellphoneDB complex opioid receptor C,,
P26992,P40189,CNTFR,IL6ST,binding,"CellphoneDB complex CNTF-1R, CNTF-2R",,
P26992,P42702,CNTFR,LIFR,binding,"CellphoneDB complex CNTF-1R, CNTF-2R",,
Q12860,Q9UHC6,CNTN1,CNTNAP2,binding,"STRING cis, experimental evidence >= 400",,
Q12860,Q92823,CNTN1,NRCAM,binding,CellphoneDB complex contactin complex II,,
Q02246,Q9UHC6,CNTN2,CNTNAP2,binding,CellphoneDB complex contactin complex IV,,
Q02246,Q8IYL9,CNTN2,GPR65,binding,"STRING cis, experimental evidence >= 400",,
P78357,Q12860,CNTNAP1,CNTN1,binding,CellphoneDB complex contactin complex I,,
P34998,Q99527,CRHR1,GPER1,binding,CellphoneDB complex GPER1 receptor,,
P15509,P32927,CSF2RA,CSF2RB,binding,"STRING cis, experimental evidence >= 400; CellphoneDB complex GMCSFR",,
P32927,Q01344,CSF2RB,IL5RA,binding,CellphoneDB complex IL5 receptor,,
P04839,P13498,CYBB,CY24A,binding,CellphoneDB complex CY24 complex,,
P43146,Q6ZN44,DCC,UNC5A,binding,CellphoneDB complex UNC5A receptor,,
P43146,Q8IZJ1,DCC,UNC5B,binding,CellphoneDB complex DCC complex,,
P43146,Q6UXZ4,DCC,UNC5D,binding,CellphoneDB complex UNC5D receptor,,
Q1HG43,Q9NRD9,DOXA1,DUOX1,binding,CellphoneDB complex DUOX1 complex,,
P21728,Q05586,DRD1,GRIN1,binding,"STRING cis, experimental evidence >= 400",,
P14416,P21917,DRD2,DRD4,binding,CellphoneDB complex dopamine 2 receptor,,
P14416,P42262,DRD2,GRIA2,binding,"STRING cis, experimental evidence >= 400",,
P14416,Q01959,DRD2,SLC6A3,binding,"STRING cis, experimental evidence >= 400",,
O60469,P43146,DSCAM,DCC,binding,CellphoneDB complex DSCAM complex,,
P00533,P30556,EGFR,AGTR1,binding,"STRING cis, experimental evidence >= 400",,
P00533,P30530,EGFR,AXL,binding,"STRING cis, experimental evidence >= 400",,
P00533,P12830,EGFR,CDH1,binding,"STRING cis, experimental evidence >= 400",,
P00533,P04626,EGFR,ERBB2,binding,"STRING cis, experimental evidence >= 400",,
P00533,P21860,EGFR,ERBB3,binding,"STRING cis, experimental evidence >= 400",,
P00533,P05556,EGFR,ITGB1,binding,"STRING cis, experimental evidence >= 400",,
P00533,P32004,EGFR,L1CAM,binding,"STRING cis, experimental evidence >= 400",14718570;22815787,L1CAM bound to L1CAM across a contact switches on EGFR on the same cell
P00533,Q96JA1,EGFR,LRIG1,binding,"STRING cis, experimental evidence >= 400",,
P00533,Q07954,EGFR,LRP1,binding,"STRING cis, experimental evidence >= 400",,
P00533,P08581,EGFR,MET,binding,"STRING cis, experimental evidence >= 400",,
P00533,Q16620,EGFR,NTRK2,binding,"STRING cis, experimental evidence >= 400",,
P00533,Q99650,EGFR,OSMR,binding,"STRING cis, experimental evidence >= 400",,
P00533,P16234,EGFR,PDGFRA,binding,"STRING cis, experimental evidence >= 400",,
P00533,P09619,EGFR,PDGFRB,binding,"STRING cis, experimental evidence >= 400",,
P00533,P23470,EGFR,PTPRG,binding,"STRING cis, experimental evidence >= 400",,
P00533,Q92729,EGFR,PTPRU,binding,"STRING cis, experimental evidence >= 400",,
Q5R3F8,Q96ID5,ELFN2,IGSF21,binding,"STRING cis, experimental evidence >= 400",,
P17813,P37023,ENG,ACVRL1,binding,"STRING cis, experimental evidence >= 400",,
P17813,P36897,ENG,TGFBR1,binding,"STRING cis, experimental evidence >= 400",,
P17813,P37173,ENG,TGFBR2,binding,"STRING cis, experimental evidence >= 400",,
P21709,P29317,EPHA1,EPHA2,binding,"STRING cis, experimental evidence >= 400",,
P04626,P21860,ERBB2,ERBB3,binding,"STRING cis, experimental evidence >= 400; CellphoneDB complex ERBB2_ERBB3 complex",,
P04626,Q15303,ERBB2,ERBB4,binding,"STRING cis, experimental evidence >= 400; CellphoneDB complex ERBB2_ERBB4 complex",,
P21860,Q15303,ERBB3,ERBB4,binding,CellphoneDB complex ERBB3_ERBB4 complex,,
Q6V0I7,Q96JQ0,FAT4,DCHS1,binding,CellphoneDB complex FAT4 complex,,
P12319,P30273,FCER1A,FCER1G,binding,CellphoneDB complex FCeR1,,
P12319,Q01362,FCER1A,MS4A2,binding,CellphoneDB complex FCeR1,,
P30273,Q08708,FCER1G,CD300C,binding,CellphoneDB complex CLM6 complex,,
P30273,Q6UXZ3,FCER1G,CD300LD,binding,CellphoneDB complex CLM4 receptor,,
P30273,Q9HCN6,FCER1G,GP6,binding,CellphoneDB complex GPVI complex,,
P30273,Q01362,FCER1G,MS4A2,binding,CellphoneDB complex FCeR1,,
P12314,Q86VB7,FCGR1A,CD163,binding,"STRING cis, experimental evidence >= 400",,
P12314,P30273,FCGR1A,FCER1G,binding,CellphoneDB complex FCyR1A,,
P08637,P20963,FCGR3A,CD247,binding,CellphoneDB complex FCyR3A II,,
P08637,P30273,FCGR3A,FCER1G,binding,CellphoneDB complex FCyR3A,,
P08637,P12314,FCGR3A,FCGR1A,binding,"STRING cis, experimental evidence >= 400",,
O75015,P08637,FCGR3B,FCGR3A,binding,"STRING cis, experimental evidence >= 400",,
P11362,P19022,FGFR1,CDH2,binding,"STRING cis, experimental evidence >= 400",,
P11362,Q86Z14,FGFR1,KLB,binding,"STRING cis, experimental evidence >= 400",,
P11362,P13591,FGFR1,NCAM1,binding,"STRING cis, experimental evidence >= 400",12791257;20038681,direct binding; same cell or across a contact not settled
P21802,P22607,FGFR2,FGFR3,binding,"STRING cis, experimental evidence >= 400",,
P17948,P35916,FLT1,FLT4,binding,"STRING cis, experimental evidence >= 400",,
P17948,P35968,FLT1,KDR,binding,"STRING cis, experimental evidence >= 400; CellphoneDB complex FLT1 complex",,
P17948,P23467,FLT1,PTPRB,binding,"STRING cis, experimental evidence >= 400",,
P35916,P35968,FLT4,KDR,binding,"STRING cis, experimental evidence >= 400",,
Q5SZK8,Q86XX4,FREM2,FRAS1,binding,"STRING cis, experimental evidence >= 400",,
Q13467,Q68DV7,FZD5,RNF43,binding,"STRING cis, experimental evidence >= 400",,
O60353,Q9ULK5,FZD6,VANGL2,binding,CellphoneDB complex FZD6 complex,,
O75899,P14415,GABBR2,ATP1B2,binding,"STRING cis, experimental evidence >= 400",,
O75899,Q9UBS5,GABBR2,GABBR1,binding,"STRING cis, experimental evidence >= 400; CellphoneDB complex GABBR1_2 complex",,
P14867,P18505,GABRA1,GABRB1,binding,"STRING cis, experimental evidence >= 400",,
P14867,P47870,GABRA1,GABRB2,binding,"STRING cis, experimental evidence >= 400",,
P14867,P28472,GABRA1,GABRB3,binding,"STRING cis, experimental evidence >= 400",,
P14867,P18507,GABRA1,GABRG2,binding,"STRING cis, experimental evidence >= 400",,
P47869,P47870,GABRA2,GABRB2,binding,"STRING cis, experimental evidence >= 400",,
P34903,P47870,GABRA3,GABRB2,binding,"STRING cis, experimental evidence >= 400",,
P31644,P47870,GABRA5,GABRB2,binding,"STRING cis, experimental evidence >= 400",,
P18505,P47869,GABRB1,GABRA2,binding,"STRING cis, experimental evidence >= 400",,
P18505,P34903,GABRB1,GABRA3,binding,"STRING cis, experimental evidence >= 400",,
P18505,P48169,GABRB1,GABRA4,binding,"STRING cis, experimental evidence >= 400",,
P18505,P31644,GABRB1,GABRA5,binding,"STRING cis, experimental evidence >= 400",,
P18505,Q16445,GABRB1,GABRA6,binding,"STRING cis, experimental evidence >= 400",,
P18505,P18507,GABRB1,GABRG2,binding,"STRING cis, experimental evidence >= 400",,
P47870,P48169,GABRB2,GABRA4,binding,"STRING cis, experimental evidence >= 400",,
P47870,Q16445,GABRB2,GABRA6,binding,"STRING cis, experimental evidence >= 400",,
P28472,P47869,GABRB3,GABRA2,binding,"STRING cis, experimental evidence >= 400",,
P28472,P34903,GABRB3,GABRA3,binding,"STRING cis, experimental evidence >= 400",,
P28472,P48169,GABRB3,GABRA4,binding,"STRING cis, experimental evidence >= 400",,
P28472,P31644,GABRB3,GABRA5,binding,"STRING cis, experimental evidence >= 400",,
P28472,Q16445,GABRB3,GABRA6,binding,"STRING cis, experimental evidence >= 400",,
P28472,P47870,GABRB3,GABRB2,binding,"STRING cis, experimental evidence >= 400",,
P18507,P47869,GABRG2,GABRA2,binding,"STRING cis, experimental evidence >= 400",,
P18507,P47870,GABRG2,GABRB2,binding,"STRING cis, experimental evidence >= 400",,
P18507,P28472,GABRG2,GABRB3,binding,"STRING cis, experimental evidence >= 400",,
O43603,P25929,GALR2,NPY1R,binding,"STRING cis, experimental evidence >= 400",,
O00451,P07949,GFRA2,RET,binding,CellphoneDB complex RET receptor 2,,
O60609,P07949,GFRA3,RET,binding,CellphoneDB complex RET receptor 3,,
O75712,P29033,GJB3,GJB2,binding,"STRING cis, experimental evidence >= 400",,
O95452,Q9BZJ8,GJB6,GPR61,binding,"STRING cis, experimental evidence >= 400",,
P43220,P48546,GLP1R,GIPR,binding,CellphoneDB complex glucagon receptor,,
P07359,P13224,GP1BA,GP1BB,binding,CellphoneDB complex Glycoprotein Ib  complex,,
O75487,Q9Y625,GPC4,GPC6,binding,"STRING cis, experimental evidence >= 400",,
P42261,P42262,GRIA1,GRIA2,binding,"STRING cis, experimental evidence >= 400",,
P42262,P42263,GRIA2,GRIA3,binding,"STRING cis, experimental evidence >= 400",,
P42262,P48058,GRIA2,GRIA4,binding,"STRING cis, experimental evidence >= 400",,
P39086,Q16099,GRIK1,GRIK4,binding,"STRING cis, experimental evidence >= 400",,
P39086,Q16478,GRIK1,GRIK5,binding,"STRING cis, experimental evidence >= 400",,
Q13002,Q16099,GRIK2,GRIK4,binding,"STRING cis, experimental evidence >= 400",,
Q13002,Q16478,GRIK2,GRIK5,binding,"STRING cis, experimental evidence >= 400",,
Q13003,Q16099,GRIK3,GRIK4,binding,"STRING cis, experimental evidence >= 400",,
Q13003,Q16478,GRIK3,GRIK5,binding,"STRING cis, experimental evidence >= 400",,
Q05586,Q12879,GRIN1,GRIN2A,binding,"STRING cis, experimental evidence >= 400",,
Q05586,Q13224,GRIN1,GRIN2B,binding,"STRING cis, experimental evidence >= 400",,
Q05586,Q14957,GRIN1,GRIN2C,binding,"STRING cis, experimental evidence >= 400",,
Q05586,Q8TCU5,GRIN1,GRIN3A,binding,"STRING cis, experimental evidence >= 400",,
O15399,Q05586,GRIN2D,GRIN1,binding,"STRING cis, experimental evidence >= 400",,
O60391,Q05586,GRIN3B,GRIN1,binding,"STRING cis, experimental evidence >= 400",,
Q02846,Q14028,GUCY2D,CNGB1,binding,"STRING cis, experimental evidence >= 400",,
Q02846,Q9NQW8,GUCY2D,CNGB3,binding,"STRING cis, experimental evidence >= 400",,
Q6ZVN8,Q92859,HJV,NEO1,binding,"STRING cis, experimental evidence >= 400",,
P06340,P13765,HLA-DOA,HLA-DOB,binding,"STRING cis, experimental evidence >= 400",,
P04440,P20036,HLA-DPB1,HLA-DPA1,binding,"STRING cis, experimental evidence >= 400",,
P01906,P04233,HLA-DQA2,CD74,binding,"STRING cis, experimental evidence >= 400",,
P01906,P01920,HLA-DQA2,HLA-DQB1,binding,"STRING cis, experimental evidence >= 400",,
P01920,P04233,HLA-DQB1,CD74,binding,"STRING cis, experimental evidence >= 400",,
P01903,P04233,HLA-DRA,CD74,binding,"STRING cis, experimental evidence >= 400",,
P01903,Q30154,HLA-DRA,HLA-DRB5,binding,"STRING cis, experimental evidence >= 400",,
P13747,P30511,HLA-E,HLA-F,binding,"STRING cis, experimental evidence >= 400",,
P13747,P17693,HLA-E,HLA-G,binding,"STRING cis, experimental evidence >= 400",,
P17693,P30511,HLA-G,HLA-F,binding,"STRING cis, experimental evidence >= 400",,
P08908,Q99527,HTR1A,GPER1,binding,CellphoneDB complex serotonin rceptor 2,,
P28221,P28222,HTR1D,HTR1B,binding,CellphoneDB complex serotonine receptor1,,
P28223,Q14416,HTR2A,GRM2,binding,"STRING cis, experimental evidence >= 400; CellphoneDB complex glutamate complex",,
P46098,Q8WXA8,HTR3A,HTR3C,binding,CellphoneDB complex 5HT3C5HT3A complex,,
P46098,Q70Z44,HTR3A,HTR3D,binding,CellphoneDB complex 5HT3D receptor,,
A5X5Y0,P46098,HTR3E,HTR3A,binding,CellphoneDB complex serotonin receptor 1,,
P13164,P60033,IFITM1,CD81,binding,"STRING cis, experimental evidence >= 400",,
P17181,P48551,IFNAR1,IFNAR2,binding,"STRING cis, experimental evidence >= 400; CellphoneDB complex Type I IFNR",,
P15260,P38484,IFNGR1,IFNGR2,binding,CellphoneDB complex Type II IFNR,,
P08069,P14616,IGF1R,INSRR,binding,"STRING cis, experimental evidence >= 400",,
P01871,P11912,IGHM,CD79A,binding,CellphoneDB complex CD79_IGHM receptor,,
P01871,P40259,IGHM,CD79B,binding,CellphoneDB complex CD79_IGHM receptor,,
Q08334,Q8IU57,IL10RB,IFNLR1,binding,"STRING cis, experimental evidence >= 400; CellphoneDB complex IL28 receptor, Type III IFNR",,
Q08334,Q13651,IL10RB,IL10RA,binding,CellphoneDB complex IL10 receptor,,
Q08334,Q9UHF4,IL10RB,IL20RA,binding,CellphoneDB complex IL26 receptor,,
Q08334,Q8N6P7,IL10RB,IL22RA1,binding,CellphoneDB complex IL22 receptor,,
P42701,Q99665,IL12RB1,IL12RB2,binding,"STRING cis, experimental evidence >= 400; CellphoneDB complex IL12 receptor",,
P42701,Q5VWK5,IL12RB1,IL23R,binding,CellphoneDB complex IL23 receptor,,
Q96F46,Q9NRM6,IL17RA,IL17RB,binding,CellphoneDB complex IL17 receptor AB,,
Q8NAC3,Q96F46,IL17RC,IL17RA,binding,CellphoneDB complex IL17 receptor AC,,
Q8NFR9,Q96F46,IL17RE,IL17RA,binding,"STRING cis, experimental evidence >= 400; CellphoneDB complex IL17 receptor AE",,
Q13478,Q6IA17,IL18R1,SIGIRR,binding,CellphoneDB complex IL37 receptor,,
O95256,Q13478,IL18RAP,IL18R1,binding,"STRING cis, experimental evidence >= 400; CellphoneDB complex IL18 receptor",,
P14778,Q9NPH3,IL1R1,IL1AP,binding,CellphoneDB complex IL1 receptor,,
P27930,Q9NPH3,IL1R2,IL1AP,binding,CellphoneDB complex IL1 receptor inhibitor,,
Q01638,Q9NPH3,IL1RL1,IL1AP,binding,CellphoneDB complex IL33 receptor,,
Q6UXL0,Q9UHF4,IL20RB,IL20RA,binding,"STRING cis, experimental evidence >= 400; CellphoneDB complex IL20 receptor Type I",,
Q6UXL0,Q8N6P7,IL20RB,IL22RA1,binding,CellphoneDB complex IL20 receptor Type II,,
P01589,P14784,IL2RA,IL2RB,binding,"STRING cis, experimental evidence >= 400; CellphoneDB complex IL2 receptor_HA",,
P01589,P31785,IL2RA,IL2RG,binding,"STRING cis, experimental evidence >= 400; CellphoneDB complex IL2 receptor_HA",,
P14784,P31785,IL2RB,IL2RG,binding,"STRING cis, experimental evidence >= 400; CellphoneDB complex IL2 receptor_I, IL2 receptor_HA, IL15 receptor",,
P31785,Q9HBE5,IL2RG,IL21R,binding,CellphoneDB complex IL21 receptor,,
P31785,Q01113,IL2RG,IL9R,binding,CellphoneDB complex IL9 receptor,,
Q8NI17,Q99650,IL31RA,OSMR,binding,CellphoneDB complex IL31 receptor,,
P26951,P32927,IL3RA,CSF2RB,binding,"STRING cis, experimental evidence >= 400; CellphoneDB complex IL3 receptor",,
P24394,P78552,IL4R,IL13RA1,binding,"STRING cis, experimental evidence >= 400; CellphoneDB complex IL13 receptor",,
P24394,P31785,IL4R,IL2RG,binding,"STRING cis, experimental evidence >= 400; CellphoneDB complex IL4 receptor",,
P08887,P40189,IL6R,IL6ST,binding,"STRING cis, experimental evidence >= 400; CellphoneDB complex IL6 receptor",,
P40189,Q14626,IL6ST,IL11RA,binding,CellphoneDB complex IL11 receptor,,
P40189,Q99665,IL6ST,IL12RB2,binding,CellphoneDB complex IL35 receptor,,
P40189,Q6UWB1,IL6ST,IL27RA,binding,CellphoneDB complex IL27 receptor,,
P40189,P42702,IL6ST,LIFR,binding,"STRING cis, experimental evidence >= 400; CellphoneDB complex CNTF-1R, LIFR, CNTF-2R",,
P40189,Q99650,IL6ST,OSMR,binding,"STRING cis, experimental evidence >= 400; CellphoneDB complex OSMR",,
P16871,Q9HC73,IL7R,CRLF2,binding,"STRING cis, experimental evidence >= 400; CellphoneDB complex TSLPR",,
P16871,P31785,IL7R,IL2RG,binding,CellphoneDB complex IL7 receptor,,
Q9HB29,Q9NPH3,ILRL2,IL1AP,binding,CellphoneDB complex IL36 receptor,,
P06213,P08069,INSR,IGF1R,binding,CellphoneDB complex Insulin receptor,,
P06213,P14616,INSR,INSRR,binding,"STRING cis, experimental evidence >= 400",,
P06213,P10586,INSR,PTPRF,binding,"STRING cis, experimental evidence >= 400",,
O75578,P05556,ITGA10,ITGB1,binding,"STRING cis, experimental evidence >= 400; CellphoneDB complex a10b1 complex",,
P13612,P26010,ITGA4,ITGB7,binding,"STRING cis, experimental evidence >= 400; CellphoneDB complex a4b7 complex",,
P08648,P17813,ITGA5,ENG,binding,"STRING cis, experimental evidence >= 400",22940691;26646071,a complex on endothelial cells; endoglin also binds the integrin on neighbouring mural cells
P06756,P18084,ITGAV,ITGB5,binding,"STRING cis, experimental evidence >= 400; CellphoneDB complex aVb5 complex",,
P06756,P18564,ITGAV,ITGB6,binding,"STRING cis, experimental evidence >= 400; CellphoneDB complex aVb6 complex",,
P06756,P26012,ITGAV,ITGB8,binding,"STRING cis, experimental evidence >= 400; CellphoneDB complex aVb8 complex",,
P05556,P32927,ITGB1,CSF2RB,binding,"STRING cis, experimental evidence >= 400",,
P05556,P17813,ITGB1,ENG,binding,"STRING cis, experimental evidence >= 400",,
P05556,P35916,ITGB1,FLT4,binding,"STRING cis, experimental evidence >= 400",,
P05556,P56199,ITGB1,ITGA1,binding,"STRING cis, experimental evidence >= 400; CellphoneDB complex a1b1 complex",,
P05556,Q9UKX5,ITGB1,ITGA11,binding,"STRING cis, experimental evidence >= 400; CellphoneDB complex a11b1 complex",,
P05556,P17301,ITGB1,ITGA2,binding,"STRING cis, experimental evidence >= 400; CellphoneDB complex a2b1 complex",,
P05556,P26006,ITGB1,ITGA3,binding,"STRING cis, experimental evidence >= 400; CellphoneDB complex a3b1 complex",,
P05556,P13612,ITGB1,ITGA4,binding,"STRING cis, experimental evidence >= 400; CellphoneDB complex a4b1 complex",,
P05556,P08648,ITGB1,ITGA5,binding,"STRING cis, experimental evidence >= 400; CellphoneDB complex a5b1 complex",,
P05556,P23229,ITGB1,ITGA6,binding,"STRING cis, experimental evidence >= 400; CellphoneDB complex a6b1 complex",,
P05556,Q13683,ITGB1,ITGA7,binding,"STRING cis, experimental evidence >= 400; CellphoneDB complex a7b1 complex",,
P05556,P53708,ITGB1,ITGA8,binding,"STRING cis, experimental evidence >= 400; CellphoneDB complex a8b1 complex",,
P05556,Q13797,ITGB1,ITGA9,binding,"STRING cis, experimental evidence >= 400; CellphoneDB complex a9b1 complex",,
P05556,P06756,ITGB1,ITGAV,binding,"STRING cis, experimental evidence >= 400; CellphoneDB complex aVb1 complex",,
P05107,Q13349,ITGB2,ITGAD,binding,"STRING cis, experimental evidence >= 400; CellphoneDB complex aDb2 complex",,
P05107,P20701,ITGB2,ITGAL,binding,"STRING cis, experimental evidence >= 400; CellphoneDB complex aLb2 complex",,
P05107,P11215,ITGB2,ITGAM,binding,"STRING cis, experimental evidence >= 400; CellphoneDB complex aMb2 complex",,
P05107,P20702,ITGB2,ITGAX,binding,"STRING cis, experimental evidence >= 400; CellphoneDB complex aXb2 complex",,
P05106,P08514,ITGB3,ITGA2B,binding,"STRING cis, experimental evidence >= 400; CellphoneDB complex a2Bb3 complex",,
P05106,P06756,ITGB3,ITGAV,binding,"STRING cis, experimental evidence >= 400; CellphoneDB complex aVb3 complex",,
P05106,P35968,ITGB3,KDR,binding,"STRING cis, experimental evidence >= 400",,
P05106,P09619,ITGB3,PDGFRB,binding,"STRING cis, experimental evidence >= 400",,
P16144,P23229,ITGB4,ITGA6,binding,"STRING cis, experimental evidence >= 400; CellphoneDB complex a6b4 complex",,
P26010,P38570,ITGB7,ITGAE,binding,"STRING cis, experimental evidence >= 400; CellphoneDB complex aEb7 complex",,
P16389,Q9UHC6,KCNA2,CNTNAP2,binding,"STRING cis, experimental evidence >= 400",,
P16389,Q09470,KCNA2,KCNA1,binding,"STRING cis, experimental evidence >= 400",,
P16389,P22459,KCNA2,KCNA4,binding,CellphoneDB complex potassium complex,,
Q14721,Q9UIX4,KCNB1,KCNG1,binding,CellphoneDB complex KCNG1KCNB1 complex,,
Q14721,Q9UJ96,KCNB1,KCNG2,binding,CellphoneDB complex KCNG2KCNB1 complex,,
Q14721,Q8TAE7,KCNB1,KCNG3,binding,CellphoneDB complex KCNG3 complex,,
Q14721,Q8TDN1,KCNB1,KCNG4,binding,CellphoneDB complex KCNG4 complex,,
Q14721,Q96KK3,KCNB1,KCNS1,binding,CellphoneDB complex KCNS1KCNB1 complex,,
Q14721,Q9ULS6,KCNB1,KCNS2,binding,CellphoneDB complex KCNS2KCNB1 complex,,
Q14721,Q9BQ31,KCNB1,KCNS3,binding,CellphoneDB complex KCNS3 complex,,
Q14721,Q8TDN2,KCNB1,KCNV2,binding,CellphoneDB complex KCNV2 complex,,
Q92953,Q96KK3,KCNB2,KCNS1,binding,CellphoneDB complex KCNS1KCNB2 complex,,
Q92953,Q9ULS6,KCNB2,KCNS2,binding,CellphoneDB complex KCNS2KCNB2 complex,,
Q12809,Q9H252,KCNH2,KCNH6,binding,"STRING cis, experimental evidence >= 400",,
P48549,P63252,KCNJ3,KCNJ2,binding,"STRING cis, experimental evidence >= 400",,
P48549,Q92806,KCNJ3,KCNJ9,binding,"STRING cis, experimental evidence >= 400",,
P48050,P48549,KCNJ4,KCNJ3,binding,"STRING cis, experimental evidence >= 400",,
P48051,P48549,KCNJ6,KCNJ3,binding,"STRING cis, experimental evidence >= 400",,
P48051,Q92806,KCNJ6,KCNJ9,binding,"STRING cis, experimental evidence >= 400",,
Q12791,Q16558,KCNMA1,KCNMB1,binding,"STRING cis, experimental evidence >= 400",,
A8MYU2,Q8N7C0,KCNU1,LRRC52,binding,CellphoneDB complex LRC52 complex,,
Q6PIU1,Q92953,KCNV1,KCNB2,binding,CellphoneDB complex KCNV1KCNB2 complex,,
P35968,Q9UIW2,KDR,PLXNA1,binding,CellphoneDB complex PlexinA1_complex1,,
P35968,Q12913,KDR,PTPRJ,binding,"STRING cis, experimental evidence >= 400",,
P10721,Q16827,KIT,PTPRO,binding,"STRING cis, experimental evidence >= 400",,
P10721,Q92729,KIT,PTPRU,binding,"STRING cis, experimental evidence >= 400",,
P26715,Q13241,KLRC1,KLRD1,binding,"STRING cis, experimental evidence >= 400; CellphoneDB complex CD94:NKG2A",,
P26717,Q13241,KLRC2,KLRD1,binding,CellphoneDB complex CD94:NKG2C,,
Q07444,Q13241,KLRC3,KLRD1,binding,CellphoneDB complex CD94:NKG2E,,
P26718,Q9UBK5,KLRK1,HCST,binding,CellphoneDB complex NKG2D II receptor,,
P32004,Q02246,L1CAM,CNTN2,binding,CellphoneDB complex contactin complex V,,
O75473,Q68DV7,LGR5,RNF43,binding,"STRING cis, experimental evidence >= 400",,
Q8TAF8,Q96QU1,LHFPL5,PCDH15,binding,CellphoneDB complex PCDH15 complex,,
O75022,Q6PI73,LILRB3,LILRA6,binding,"STRING cis, experimental evidence >= 400",,
Q9BTN0,Q9ULH4,LRFN3,LRFN2,binding,CellphoneDB complex LRFN2LRFN3 complex,,
Q6PJG9,Q9ULH4,LRFN4,LRFN2,binding,CellphoneDB complex LRFN2LRFN4 complex,,
Q6PJG9,Q9BTN0,LRFN4,LRFN3,binding,CellphoneDB complex LRFN3LRFN4 complex,,
Q6PJG9,Q96NI6,LRFN4,LRFN5,binding,CellphoneDB complex leucine rich complex,,
Q96NI6,Q9ULH4,LRFN5,LRFN2,binding,CellphoneDB complex LRFN2LRFN5 complex,,
Q96NI6,Q9BTN0,LRFN5,LRFN3,binding,CellphoneDB complex LRFN3LRFN5 complex,,
O75581,Q13467,LRP6,FZD5,binding,"STRING cis, experimental evidence >= 400",,
O75581,Q9H461,LRP6,FZD8,binding,"STRING cis, experimental evidence >= 400",,
Q86UE6,Q9HCK4,LRRTM1,ROBO2,binding,"STRING cis, experimental evidence >= 400",,
O43300,Q86UE6,LRRTM2,LRRTM1,binding,"STRING cis, experimental evidence >= 400",,
Q13449,Q7Z3B1,LSAMP,NEGR1,binding,"STRING cis, experimental evidence >= 400",30956130;32710982,IgLON family: binding across a contact and on one membrane both proposed
P20916,Q86UE6,MAG,LRRTM1,binding,"STRING cis, experimental evidence >= 400",,
Q8NFP4,Q8NFZ4,MDGA1,NLGN2,binding,"STRING cis, experimental evidence >= 400",,
P08581,P21860,MET,ERBB3,binding,"STRING cis, experimental evidence >= 400",,
P08581,P16144,MET,ITGB4,binding,"STRING cis, experimental evidence >= 400",,
P08581,Q96JA1,MET,LRIG1,binding,"STRING cis, experimental evidence >= 400",,
P08581,Q12913,MET,PTPRJ,binding,"STRING cis, experimental evidence >= 400",,
O60487,Q6UWV2,MPZL2,MPZL3,binding,"STRING cis, experimental evidence >= 400",,
O15146,O75096,MUSK,LRP4,binding,CellphoneDB complex Agrin complex,,
O76036,P20963,NCR1,CD247,binding,CellphoneDB complex NCR1 receptor,,
O76036,P30273,NCR1,FCER1G,binding,CellphoneDB complex NCR1 receptor,,
O14931,P20963,NCR3,CD247,binding,CellphoneDB complex NCR3 receptor,,
Q7Z3B1,Q9P121,NEGR1,NTM,binding,"STRING cis, experimental evidence >= 400",30956130;32710982,IgLON family: binding across a contact and on one membrane both proposed
Q92859,Q96B86,NEO1,RGMA,binding,"STRING cis, experimental evidence >= 400",,
O94856,P78357,NFASC,CNTNAP1,binding,"STRING cis, experimental evidence >= 400",,
P08138,Q16620,NGFR,NTRK2,binding,"STRING cis, experimental evidence >= 400",,
P08138,Q9BZR6,NGFR,RTN4R,binding,"STRING cis, experimental evidence >= 400",,
P08138,Q99523,NGFR,SORT1,binding,"STRING cis, experimental evidence >= 400",,
Q8N0W4,Q9NZ94,NLGN4X,NLGN3,binding,"STRING cis, experimental evidence >= 400",,
O14511,P00533,NRG2,EGFR,binding,"STRING cis, experimental evidence >= 400",,
O14786,P17948,NRP1,FLT1,binding,"STRING cis, experimental evidence >= 400",,
O14786,P35916,NRP1,FLT4,binding,"STRING cis, experimental evidence >= 400",,
O14786,P35968,NRP1,KDR,binding,"STRING cis, experimental evidence >= 400",,
O14786,Q9UIW2,NRP1,PLXNA1,binding,"STRING cis, experimental evidence >= 400; CellphoneDB complex PlexinA1_complex3",,
O14786,O75051,NRP1,PLXNA2,binding,"STRING cis, experimental evidence >= 400; CellphoneDB complex PlexinA2_complex1",,
O14786,P51805,NRP1,PLXNA3,binding,CellphoneDB complex PlexinA3_complex1,,
O14786,Q9HCM2,NRP1,PLXNA4,binding,CellphoneDB complex PlexinA4_complex1,,
O60462,P17948,NRP2,FLT1,binding,"STRING cis, experimental evidence >= 400",,
P04629,Q9ULH0,NTRK1,KIDINS220,binding,"STRING cis, experimental evidence >= 400",,
P04629,P08138,NTRK1,NGFR,binding,"STRING cis, experimental evidence >= 400",,
Q16620,Q9ULH0,NTRK2,KIDINS220,binding,"STRING cis, experimental evidence >= 400",,
Q16288,Q9ULH0,NTRK3,KIDINS220,binding,"STRING cis, experimental evidence >= 400",,
Q14982,Q9P121,OPCML,NTM,binding,"STRING cis, experimental evidence >= 400",,
P35372,P51681,OPRM1,CCR5,binding,CellphoneDB complex opioid receptor CCR5,,
P35372,P51674,OPRM1,GPM6A,binding,CellphoneDB complex opioid receptor GMP6A,,
P35372,Q9Y5X5,OPRM1,NPFFR2,binding,CellphoneDB complex opioid receptor N,,
P35372,P41143,OPRM1,OPRD1,binding,"STRING cis, experimental evidence >= 400; CellphoneDB complex opioid receptor D 1",,
P35372,P41145,OPRM1,OPRK1,binding,CellphoneDB complex opioid receptor K 1,,
P35372,P41146,OPRM1,OPRL1,binding,CellphoneDB complex opioid receptor L 1,,
Q96D31,Q9P246,ORAI1,STIM2,binding,"STRING cis, experimental evidence >= 400",,
P51575,Q9UBL9,P2RX1,P2RX2,binding,"STRING cis, experimental evidence >= 400",,
Q96RD7,Q99572,PANX1,P2RX7,binding,CellphoneDB complex P2X7 receptor-Pannexin1 complex,,
P09619,P35968,PDGFRB,KDR,binding,"STRING cis, experimental evidence >= 400",,
P09619,P16234,PDGFRB,PDGFRA,binding,CellphoneDB complex PDGFR complex,,
P09619,Q12913,PDGFRB,PTPRJ,binding,"STRING cis, experimental evidence >= 400",,
P16284,P30411,PECAM1,BDKRB2,binding,CellphoneDB complex bradykinin  receptor,,
P98161,Q13563,PKD1,PKD2,binding,"STRING cis, experimental evidence >= 400; CellphoneDB complex Polycistin complex I",,
P98161,Q9P0L9,PKD1,PKD2L1,binding,CellphoneDB complex Polycistin complex II,,
Q8TDX9,Q9P0L9,PKD1L1,PKD2L1,binding,CellphoneDB complex PK1L1PK2L1 complex,,
Q7Z443,Q9P0L9,PKD1L3,PKD2L1,binding,"STRING cis, experimental evidence >= 400; CellphoneDB complex Polycistin complex III",,
Q13563,Q8TDX9,PKD2,PKD1L1,binding,CellphoneDB complex PK1L1PKD2 complex,,
O43157,P08581,PLXNB1,MET,binding,"STRING cis, experimental evidence >= 400",,
Q13635,Q99835,PTCH1,SMO,binding,"STRING cis, experimental evidence >= 400",,
P18433,Q12860,PTPRA,CNTN1,binding,CellphoneDB complex contactin complex III,,
P18433,Q9UQ52,PTPRA,CNTN6,binding,CellphoneDB complex CNTN6PTPRA complex,,
P23467,P33151,PTPRB,CDH5,binding,"STRING cis, experimental evidence >= 400",,
P23467,Q02763,PTPRB,TEK,binding,"STRING cis, experimental evidence >= 400",,
P08575,P16070,PTPRC,CD44,binding,"STRING cis, experimental evidence >= 400",,
P08575,P20701,PTPRC,ITGAL,binding,"STRING cis, experimental evidence >= 400",,
P10586,P12830,PTPRF,CDH1,binding,"STRING cis, experimental evidence >= 400",,
O14522,Q96PX8,PTPRT,SLITRK1,binding,"STRING cis, experimental evidence >= 400",,
O14522,Q9H156,PTPRT,SLITRK2,binding,"STRING cis, experimental evidence >= 400",,
Q5VY80,Q9UGF7,RAET1L,OR12D3,binding,"STRING cis, experimental evidence >= 400",,
O60894,Q16602,RAMP1,CALCRL,binding,"STRING cis, experimental evidence >= 400; CellphoneDB complex RAMP1 complex",,
O60895,Q16602,RAMP2,CALCRL,binding,"STRING cis, experimental evidence >= 400; CellphoneDB complex RAMP2 complex",,
O60896,Q16602,RAMP3,CALCRL,binding,"CellphoneDB complex RAMP3 complex 2, RAMP3 complex",,
O60896,Q99527,RAMP3,GPER1,binding,CellphoneDB complex RAMP3 complex,,
P07949,P56159,RET,GFRA1,binding,"STRING cis, experimental evidence >= 400; CellphoneDB complex RET receptor 1",,
P07949,Q9GZZ7,RET,GFRA4,binding,CellphoneDB complex RET receptor 4,,
Q6NW40,Q92859,RGMB,NEO1,binding,"STRING cis, experimental evidence >= 400",,
Q01974,Q14332,ROR2,FZD2,binding,"STRING cis, experimental evidence >= 400",,
Q01974,Q13467,ROR2,FZD5,binding,"STRING cis, experimental evidence >= 400",,
P34925,Q9H461,RYK,FZD8,binding,"STRING cis, experimental evidence >= 400",,
Q13621,Q9BXP2,S12A1,SLC12A9,binding,CellphoneDB complex S12A9S12A9 complexes,,
P21453,Q07108,S1PR1,CD69,binding,"STRING cis, experimental evidence >= 400",,
Q99250,Q9NY46,SCN2A,SCN3A,binding,"STRING cis, experimental evidence >= 400",,
P35499,Q99250,SCN4A,SCN2A,binding,"STRING cis, experimental evidence >= 400",,
P35499,Q9NY46,SCN4A,SCN3A,binding,"STRING cis, experimental evidence >= 400",,
Q14524,Q9Y5Y9,SCN5A,SCN10A,binding,"STRING cis, experimental evidence >= 400",,
Q15858,Q99250,SCN9A,SCN2A,binding,"STRING cis, experimental evidence >= 400",,
Q15858,Q9NY46,SCN9A,SCN3A,binding,"STRING cis, experimental evidence >= 400",,
P37088,P51168,SCNN1A,SCNN1B,binding,"STRING cis, experimental evidence >= 400; CellphoneDB complex Sodium channel complex",,
P37088,P51170,SCNN1A,SCNN1G,binding,"STRING cis, experimental evidence >= 400; CellphoneDB complex Sodium channel complex",,
P51168,P51172,SCNN1B,SCNN1D,binding,CellphoneDB complex SCN complex,,
P51168,P51170,SCNN1B,SCNN1G,binding,"STRING cis, experimental evidence >= 400; CellphoneDB complex Sodium channel complex, SCN complex",,
P51170,P51172,SCNN1G,SCNN1D,binding,CellphoneDB complex SCN complex,,
Q16586,Q92629,SGCA,SGCD,binding,"STRING cis, experimental evidence >= 400",,
Q16585,Q16586,SGCB,SGCA,binding,"STRING cis, experimental evidence >= 400",,
Q16585,Q92629,SGCB,SGCD,binding,"STRING cis, experimental evidence >= 400",,
Q16585,Q96LD1,SGCB,SGCZ,binding,"STRING cis, experimental evidence >= 400",,
Q13326,Q16585,SGCG,SGCB,binding,"STRING cis, experimental evidence >= 400",,
P78324,Q9P1W8,SIRPA,SIRPG,binding,"STRING cis, experimental evidence >= 400",,
O00241,O43914,SIRPB1,TYROBP,binding,CellphoneDB complex SIRB1 complex,,
P49281,Q9BT67,SLC11A2,NDFIP1,binding,"STRING cis, experimental evidence >= 400",,
P49281,Q9NV92,SLC11A2,NDFIP2,binding,"STRING cis, experimental evidence >= 400",,
O15427,P35613,SLC16A3,BSG,binding,CellphoneDB complex SLC16A3 complex,,
O95907,P35613,SLC16A8,BSG,binding,CellphoneDB complex SLC16A8 complex,,
P11169,Q8TDB8,SLC2A3,SLC2A14,binding,"STRING cis, experimental evidence >= 400",,
P14672,Q9UIQ6,SLC2A4,LNPEP,binding,"STRING cis, experimental evidence >= 400",,
P08195,Q9UHI5,SLC3A2,LAT2,binding,CellphoneDB complex aminoacid  transporter,,
P08195,Q9UPY5,SLC3A2,SLC7A11,binding,"STRING cis, experimental evidence >= 400",,
P08195,Q01650,SLC3A2,SLC7A5,binding,"STRING cis, experimental evidence >= 400; CellphoneDB complex LAT1 transporter",,
P30531,Q16623,SLC6A1,STX1A,binding,"STRING cis, experimental evidence >= 400",,
Q01959,Q16623,SLC6A3,STX1A,binding,"STRING cis, experimental evidence >= 400",,
P57103,Q9UPR5,SLC8A3,SLC8A2,binding,"STRING cis, experimental evidence >= 400",,
Q99835,Q9Y6C5,SMO,PTCH2,binding,"STRING cis, experimental evidence >= 400",,
P30874,P35372,SSTR2,OPRM1,binding,CellphoneDB complex opioid receptor S,,
P30874,P32745,SSTR2,SSTR3,binding,CellphoneDB complex somatostatin receptor,,
P30874,P35346,SSTR2,SSTR5,binding,CellphoneDB complex somatostatin receptor II,,
Q13586,Q96D31,STIM1,ORAI1,binding,"STRING cis, experimental evidence >= 400",,
P13385,P36896,TDGF1,ACVR1B,binding,"STRING cis, experimental evidence >= 400; CellphoneDB complex NODAL receptor",,
P13385,Q8NER5,TDGF1,ACVR1C,binding,"STRING cis, experimental evidence >= 400",,
P13385,Q13705,TDGF1,ACVR2B,binding,CellphoneDB complex NODAL receptor,,
P02786,Q30201,TFRC,HFE,binding,"STRING cis, experimental evidence >= 400",,
P36897,Q13705,TGFBR1,ACVR2B,binding,CellphoneDB complex TGFR_AVR2B,,
P36897,P37023,TGFBR1,ACVRL1,binding,"STRING cis, experimental evidence >= 400",,
P36897,Q13873,TGFBR1,BMPR2,binding,CellphoneDB complex TGFR_BMPR2,,
P36897,P37173,TGFBR1,TGFBR2,binding,"STRING cis, experimental evidence >= 400; CellphoneDB complex TGFbeta receptor1",,
P37173,Q04771,TGFBR2,ACVR1,binding,CellphoneDB complex TGFbeta receptor2,,
P37173,Q03167,TGFBR2,TGFBR3,binding,"STRING cis, experimental evidence >= 400",,
P35590,Q02763,TIE1,TEK,binding,CellphoneDB complex TIE1TEK_receptor,,
O60603,Q15399,TLR2,TLR1,binding,"STRING cis, experimental evidence >= 400",,
O60603,Q9Y2C9,TLR2,TLR6,binding,"STRING cis, experimental evidence >= 400",,
O00206,P08571,TLR4,CD14,binding,"STRING cis, experimental evidence >= 400",,
O00220,O14763,TNFRSF10A,TNFRSF10B,binding,"STRING cis, experimental evidence >= 400",,
O14763,P25445,TNFRSF10B,FAS,binding,"STRING cis, experimental evidence >= 400",,
P19438,P25445,TNFRSF1A,FAS,binding,"STRING cis, experimental evidence >= 400",,
O75509,P05067,TNFRSF21,APP,binding,"STRING cis, experimental evidence >= 400",,
Q9NZC2,Q9UIW2,TREM2,PLXNA1,binding,CellphoneDB complex PlexinA1_complex2,,
P48995,Q14571,TRPC1,ITPR2,binding,"STRING cis, experimental evidence >= 400",,
P48995,Q14573,TRPC1,ITPR3,binding,"STRING cis, experimental evidence >= 400",,
P48995,Q9UBN4,TRPC1,TRPC4,binding,"STRING cis, experimental evidence >= 400",,
P48995,Q9UL62,TRPC1,TRPC5,binding,"STRING cis, experimental evidence >= 400",,
O95859,Q9ULV1,TSPAN12,FZD4,binding,CellphoneDB complex FZD4TSN12 complex,,
O43914,Q08708,TYROBP,CD300C,binding,CellphoneDB complex CLM6 complex,,
O43914,Q496F6,TYROBP,CD300E,binding,"STRING cis, experimental evidence >= 400; CellphoneDB complex CLM2  receptor",,
O43914,Q6UXZ3,TYROBP,CD300LD,binding,CellphoneDB complex CLM4 receptor,,
O43914,Q9NY25,TYROBP,CLEC5A,binding,"STRING cis, experimental evidence >= 400",,
O43914,P30273,TYROBP,FCER1G,binding,"CellphoneDB complex CLM6 complex, CLM4 receptor",,
O43914,Q9UBK5,TYROBP,HCST,binding,CellphoneDB complex TYROBP complex,,
O43914,P43631,TYROBP,KI2S2,binding,CellphoneDB complex KIRS2,,
O43914,P43632,TYROBP,KI2S4,binding,CellphoneDB complex KIRS4,,
O43914,O95944,TYROBP,NCR2,binding,"STRING cis, experimental evidence >= 400; CellphoneDB complex NCR2 receptor",,
O43914,Q9UIW2,TYROBP,PLXNA1,binding,CellphoneDB complex PlexinA1_complex2,,
O43914,Q9NP99,TYROBP,TREM1,binding,"STRING cis, experimental evidence >= 400; CellphoneDB complex TREM1 receptor",,
O43914,Q9NZC2,TYROBP,TREM2,binding,"CellphoneDB complex TREM2 receptor, PlexinA1_complex2",,
Q9BZM4,Q9BZM6,ULBP3,ULBP1,binding,"STRING cis, experimental evidence >= 400",,
Q8IZJ1,Q92859,UNC5B,NEO1,binding,"STRING cis, experimental evidence >= 400",,
O95185,P43146,UNC5C,DCC,binding,CellphoneDB complex UNC5C complex,,
Q8TAA9,Q9ULK5,VANGL1,VANGL2,binding,CellphoneDB complex VANG complex,,
