pmid,first_author,year,journal,title
1378817,McCall MN,1992,Immunology,Expression of soluble isoforms of rat CD45. Analysis by electron microscopy and use in epitope mapping of anti-CD45R monoclonal antibodies.
1379234,Ernst LK,1992,J Biol Chem,Three genes for the human high affinity Fc receptor for IgG (Fc gamma RI) encode four distinct transcription products.
1380002,Rao Y,1992,J Cell Biol,Identification of a peptide sequence involved in homophilic binding in the neural cell adhesion molecule NCAM.
1400585,Vestal DJ,1992,J Cell Biol,"Glycosyl phosphatidylinositol--anchored T-cadherin mediates calcium-dependent, homophilic cell adhesion."
1430234,Porges AJ,1992,J Clin Invest,Novel Fc gamma receptor I family gene products in human mononuclear cells.
1527169,Mauro VP,1992,J Cell Biol,"Homophilic and heterophilic binding activities of Nr-CAM, a nervous system cell adhesion molecule."
1712604,Inuzuka H,1991,Neuron,R-cadherin: a novel Ca(2+)-dependent cell-cell adhesion molecule expressed in the retina.
2762814,Miyatani S,1989,Science,Neural cadherin: role in selective cell-cell adhesion.
2793940,Shimoyama Y,1989,J Cell Biol,Molecular cloning of a human Ca2+-dependent cell-cell adhesion molecule homologous to mouse placental cadherin: its low expression in human placental tissues.
2831236,Hatta K,1988,J Cell Biol,Cloning and expression of cDNA encoding a neural calcium-dependent cell adhesion molecule: its identity in the cadherin gene family.
2861567,Ortho Multicenter Transplant Study Group,1985,N Engl J Med,A randomized clinical trial of OKT3 monoclonal antibody for acute rejection of cadaveric renal transplants.
2933249,Woollett GR,1985,EMBO J,Visualisation by low-angle shadowing of the leucocyte-common antigen. A major cell surface glycoprotein of lymphocytes.
3416359,Nose A,1988,Cell,Expressed recombinant cadherins mediate cell sorting in model systems.
3498123,Nagafuchi A,1987,Nature,Transformation of cell adhesion properties by exogenously introduced E-cadherin cDNA.
7578107,Raghavan M,1995,Biochemistry,Analysis of the pH dependence of the neonatal Fc receptor/immunoglobulin G interaction using antibody and receptor variants.
7743928,Zhukareva V,1995,Development,The limbic system-associated membrane protein (LAMP) selectively mediates interactions with specific central neuron populations.
7750650,Kimura Y,1995,Dev Biol,"Cadherin-11 expressed in association with mesenchymal morphogenesis in the head, somite, and limb bud of early mouse embryos."
8270638,Matsunami H,1993,J Cell Sci,Cell binding specificity of mouse R-cadherin and chromosomal mapping of the gene.
8570640,Yang LJ,1996,Proc Natl Acad Sci U S A,Gangliosides are neuronal ligands for myelin-associated glycoprotein.
9060475,Kreft B,1997,J Cell Biol,LI-cadherin-mediated cell-cell adhesion does not require cytoplasmic interactions.
9153399,Casasnovas JM,1997,Nature,Crystal structure of ICAM-2 reveals a distinctive integrin recognition surface.
9177355,Gao GF,1997,Nature,Crystal structure of the complex between human CD8alpha(alpha) and HLA-A2.
9382880,Colonna M,1997,J Exp Med,A common inhibitory receptor for major histocompatibility complex class I molecules on human lymphoid and myelomonocytic cells.
9531263,Colonna M,1998,J Immunol,Human myelomonocytic cells express an inhibitory receptor for classical and nonclassical MHC class I molecules.
9545347,Shimoyama Y,1998,J Biol Chem,Molecular cloning and characterization of a novel human classic cadherin homologous with mouse muscle cadherin.
9704735,McLaughlin P,1998,J Clin Oncol,Rituximab chimeric anti-CD20 monoclonal antibody therapy for relapsed indolent lymphoma: half of patients respond to a four-dose treatment program.
9721721,Zhao X,1998,J Neurochem,Identification of a homophilic binding site in immunoglobulin-like domain 2 of the cell adhesion molecule L1.
9774383,Buxbaum JD,1998,J Biol Chem,Evidence that tumor necrosis factor alpha converting enzyme is involved in regulated alpha-secretase cleavage of the Alzheimer amyloid protein precursor.
9786950,Furuse M,1998,J Cell Biol,"A single gene product, claudin-1 or -2, reconstitutes tight junction strands and recruits occludin in fibroblasts."
9801370,Gil OD,1998,J Neurosci,Neurotrimin mediates bifunctional effects on neurite outgrowth via homophilic and heterophilic interactions.
9842885,Fanger NA,1998,Eur J Immunol,The MHC class I binding proteins LIR-1 and LIR-2 inhibit Fc receptor-mediated signaling in monocytes.
9933109,Navarro F,1999,Eur J Immunol,The ILT2(LIR1) and CD94/NKG2A NK cell receptors respectively recognize HLA-G1 and HLA-E molecules co-expressed on target cells.
10207020,Shimoyama Y,1999,J Biol Chem,"Biochemical characterization and functional analysis of two type II classic cadherins, cadherin-6 and -14, and comparison with E-cadherin."
10531052,Vassar R,1999,Science,Beta-secretase cleavage of Alzheimer's amyloid precursor protein by the transmembrane aspartic protease BACE.
10591185,Chapman TL,1999,Immunity,The inhibitory receptor LIR-1 uses a common binding interaction to recognize class I MHC molecules and the viral homolog UL18.
10744716,Satoh-Horikawa K,2000,J Biol Chem,"Nectin-3, a new member of immunoglobulin-like cell adhesion molecules that shows homophilic and heterophilic cell-cell adhesion activities."
10778855,Emsley J,2000,Cell,Structural basis of collagen recognition by integrin alpha2beta1.
10861224,Shimoyama Y,2000,Biochem J,Identification of three human type-II classic cadherins and frequent heterophilic interactions between different subclasses of type-II classic cadherins.
10880534,Thompson JS,2000,J Exp Med,BAFF binds to the tumor necrosis factor receptor-like molecule B cell maturation antigen and is important for maintaining the peripheral B cell population.
10882062,Mumm JS,2000,Mol Cell,A ligand-induced extracellular cleavage regulates gamma-secretase-like proteolytic activation of Notch1.
10882063,Brou C,2000,Mol Cell,A novel proteolytic cleavage involved in Notch signaling: the role of the disintegrin-metalloprotease TACE.
10993067,Yu G,2000,Nature,Nicastrin modulates presenilin-mediated notch/glp-1 signal transduction and betaAPP processing.
11083924,Montero JC,2000,Mol Cell Neurosci,Differential shedding of transmembrane neuregulin isoforms by the tumor necrosis factor-alpha-converting enzyme.
11248153,Slamon DJ,2001,N Engl J Med,Use of chemotherapy plus a monoclonal antibody against HER2 for metastatic breast cancer that overexpresses HER2.
11279501,Schwartz JC,2001,Nature,Structural basis for co-stimulation by the human CTLA-4/B7-2 complex.
11535811,Wang JH,2001,Proc Natl Acad Sci U S A,Crystal structure of the human CD4 N-terminal two-domain fragment complexed to a class II MHC molecule.
11698424,Allen RL,2001,J Immunol,Leukocyte receptor complex-encoded immunomodulatory receptors show differing specificity for alternative HLA-B27 structures.
12213342,Allan DS,2002,J Immunol Methods,"Tetrameric complexes of HLA-E, HLA-F, and HLA-G."
12230977,Takagi J,2002,Cell,Global conformational rearrangements in integrin extracellular domains in outside-in and inside-out signaling.
12230981,Yamagata M,2002,Cell,Sidekicks: synaptic adhesion molecules that promote lamina-specific connectivity in the retina.
12297042,Hynes RO,2002,Cell,"Integrins: bidirectional, allosteric signaling machines."
12361962,Rubin BP,2002,Development,Teneurin 2 is expressed by the neurons of the thalamofugal visual system in situ and promotes homophilic cell-cell adhesion in vitro.
12515826,Ehehalt R,2003,J Cell Biol,Amyloidogenic processing of the Alzheimer beta-amyloid precursor protein depends on lipid rafts.
12526797,Shimaoka M,2003,Cell,Structures of the alpha L I domain and its complex with ICAM-1 reveal a shape-shifting pathway for integrin regulation.
12634428,Kang JS,2003,Proc Natl Acad Sci U S A,Promyogenic members of the Ig and cadherin families associate to positively regulate differentiation.
12660326,Gerke P,2003,J Am Soc Nephrol,Homodimerization and heterodimerization of the glomerular podocyte proteins nephrin and NEPH1.
12697893,Prota AE,2003,Proc Natl Acad Sci U S A,Crystal structure of human junctional adhesion molecule 1: implications for reovirus binding.
12734196,Katafiasz BJ,2003,J Biol Chem,"Characterization of cadherin-24, a novel alternatively spliced type II cadherin."
12740392,Ikeda W,2003,J Biol Chem,Tage4/Nectin-like molecule-5 heterophilically trans-interacts with cell adhesion molecule Nectin-3 and enhances cell migration.
12759359,Mueller S,2003,J Biol Chem,"Recruitment of nectin-3 to cell-cell junctions through trans-heterophilic interaction with CD155, a vitronectin and poliovirus receptor that localizes to alpha(v)beta3 integrin-containing membrane microdomains."
12791257,Kiselyov VV,2003,Structure,Structural basis for a direct interaction between FGFR1 and NCAM and evidence for a regulatory role of ATP.
12794186,Six E,2003,Proc Natl Acad Sci U S A,The Notch ligand Delta1 is sequentially cleaved by an ADAM protease and gamma-secretase.
12826675,LaVoie MJ,2003,J Biol Chem,"The Notch ligands, Jagged and Delta, are sequentially processed by alpha-secretase and presenilin/gamma-secretase and release signaling fragments."
12853576,Shiroishi M,2003,Proc Natl Acad Sci U S A,Human inhibitory receptors Ig-like transcript 2 (ILT2) and ILT4 compete with CD8 for MHC class I binding and bind preferentially to HLA-G.
12897781,Willcox BE,2003,Nat Immunol,"Crystal structure of HLA-A2 bound to LIR-1, a host and viral major histocompatibility complex receptor."
14504402,Cordy JM,2003,Proc Natl Acad Sci U S A,Exclusively targeting beta-secretase to lipid rafts by GPI-anchor addition up-regulates beta-site processing of the amyloid precursor protein.
14527396,Soroka V,2003,Structure,Structure and interactions of NCAM Ig1-2-3 suggest a novel zipper mechanism for homophilic adhesion.
14633607,Khoshnoodi J,2003,Am J Pathol,Nephrin promotes cell-cell adhesion through homophilic interactions.
14718570,Islam R,2004,Mol Biol Cell,Activation of EGF receptor kinase by L1-mediated homophilic cell interactions.
14993236,Sahin U,2004,J Cell Biol,Distinct roles for ADAM10 and ADAM17 in ectodomain shedding of six EGFR ligands.
15023525,Wendeler MW,2004,Exp Cell Res,Ksp-cadherin is a functional cell-cell adhesion molecule related to LI-cadherin.
15136729,Kjer-Nielsen L,2004,Proc Natl Acad Sci U S A,Crystal structure of the human T cell receptor CD3 epsilon gamma heterodimer complexed to the therapeutic mAb OKT3.
15265982,Reed J,2004,J Cell Sci,"Diglons are heterodimeric proteins composed of IgLON subunits, and Diglon-CO inhibits neurite outgrowth from cerebellar granule cells."
15269313,Cunningham D,2004,N Engl J Med,Cetuximab monotherapy and cetuximab plus irinotecan in irinotecan-refractory metastatic colorectal cancer.
15322084,Vetrivel KS,2004,J Biol Chem,Association of gamma-secretase with lipid rafts in post-Golgi and endosome membranes.
15579173,Pruss T,2004,Eur J Neurosci,Homophilic interactions of chick neurofascin in trans are important for neurite induction.
15811952,Boles KS,2005,Blood,The tumor suppressor TSLC1/NECL-2 triggers NK-cell and CD8+ T-cell responses through the cell-surface receptor CRTAM.
15982853,Singh AB,2005,Cell Signal,"Autocrine, paracrine and juxtacrine signaling by EGFR ligands."
16091383,Arase N,2005,Int Immunol,Heterotypic interaction of CRTAM with Necl2 induces cell adhesion on activated NK cells and CD8+ T cells.
16096062,Shah S,2005,Cell,Nicastrin functions as a gamma-secretase-substrate receptor.
16129398,Taveggia C,2005,Neuron,Neuregulin-1 type III determines the ensheathment fate of axons.
16675463,Shiroishi M,2006,J Biol Chem,"Crystal structure of the human monocyte-activating receptor, ""Group 2"" leukocyte Ig-like receptor A5 (LILRA5/LIR9/ILT11)."
16990514,Willem M,2006,Science,Control of peripheral nerve myelination by the beta-secretase BACE1.
17028145,Ainavarapu SR,2007,Biophys J,Contour length and refolding rate of a small protein controlled by engineered disulfide bonds.
17045822,Nishida N,2006,Immunity,Activation of leukocyte beta2 integrins by conversion from bent to extended conformations.
17056715,Shiroishi M,2006,Proc Natl Acad Sci U S A,Structural basis for recognition of the nonclassical MHC molecule HLA-G by the leukocyte Ig-like receptor B2 (LILRB2/LIR2/ILT4/CD85d).
17099708,Hu X,2006,Nat Neurosci,Bace1 modulates myelination in the central and peripheral nervous system.
17107962,Dyczynska E,2007,J Biol Chem,Proteolytic processing of delta-like 1 by ADAM proteases.
17169360,Sahin U,2007,FEBS Lett,Ectodomain shedding of the EGF-receptor ligand epigen is mediated by ADAM17.
17558405,Spiegel I,2007,Nat Neurosci,A central role for Necl4 (SynCAM4) in Schwann cell-axon interaction and myelination.
17629517,Butte MJ,2007,Immunity,Programmed death-1 ligand 1 interacts specifically with the B7-1 costimulatory molecule to inhibit T cell responses.
17673459,Shi M,2007,J Biol Chem,A structural hypothesis for the transition between bent and extended conformations of the leukocyte beta2 integrins.
17703228,Roopenian DC,2007,Nat Rev Immunol,FcRn: the neonatal Fc receptor comes of age.
17724124,Maurel P,2007,J Cell Biol,Nectin-like proteins mediate axon Schwann cell interactions along the internode and are essential for myelination.
17761522,Piontek J,2008,FASEB J,Formation of tight junction: determinants of homophilic interaction between classic claudins.
18003830,Fogel AI,2007,J Neurosci,SynCAMs organize synapses through heterophilic adhesion.
18272596,Osterfield M,2008,Development,Interaction of amyloid precursor protein with contactins and NgCAM in the retinotectal system.
18332182,Petrie EJ,2008,J Exp Med,CD94-NKG2A recognition of human leukocyte antigen (HLA)-E bound to an HLA class I leader sequence.
18585785,Butte MJ,2008,Mol Immunol,Interaction of human PD-L1 and B7-1.
18657508,Hatherley D,2008,Mol Cell,Paired receptor specificity explained by structures of signal regulatory proteins alone and complexed with CD47.
18701456,Gouveia RM,2008,J Biol Chem,Kinetic analysis of L1 homophilic interaction: role of the first four immunoglobulin domains and implications on binding mechanism.
18946064,CAMMS223 Trial Investigators,2008,N Engl J Med,Alemtuzumab vs. interferon beta-1a in early multiple sclerosis.
19011627,Yu X,2009,Nat Immunol,The surface protein TIGIT suppresses T cell activation by promoting the generation of mature immunoregulatory dendritic cells.
19018092,Bruhns P,2009,Blood,Specificity and affinity of human Fcgamma receptors and their polymorphic variants for human IgG subclasses.
19111664,Zhu J,2008,Mol Cell,Structure of a complete integrin ectodomain in a physiologic resting state and activation and deactivation by applied forces.
19553217,Katsamba P,2009,Proc Natl Acad Sci U S A,Linking molecular affinity and cellular specificity in cadherin-mediated adhesion.
19564354,Cao W,2009,J Exp Med,Regulation of TLR7/9 responses in plasmacytoid dendritic cells by BST2 and ILT7 receptor interaction.
19625641,Wang R,2009,J Immunol,Structural basis of the CD8 alpha beta/MHC class I interaction: focused recognition orients CD8 beta to a T cell proximal position.
19678920,Almén MS,2009,BMC Biol,Mapping the human membrane proteome: a majority of the human membrane proteins can be classified according to function and evolutionary origin.
19704010,Bozkulak EC,2009,Mol Cell Biol,Selective use of ADAM10 and ADAM17 in activation of Notch1 signaling.
19726682,van Tetering G,2009,J Biol Chem,Metalloprotease ADAM10 is required for Notch1 site 2 cleavage.
19815499,Stanietsky N,2009,Proc Natl Acad Sci U S A,The interaction of TIGIT with PVR and PVRL2 inhibits human NK cell cytotoxicity.
20038681,Francavilla C,2009,J Cell Biol,The binding of NCAM to FGFR1 induces a specific cellular response mediated by receptor trafficking.
20133774,Bouyain S,2010,Proc Natl Acad Sci U S A,The protein tyrosine phosphatases PTPRZ and PTPRG bind to distinct members of the contactin family of neural recognition molecules.
20190755,Ciatto C,2010,Nat Struct Mol Biol,T-cadherin structures reveal a novel adhesive binding mechanism.
20473913,Heiss MM,2010,Int J Cancer,The trifunctional antibody catumaxomab for the treatment of malignant ascites due to epithelial cancer: Results of a prospective randomized phase II/III trial.
20525992,Hodi FS,2010,N Engl J Med,Improved survival with ipilimumab in patients with metastatic melanoma.
20676056,Kuhn PH,2010,EMBO J,"ADAM10 is the physiologically relevant, constitutive alpha-secretase of the amyloid precursor protein in primary neurons."
20819075,Parr-Sturgess CA,2010,Biochem J,"Ectodomain shedding of the Notch ligand Jagged1 is mediated by ADAM17, but is not a lipid-raft-associated event."
20877282,Janssen BJ,2010,Nature,Structural basis of semaphorin-plexin signalling.
20881961,Nogi T,2010,Nature,Structural basis for semaphorin signalling through the plexin receptor.
21047790,Liu H,2011,J Biol Chem,"Homophilic adhesion mechanism of neurofascin, a member of the L1 family of neural cell adhesion molecules."
21098030,Nie Z,2011,J Biol Chem,"Membrane-impermeable cross-linking provides evidence for homophilic, isoform-specific binding of desmosomal cadherins in epithelial cells."
21300292,Harrison OJ,2011,Structure,The extracellular architecture of adherens junctions revealed by crystal structures of type I cadherins.
21306299,Heikkilä E,2011,Biochem J,Trans-interaction of nephrin and Neph1/Neph3 induces cell adhesion that associates with decreased tyrosine phosphorylation of nephrin.
21533891,Piontek J,2011,Cell Mol Life Sci,Elucidating the principles of the molecular organization of heteropolymeric tight junction strands.
21576249,Luo X,2011,J Biol Chem,Cleavage of neuregulin-1 by BACE1 or ADAM10 protein produces differential effects on myelination.
22039361,Eddy SR,2011,PLoS Comput Biol,Accelerated Profile HMM Searches.
22421438,Stengel KF,2012,Proc Natl Acad Sci U S A,Structure of TIGIT immunoreceptor bound to poliovirus receptor reveals a cell-cell adhesion and signaling mechanism that requires cis-trans receptor clustering.
22431638,Yin Y,2012,Proc Natl Acad Sci U S A,"Crystal structure of a complete ternary complex of T-cell receptor, peptide-MHC, and CD4."
22658127,Topalian SL,2012,N Engl J Med,"Safety, activity, and immune correlates of anti-PD-1 antibody in cancer."
22815787,Donier E,2012,PLoS One,L1CAM binds ErbB receptors through Ig-like domains coupling cell adhesion and neuregulin signalling.
22902367,Harrison OJ,2012,Nat Struct Mol Biol,Nectin ectodomain structures reveal a canonical adhesive interface.
22940691,Tian H,2012,EMBO J,Endoglin mediates fibronectin/α5β1 integrin and TGF-β pathway crosstalk in endothelial cells.
22984159,Hofmann H,2012,Proc Natl Acad Sci U S A,Polymer scaling laws of unfolded and intrinsically disordered proteins quantified with single-molecule spectroscopy.
23055510,Yamagata M,2012,J Neurosci,Expanding the Ig superfamily code for laminar specificity in retina: expression and role of contactins.
23091066,Dornier E,2012,J Cell Biol,TspanC8 tetraspanins regulate ADAM10/Kuzbanian trafficking and promote Notch activation in flies and mammals.
23135401,Sotomayor M,2012,Nature,Structure of a force-conveying cadherin bond essential for inner-ear mechanotransduction.
23248271,Lee K,2013,Proc Natl Acad Sci U S A,MDGAs interact selectively with neuroligin-2 but not other neuroligins to regulate inhibitory synapse development.
23637177,Fleck D,2013,J Neurosci,Dual cleavage of neuregulin 1 type III by BACE1 and ADAM17 liberates its EGF-like domain and allows paracrine signaling.
23704575,Wang X,2013,Science,Defining single molecular forces required to activate integrin and notch signaling.
23751499,Woo J,2013,J Cell Biol,The adhesion protein IgSF9b is coupled to neuroligin 2 via S-SCAM to promote inhibitory synapse development.
23931995,Das U,2013,Neuron,Activity-induced convergence of APP and BACE-1 in acidic microdomains via an endocytosis-dependent pathway.
24094768,Fuchs CS,2014,Lancet,"Ramucirumab monotherapy for previously treated advanced gastric or gastro-oesophageal junction adenocarcinoma (REGARD): an international, randomised, multicentre, placebo-controlled, phase 3 trial."
24559158,Kudo S,2014,Biochemistry,Identification and characterization of the X-dimer of human P-cadherin: implications for homophilic cell adhesion.
24610950,Lowndes M,2014,J Cell Sci,Different roles of cadherins in the assembly and structural integrity of the desmosome complex.
24870542,Kim MS,2014,Nature,A draft map of the human proteome.
25561553,Lu J,2015,Proc Natl Acad Sci U S A,Structure of FcγRI in complex with Fc reveals the importance of glycan recognition for high-affinity IgG binding.
25568279,Li F,2015,Bioinformatics,"GlycoMine: a machine learning-based approach for predicting N-, C- and O-linked glycosylation in the human proteome."
25894527,Bausch-Fluck D,2015,PLoS One,A mass spectrometric-derived cell surface protein atlas.
25950237,Kelley LA,2015,Nat Protoc,"The Phyre2 web portal for protein modeling, prediction and analysis."
26035255,Lonial S,2015,N Engl J Med,Elotuzumab Therapy for Relapsed or Refractory Multiple Myeloma.
26051539,Gordon WR,2015,Dev Cell,Mechanical Allostery: Evidence for a Force Requirement in the Proteolytic Activation of Notch.
26098415,Zhang Z,2015,PLoS One,The Leukocyte Immunoglobulin-Like Receptor Family Member LILRB5 Binds to HLA-Class I Heavy Chains.
26308596,Lokhorst HM,2015,N Engl J Med,Targeting CD38 with Daratumumab Monotherapy in Multiple Myeloma.
26595420,Scapin G,2015,Nat Struct Mol Biol,Structure of full-length human anti-PD1 therapeutic IgG4 antibody pembrolizumab.
26602187,Zak KM,2015,Structure,"Structure of the Complex of Human Programmed Death 1, PD-1, and Its Ligand PD-L1."
26646071,Rossi E,2016,Cell Mol Life Sci,Endoglin regulates mural cell adhesion in the circulatory system.
26686862,Jouannet S,2016,Cell Mol Life Sci,"TspanC8 tetraspanins differentially regulate the cleavage of ADAM10 substrates, Notch activation and ADAM10 membrane compartmentalization."
26725330,Tyanova S,2016,Nat Commun,Proteomic maps of breast cancer subtypes.
26769854,Jones DC,2016,Oncotarget,Allele-specific recognition by LILRB3 and LILRA6 of a cytokeratin 8-associated ligand on necrotic glandular epithelial cells.
26998761,Chang VT,2016,Nat Immunol,Initiation of T cell signaling by CD45 segregation at 'close contacts'.
27291997,Tap WD,2016,Lancet,Olaratumab and doxorubicin versus doxorubicin alone for treatment of soft-tissue sarcoma: an open-label phase 1b and randomised phase 2 trial.
27385590,Sullivan LC,2016,J Biol Chem,Recognition of the Major Histocompatibility Complex (MHC) Class Ib Molecule H2-Q10 by the Natural Killer Cell Receptor Ly49C.
27539848,Nikolaienko RM,2016,J Biol Chem,Structural Basis for Interactions Between Contactin Family Members and Protein-tyrosine Phosphatase Receptor Type G in Neural Tissues.
27572839,Hirayasu K,2016,Nat Microbiol,Microbially cleaved immunoglobulins are sensed by the innate immune receptor LILRA2.
27592805,Kaufman HL,2016,Lancet Oncol,"Avelumab in patients with chemotherapy-refractory metastatic Merkel cell carcinoma: a multicentre, single-group, open-label, phase 2 trial."
27618663,Pascolutti R,2016,Structure,Structure and Dynamics of PD-L1 and an Ultra-High-Affinity PD-1 Receptor Mutant.
27644106,Goodman KM,2016,Elife,Molecular basis of sidekick-mediated cell-cell adhesion and specificity.
27922006,Pronker MF,2016,Nat Commun,Structural basis of myelin-associated glycoprotein adhesion and signalling.
27980602,Schmid EM,2016,Nat Phys,Size-dependent protein segregation at membrane interfaces.
28781169,Peng YR,2017,Neuron,Satb1 Regulates Contactin 5 to Pattern Dendrites of a Mammalian Retinal Ganglion Cell.
28817804,Elegheert J,2017,Neuron,Structural Mechanism for Modulation of Synaptic Neuroligin-Neurexin Signaling by MDGA Proteins.
28876235,Trewhella J,2017,Acta Crystallogr D Struct Biol,2017 publication guidelines for structural modelling of small-angle scattering data from biomolecules in solution: an update.
29062102,Dieding M,2017,Sci Rep,Arrhythmogenic cardiomyopathy related DSG2 mutations affect desmosomal cadherin binding kinetics.
29224781,Seegar TCM,2017,Cell,Structural Basis for Regulated Proteolysis by the α-Secretase ADAM10.
29444440,Moore TI,2018,Cell Rep,Measuring Integrin Conformational Change on the Cell Surface with Super-Resolution Microscopy.
29519914,Braunger K,2018,Science,Structural basis for coupling protein transport and N-glycosylation at the mammalian endoplasmic reticulum.
29742438,Brasch J,2018,Cell Rep,Homophilic and Heterophilic Interactions of Type II Cadherins Identify Specificity Groups Underlying Cell-Adhesive Behavior.
29871885,Chaudhri A,2018,Cancer Immunol Res,PD-L1 Binds to B7-1 Only In Cis on the Same Cell Surface.
29958103,Bakalar MH,2018,Cell,Size-Dependent Segregation Controls Macrophage Phagocytosis of Antibody-Opsonized Targets.
30057206,Dionne G,2018,Neuron,Mechanotransduction by PCDH15 Relies on a Novel cis-Dimeric Architecture.
30333625,Deng M,2018,Nature,LILRB4 signalling in leukaemia cells mediates T cell suppression and tumour infiltration.
30361447,Liu X,2019,Cancer Discov,Homophilic CD44 Interactions Mediate Tumor Cell Aggregation and Polyclonal Metastasis in Patient-Derived Breast Cancer Models.
30373828,Bausch-Fluck D,2018,Proc Natl Acad Sci U S A,The in silico human surfaceome.
30445541,Dana JM,2019,Nucleic Acids Res,"SIFTS: updated Structure Integration with Function, Taxonomy and Sequences resource allows 40-fold increase in coverage of structure-based annotations for proteins."
30476243,Szklarczyk D,2019,Nucleic Acids Res,"STRING v11: protein-protein association networks with increased coverage, supporting functional discovery in genome-wide experimental datasets."
30630874,Zhou R,2019,Science,Recognition of the amyloid precursor protein by human γ-secretase.
30956130,Ranaivoson FM,2019,Structure,A Proteomic Screen of Neuronal Cell-Surface Molecules Reveals IgLONs as Structurally Conserved Interaction Modules at the Synapse.
31000591,Sugiura D,2019,Science,Restriction of PD-1 function by cis-PD-L1/CD80 interactions is required for optimal T cell responses.
31056282,Shurer CR,2019,Cell,Physical Principles of Membrane Shape Regulation by the Glycocalyx.
31367043,Barkal AA,2019,Nature,CD24 signalling through macrophage Siglec-10 is a target for cancer immunotherapy.
31616925,York WS,2020,Glycobiology,GlyGen: Computational and Informatics Resources for Glycoscience.
31729176,Singaraju GS,2019,FEBS J,Structural basis of the strong cell-cell junction formed by cadherin-23.
31757674,Zhao Y,2019,Immunity,PD-L1:CD80 Cis-Heterodimer Triggers the Co-stimulatory Receptor CD28 While Repressing the Inhibitory PD-1 and CTLA-4 Pathways.
31969394,Kawaguchi M,2020,J Biol Chem,Extracellular Domains I and II of cell-surface glycoprotein CD44 mediate its trans-homophilic dimerization and tumor cluster aggregation.
32103204,Efremova M,2020,Nat Protoc,CellPhoneDB: inferring cell-cell communication from combined expression of multi-subunit ligand-receptor complexes.
32165698,Ravenhill BJ,2020,Sci Rep,"Comprehensive cell surface proteomics defines markers of classical, intermediate and non-classical monocytes."
32503885,Taylor MR,2020,J Neurosci,Kirrel3-Mediated Synapse Formation Is Attenuated by Disease-Associated Missense Variants.
32511983,Salles G,2020,Lancet Oncol,"Tafasitamab plus lenalidomide in relapsed or refractory diffuse large B-cell lymphoma (L-MIND): a multicentre, prospective, single-arm, phase 2 study."
32513731,Son S,2020,Proc Natl Acad Sci U S A,Molecular height measurement by cell surface optical profilometry (CSOP).
32589946,Verschueren E,2020,Cell,The Immunoglobulin Superfamily Receptome Defines Cancer-Relevant Networks Associated with Clinical Outcome.
32710982,Venkannagari H,2020,J Mol Biol,Highly Conserved Molecular Features in IgLONs Contrast Their Distinct Structural and Biological Outcomes.
33125078,Mistry J,2021,Nucleic Acids Res,Pfam: The protein families database in 2021.
33397712,Sukhanov N,2021,J Neurosci,Differential Contribution of Cadm1-Cadm3 Cell Adhesion Molecules to Peripheral Myelinated Axons.
34265844,Jumper J,2021,Nature,Highly accurate protein structure prediction with AlphaFold.
34293799,Tunyasuvunakool K,2021,Nature,Highly accurate protein structure prediction for the human proteome.
34364873,Yui A,2021,J Biol Chem,Mechanism of dimerization and structural features of human LI-cadherin.
34731636,Wang J,2021,Cell Rep,Molecular and structural basis of olfactory sensory neuron axon coalescence by Kirrel receptors.
34850121,Moreno P,2022,Nucleic Acids Res,Expression Atlas update: gene and protein expression in multiple species.
35325185,Sherman BT,2022,Nucleic Acids Res,DAVID: a web server for functional enrichment analysis and functional annotation of gene lists (2021 update).
36028489,Bláha J,2022,Nat Commun,Structure of the human NK cell NKR-P1:LLT1 receptor:ligand complex reveals clustering in the immune synapse.
36210722,Piovesan D,2022,Protein Sci,Intrinsic protein disorder and conditional folding in AlphaFoldDB.
36370105,Szklarczyk D,2023,Nucleic Acids Res,The STRING database in 2023: protein-protein association networks and functional enrichment analyses for any sequenced genome of interest.
36408920,UniProt Consortium,2023,Nucleic Acids Res,UniProt: the Universal Protein Knowledgebase in 2023.
36416266,Piovesan D,2023,Nucleic Acids Res,MobiDB: 10 years of intrinsically disordered proteins.
37933859,Varadi M,2024,Nucleic Acids Res,AlphaFold Protein Structure Database in 2024: providing structure coverage for over 214 million protein sequences.
40133495,Troulé K,2025,Nat Protoc,CellPhoneDB v5: inferring cell-cell communication from single-cell multiomics data.
41991904,Berbeira-Santana M,2026,Nat Commun,Structurally exclusive Teneurin complexes orchestrate divergent programs in early cortical development.
42099277,Sherman BT,2026,Nucleic Acids Res,DAVID: a web server for functional annotation and functional enrichment analysis of gene lists (2025 update).
