Pfam,orientation,basis
PF00008,max,"hand call, 2020 (human_domain_sizes_oriented_clans_20200123.csv)"
PF00053,max,"hand call, 2020 (human_domain_sizes_oriented_clans_20200123.csv)"
PF00084,max,"hand call, 2020 (human_domain_sizes_oriented_clans_20200123.csv)"
PF00594,max,"hand call, 2020 (human_domain_sizes_oriented_clans_20200123.csv)"
PF01414,max,"hand call, 2020 (human_domain_sizes_oriented_clans_20200123.csv)"
PF07645,max,"hand call, 2020 (human_domain_sizes_oriented_clans_20200123.csv)"
PF07974,max,"hand call, 2020 (human_domain_sizes_oriented_clans_20200123.csv)"
PF09064,max,"hand call, 2020 (human_domain_sizes_oriented_clans_20200123.csv)"
PF09443,max,"hand call, 2020 (human_domain_sizes_oriented_clans_20200123.csv)"
PF12661,max,"hand call, 2020 (human_domain_sizes_oriented_clans_20200123.csv)"
PF12662,max,"hand call, 2020 (human_domain_sizes_oriented_clans_20200123.csv)"
PF12947,max,"hand call, 2020 (human_domain_sizes_oriented_clans_20200123.csv)"
PF14670,max,"hand call, 2020 (human_domain_sizes_oriented_clans_20200123.csv)"
PF18372,max,"hand call, 2020 (human_domain_sizes_oriented_clans_20200123.csv)"
PF12946,max,"hand call, 2020 (human_domain_sizes_oriented_clans_20200123.csv)"
PF00536,min,"hand call, 2020 (human_domain_sizes_oriented_clans_20200123.csv)"
PF07647,min,"hand call, 2020 (human_domain_sizes_oriented_clans_20200123.csv)"
PF00054,max,"hand call, 2020 (human_domain_sizes_oriented_clans_20200123.csv)"
PF00354,max,"hand call, 2020 (human_domain_sizes_oriented_clans_20200123.csv)"
PF00629,max,"hand call, 2020 (human_domain_sizes_oriented_clans_20200123.csv)"
PF02210,max,"hand call, 2020 (human_domain_sizes_oriented_clans_20200123.csv)"
PF13385,max,"hand call, 2020 (human_domain_sizes_oriented_clans_20200123.csv)"
PF00050,min,"hand call, 2020 (human_domain_sizes_oriented_clans_20200123.csv)"
PF07648,min,"hand call, 2020 (human_domain_sizes_oriented_clans_20200123.csv)"
PF00047,max,"hand call, 2020 (human_domain_sizes_oriented_clans_20200123.csv)"
PF03921,max,"hand call, 2020 (human_domain_sizes_oriented_clans_20200123.csv)"
PF05587,max,"hand call, 2020 (human_domain_sizes_oriented_clans_20200123.csv)"
PF05790,max,"hand call, 2020 (human_domain_sizes_oriented_clans_20200123.csv)"
PF07654,max,"hand call, 2020 (human_domain_sizes_oriented_clans_20200123.csv)"
PF07679,max,"hand call, 2020 (human_domain_sizes_oriented_clans_20200123.csv)"
PF07686,max,"hand call, 2020 (human_domain_sizes_oriented_clans_20200123.csv)"
PF08204,max,"hand call, 2020 (human_domain_sizes_oriented_clans_20200123.csv)"
PF08205,max,"hand call, 2020 (human_domain_sizes_oriented_clans_20200123.csv)"
PF09085,max,"hand call, 2020 (human_domain_sizes_oriented_clans_20200123.csv)"
PF09191,max,"hand call, 2020 (human_domain_sizes_oriented_clans_20200123.csv)"
PF10430,max,"hand call, 2020 (human_domain_sizes_oriented_clans_20200123.csv)"
PF11465,max,"hand call, 2020 (human_domain_sizes_oriented_clans_20200123.csv)"
PF13895,max,"hand call, 2020 (human_domain_sizes_oriented_clans_20200123.csv)"
PF13927,max,"hand call, 2020 (human_domain_sizes_oriented_clans_20200123.csv)"
PF15028,max,"hand call, 2020 (human_domain_sizes_oriented_clans_20200123.csv)"
PF15910,max,"hand call, 2020 (human_domain_sizes_oriented_clans_20200123.csv)"
PF16680,max,"hand call, 2020 (human_domain_sizes_oriented_clans_20200123.csv)"
PF16681,max,"hand call, 2020 (human_domain_sizes_oriented_clans_20200123.csv)"
PF16706,max,"hand call, 2020 (human_domain_sizes_oriented_clans_20200123.csv)"
PF18452,max,"hand call, 2020 (human_domain_sizes_oriented_clans_20200123.csv)"
PF18589,max,"hand call, 2020 (human_domain_sizes_oriented_clans_20200123.csv)"
PF17736,max,"hand call, 2020 (human_domain_sizes_oriented_clans_20200123.csv)"
PF17737,max,"hand call, 2020 (human_domain_sizes_oriented_clans_20200123.csv)"
PF00069,max,"hand call, 2020 (human_domain_sizes_oriented_clans_20200123.csv)"
PF06702,max,"hand call, 2020 (human_domain_sizes_oriented_clans_20200123.csv)"
PF12260,max,"hand call, 2020 (human_domain_sizes_oriented_clans_20200123.csv)"
PF08238,min,"hand call, 2020 (human_domain_sizes_oriented_clans_20200123.csv)"
PF00560,min,"hand call, 2020 (human_domain_sizes_oriented_clans_20200123.csv)"
PF01030,min,"hand call, 2020 (human_domain_sizes_oriented_clans_20200123.csv)"
PF01462,min,"hand call, 2020 (human_domain_sizes_oriented_clans_20200123.csv)"
PF01463,min,"hand call, 2020 (human_domain_sizes_oriented_clans_20200123.csv)"
PF12799,min,"hand call, 2020 (human_domain_sizes_oriented_clans_20200123.csv)"
PF13306,min,"hand call, 2020 (human_domain_sizes_oriented_clans_20200123.csv)"
PF13516,min,"hand call, 2020 (human_domain_sizes_oriented_clans_20200123.csv)"
PF13855,min,"hand call, 2020 (human_domain_sizes_oriented_clans_20200123.csv)"
PF14580,min,"hand call, 2020 (human_domain_sizes_oriented_clans_20200123.csv)"
PF18831,min,"hand call, 2020 (human_domain_sizes_oriented_clans_20200123.csv)"
PF18837,min,"hand call, 2020 (human_domain_sizes_oriented_clans_20200123.csv)"
PF15779,min,"hand call, 2020 (human_domain_sizes_oriented_clans_20200123.csv)"
PF14914,min,"hand call, 2020 (human_domain_sizes_oriented_clans_20200123.csv)"
PF00812,max,"hand call, 2020 (human_domain_sizes_oriented_clans_20200123.csv)"
PF07731,max,"hand call, 2020 (human_domain_sizes_oriented_clans_20200123.csv)"
PF07732,max,"hand call, 2020 (human_domain_sizes_oriented_clans_20200123.csv)"
PF00135,max,"hand call, 2020 (human_domain_sizes_oriented_clans_20200123.csv)"
PF00326,max,"hand call, 2020 (human_domain_sizes_oriented_clans_20200123.csv)"
PF00561,max,"hand call, 2020 (human_domain_sizes_oriented_clans_20200123.csv)"
PF12146,max,"hand call, 2020 (human_domain_sizes_oriented_clans_20200123.csv)"
PF12697,max,"hand call, 2020 (human_domain_sizes_oriented_clans_20200123.csv)"
PF00060,max,"hand call, 2020 (human_domain_sizes_oriented_clans_20200123.csv)"
PF01244,max,"hand call, 2020 (human_domain_sizes_oriented_clans_20200123.csv)"
PF00246,min,"hand call, 2020 (human_domain_sizes_oriented_clans_20200123.csv)"
PF04389,min,"hand call, 2020 (human_domain_sizes_oriented_clans_20200123.csv)"
PF04952,min,"hand call, 2020 (human_domain_sizes_oriented_clans_20200123.csv)"
PF05450,min,"hand call, 2020 (human_domain_sizes_oriented_clans_20200123.csv)"
PF18266,min,"hand call, 2020 (human_domain_sizes_oriented_clans_20200123.csv)"
PF00062,min,"hand call, 2020 (human_domain_sizes_oriented_clans_20200123.csv)"
PF02727,max,"hand call, 2020 (human_domain_sizes_oriented_clans_20200123.csv)"
PF02728,max,"hand call, 2020 (human_domain_sizes_oriented_clans_20200123.csv)"
PF01019,min,"hand call, 2020 (human_domain_sizes_oriented_clans_20200123.csv)"
PF02947,max,"hand call, 2020 (human_domain_sizes_oriented_clans_20200123.csv)"
PF00059,max,"hand call, 2020 (human_domain_sizes_oriented_clans_20200123.csv)"
PF00193,max,"hand call, 2020 (human_domain_sizes_oriented_clans_20200123.csv)"
PF00128,min,"hand call, 2020 (human_domain_sizes_oriented_clans_20200123.csv)"
PF00232,min,"hand call, 2020 (human_domain_sizes_oriented_clans_20200123.csv)"
PF01055,min,"hand call, 2020 (human_domain_sizes_oriented_clans_20200123.csv)"
PF01630,min,"hand call, 2020 (human_domain_sizes_oriented_clans_20200123.csv)"
PF01204,min,"hand call, 2020 (human_domain_sizes_oriented_clans_20200123.csv)"
PF03200,min,"hand call, 2020 (human_domain_sizes_oriented_clans_20200123.csv)"
PF07678,min,"hand call, 2020 (human_domain_sizes_oriented_clans_20200123.csv)"
PF00955,min,"hand call, 2020 (human_domain_sizes_oriented_clans_20200123.csv)"
PF00106,min,"hand call, 2020 (human_domain_sizes_oriented_clans_20200123.csv)"
PF01370,min,"hand call, 2020 (human_domain_sizes_oriented_clans_20200123.csv)"
PF01596,min,"hand call, 2020 (human_domain_sizes_oriented_clans_20200123.csv)"
PF08659,min,"hand call, 2020 (human_domain_sizes_oriented_clans_20200123.csv)"
PF13561,min,"hand call, 2020 (human_domain_sizes_oriented_clans_20200123.csv)"
PF00652,max,"hand call, 2020 (human_domain_sizes_oriented_clans_20200123.csv)"
PF00328,min,"hand call, 2020 (human_domain_sizes_oriented_clans_20200123.csv)"
PF08022,min,"hand call, 2020 (human_domain_sizes_oriented_clans_20200123.csv)"
PF01129,min,"hand call, 2020 (human_domain_sizes_oriented_clans_20200123.csv)"
PF00245,min,"hand call, 2020 (human_domain_sizes_oriented_clans_20200123.csv)"
PF00884,min,"hand call, 2020 (human_domain_sizes_oriented_clans_20200123.csv)"
PF01663,min,"hand call, 2020 (human_domain_sizes_oriented_clans_20200123.csv)"
PF08030,min,"hand call, 2020 (human_domain_sizes_oriented_clans_20200123.csv)"
PF00229,min,"hand call, 2020 (human_domain_sizes_oriented_clans_20200123.csv)"
PF01179,min,"hand call, 2020 (human_domain_sizes_oriented_clans_20200123.csv)"
PF01150,min,"hand call, 2020 (human_domain_sizes_oriented_clans_20200123.csv)"
PF02485,min,"hand call, 2020 (human_domain_sizes_oriented_clans_20200123.csv)"
PF00201,min,"hand call, 2020 (human_domain_sizes_oriented_clans_20200123.csv)"
PF00021,max,"hand call, 2020 (human_domain_sizes_oriented_clans_20200123.csv)"
PF00087,max,"hand call, 2020 (human_domain_sizes_oriented_clans_20200123.csv)"
PF01064,max,"hand call, 2020 (human_domain_sizes_oriented_clans_20200123.csv)"
PF08917,max,"hand call, 2020 (human_domain_sizes_oriented_clans_20200123.csv)"
PF16975,max,"hand call, 2020 (human_domain_sizes_oriented_clans_20200123.csv)"
PF06211,max,"hand call, 2020 (human_domain_sizes_oriented_clans_20200123.csv)"
PF00089,max,"hand call, 2020 (human_domain_sizes_oriented_clans_20200123.csv)"
PF13365,max,"hand call, 2020 (human_domain_sizes_oriented_clans_20200123.csv)"
PF00413,min,"hand call, 2020 (human_domain_sizes_oriented_clans_20200123.csv)"
PF01400,min,"hand call, 2020 (human_domain_sizes_oriented_clans_20200123.csv)"
PF01401,min,"hand call, 2020 (human_domain_sizes_oriented_clans_20200123.csv)"
PF01421,min,"hand call, 2020 (human_domain_sizes_oriented_clans_20200123.csv)"
PF01431,min,"hand call, 2020 (human_domain_sizes_oriented_clans_20200123.csv)"
PF01433,min,"hand call, 2020 (human_domain_sizes_oriented_clans_20200123.csv)"
PF01457,min,"hand call, 2020 (human_domain_sizes_oriented_clans_20200123.csv)"
PF13574,min,"hand call, 2020 (human_domain_sizes_oriented_clans_20200123.csv)"
PF13688,min,"hand call, 2020 (human_domain_sizes_oriented_clans_20200123.csv)"
PF00092,max,"hand call, 2020 (human_domain_sizes_oriented_clans_20200123.csv)"
PF00362,max,"hand call, 2020 (human_domain_sizes_oriented_clans_20200123.csv)"
PF13519,max,"hand call, 2020 (human_domain_sizes_oriented_clans_20200123.csv)"
PF13768,max,"hand call, 2020 (human_domain_sizes_oriented_clans_20200123.csv)"
PF00026,min,"hand call, 2020 (human_domain_sizes_oriented_clans_20200123.csv)"
PF09668,min,"hand call, 2020 (human_domain_sizes_oriented_clans_20200123.csv)"
PF13975,min,"hand call, 2020 (human_domain_sizes_oriented_clans_20200123.csv)"
PF00702,min,"hand call, 2020 (human_domain_sizes_oriented_clans_20200123.csv)"
PF13246,min,"hand call, 2020 (human_domain_sizes_oriented_clans_20200123.csv)"
PF01094,max,"hand call, 2020 (human_domain_sizes_oriented_clans_20200123.csv)"
PF07657,max,"hand call, 2020 (human_domain_sizes_oriented_clans_20200123.csv)"
PF00028,max,"hand call, 2020 (human_domain_sizes_oriented_clans_20200123.csv)"
PF00041,max,"hand call, 2020 (human_domain_sizes_oriented_clans_20200123.csv)"
PF00100,max,"hand call, 2020 (human_domain_sizes_oriented_clans_20200123.csv)"
PF00207,max,"hand call, 2020 (human_domain_sizes_oriented_clans_20200123.csv)"
PF00801,max,"hand call, 2020 (human_domain_sizes_oriented_clans_20200123.csv)"
PF01108,max,"hand call, 2020 (human_domain_sizes_oriented_clans_20200123.csv)"
PF01833,max,"hand call, 2020 (human_domain_sizes_oriented_clans_20200123.csv)"
PF01835,max,"hand call, 2020 (human_domain_sizes_oriented_clans_20200123.csv)"
PF02014,max,"hand call, 2020 (human_domain_sizes_oriented_clans_20200123.csv)"
PF02019,max,"hand call, 2020 (human_domain_sizes_oriented_clans_20200123.csv)"
PF03160,max,"hand call, 2020 (human_domain_sizes_oriented_clans_20200123.csv)"
PF06214,max,"hand call, 2020 (human_domain_sizes_oriented_clans_20200123.csv)"
PF06328,max,"hand call, 2020 (human_domain_sizes_oriented_clans_20200123.csv)"
PF07140,max,"hand call, 2020 (human_domain_sizes_oriented_clans_20200123.csv)"
PF07677,max,"hand call, 2020 (human_domain_sizes_oriented_clans_20200123.csv)"
PF07703,max,"hand call, 2020 (human_domain_sizes_oriented_clans_20200123.csv)"
PF08266,max,"hand call, 2020 (human_domain_sizes_oriented_clans_20200123.csv)"
PF08441,max,"hand call, 2020 (human_domain_sizes_oriented_clans_20200123.csv)"
PF09067,max,"hand call, 2020 (human_domain_sizes_oriented_clans_20200123.csv)"
PF09238,max,"hand call, 2020 (human_domain_sizes_oriented_clans_20200123.csv)"
PF09240,max,"hand call, 2020 (human_domain_sizes_oriented_clans_20200123.csv)"
PF09294,max,"hand call, 2020 (human_domain_sizes_oriented_clans_20200123.csv)"
PF11838,max,"hand call, 2020 (human_domain_sizes_oriented_clans_20200123.csv)"
PF12567,max,"hand call, 2020 (human_domain_sizes_oriented_clans_20200123.csv)"
PF16556,max,"hand call, 2020 (human_domain_sizes_oriented_clans_20200123.csv)"
PF16578,max,"hand call, 2020 (human_domain_sizes_oriented_clans_20200123.csv)"
PF16656,max,"hand call, 2020 (human_domain_sizes_oriented_clans_20200123.csv)"
PF17756,max,"hand call, 2020 (human_domain_sizes_oriented_clans_20200123.csv)"
PF17791,max,"hand call, 2020 (human_domain_sizes_oriented_clans_20200123.csv)"
PF17812,max,"hand call, 2020 (human_domain_sizes_oriented_clans_20200123.csv)"
PF17813,max,"hand call, 2020 (human_domain_sizes_oriented_clans_20200123.csv)"
PF17960,max,"hand call, 2020 (human_domain_sizes_oriented_clans_20200123.csv)"
PF18001,max,"hand call, 2020 (human_domain_sizes_oriented_clans_20200123.csv)"
PF18020,max,"hand call, 2020 (human_domain_sizes_oriented_clans_20200123.csv)"
PF18207,max,"hand call, 2020 (human_domain_sizes_oriented_clans_20200123.csv)"
PF18432,max,"hand call, 2020 (human_domain_sizes_oriented_clans_20200123.csv)"
PF18447,max,"hand call, 2020 (human_domain_sizes_oriented_clans_20200123.csv)"
PF18611,max,"hand call, 2020 (human_domain_sizes_oriented_clans_20200123.csv)"
PF18707,max,"hand call, 2020 (human_domain_sizes_oriented_clans_20200123.csv)"
PF17963,max,"hand call, 2020 (human_domain_sizes_oriented_clans_20200123.csv)"
PF16184,max,"hand call, 2020 (human_domain_sizes_oriented_clans_20200123.csv)"
PF17803,max,"hand call, 2020 (human_domain_sizes_oriented_clans_20200123.csv)"
PF08374,max,"hand call, 2020 (human_domain_sizes_oriented_clans_20200123.csv)"
PF02010,max,"hand call, 2020 (human_domain_sizes_oriented_clans_20200123.csv)"
PF00149,min,"hand call, 2020 (human_domain_sizes_oriented_clans_20200123.csv)"
PF00431,max,"hand call, 2020 (human_domain_sizes_oriented_clans_20200123.csv)"
PF02743,min,"hand call, 2020 (human_domain_sizes_oriented_clans_20200123.csv)"
PF08473,min,"hand call, 2020 (human_domain_sizes_oriented_clans_20200123.csv)"
PF07502,max,"hand call, 2020 (human_domain_sizes_oriented_clans_20200123.csv)"
PF00085,max,"hand call, 2020 (human_domain_sizes_oriented_clans_20200123.csv)"
PF00578,max,"hand call, 2020 (human_domain_sizes_oriented_clans_20200123.csv)"
PF00837,max,"hand call, 2020 (human_domain_sizes_oriented_clans_20200123.csv)"
PF00405,min,"hand call, 2020 (human_domain_sizes_oriented_clans_20200123.csv)"
PF10613,min,"hand call, 2020 (human_domain_sizes_oriented_clans_20200123.csv)"
PF12698,max,"hand call, 2020 (human_domain_sizes_oriented_clans_20200123.csv)"
PF00058,min,"hand call, 2020 (human_domain_sizes_oriented_clans_20200123.csv)"
PF00930,min,"hand call, 2020 (human_domain_sizes_oriented_clans_20200123.csv)"
PF01011,min,"hand call, 2020 (human_domain_sizes_oriented_clans_20200123.csv)"
PF01344,min,"hand call, 2020 (human_domain_sizes_oriented_clans_20200123.csv)"
PF01436,min,"hand call, 2020 (human_domain_sizes_oriented_clans_20200123.csv)"
PF01839,min,"hand call, 2020 (human_domain_sizes_oriented_clans_20200123.csv)"
PF03088,min,"hand call, 2020 (human_domain_sizes_oriented_clans_20200123.csv)"
PF08450,min,"hand call, 2020 (human_domain_sizes_oriented_clans_20200123.csv)"
PF13360,min,"hand call, 2020 (human_domain_sizes_oriented_clans_20200123.csv)"
PF13418,min,"hand call, 2020 (human_domain_sizes_oriented_clans_20200123.csv)"
PF13517,min,"hand call, 2020 (human_domain_sizes_oriented_clans_20200123.csv)"
PF13964,min,"hand call, 2020 (human_domain_sizes_oriented_clans_20200123.csv)"
PF16472,min,"hand call, 2020 (human_domain_sizes_oriented_clans_20200123.csv)"
PF14312,min,"hand call, 2020 (human_domain_sizes_oriented_clans_20200123.csv)"
PF13854,min,"hand call, 2020 (human_domain_sizes_oriented_clans_20200123.csv)"
PF01476,max,"hand call, 2020 (human_domain_sizes_oriented_clans_20200123.csv)"
PF00003,max,"hand call, 2020 (human_domain_sizes_oriented_clans_20200123.csv)"
PF00055,max,"hand call, 2020 (human_domain_sizes_oriented_clans_20200123.csv)"
PF00754,max,"hand call, 2020 (human_domain_sizes_oriented_clans_20200123.csv)"
PF01404,max,"hand call, 2020 (human_domain_sizes_oriented_clans_20200123.csv)"
PF01483,max,"hand call, 2020 (human_domain_sizes_oriented_clans_20200123.csv)"
PF00097,min,"hand call, 2020 (human_domain_sizes_oriented_clans_20200123.csv)"
PF12678,min,"hand call, 2020 (human_domain_sizes_oriented_clans_20200123.csv)"
PF13445,min,"hand call, 2020 (human_domain_sizes_oriented_clans_20200123.csv)"
PF13639,min,"hand call, 2020 (human_domain_sizes_oriented_clans_20200123.csv)"
PF13920,min,"hand call, 2020 (human_domain_sizes_oriented_clans_20200123.csv)"
PF13923,min,"hand call, 2020 (human_domain_sizes_oriented_clans_20200123.csv)"
PF14447,min,"hand call, 2020 (human_domain_sizes_oriented_clans_20200123.csv)"
PF14634,min,"hand call, 2020 (human_domain_sizes_oriented_clans_20200123.csv)"
PF01471,min,"hand call, 2020 (human_domain_sizes_oriented_clans_20200123.csv)"
PF01223,max,"hand call, 2020 (human_domain_sizes_oriented_clans_20200123.csv)"
PF00657,max,"hand call, 2020 (human_domain_sizes_oriented_clans_20200123.csv)"
PF13472,max,"hand call, 2020 (human_domain_sizes_oriented_clans_20200123.csv)"
PF13229,max,"hand call, 2020 (human_domain_sizes_oriented_clans_20200123.csv)"
PF13620,max,"hand call, 2020 (human_domain_sizes_oriented_clans_20200123.csv)"
PF14686,max,"hand call, 2020 (human_domain_sizes_oriented_clans_20200123.csv)"
PF09430,max,"hand call, 2020 (human_domain_sizes_oriented_clans_20200123.csv)"
PF00717,max,"hand call, 2020 (human_domain_sizes_oriented_clans_20200123.csv)"
PF07691,max,"hand call, 2020 (human_domain_sizes_oriented_clans_20200123.csv)"
PF07565,max,"hand call, 2020 (human_domain_sizes_oriented_clans_20200123.csv)"
PF00129,max,"hand call, 2020 (human_domain_sizes_oriented_clans_20200123.csv)"
PF00969,max,"hand call, 2020 (human_domain_sizes_oriented_clans_20200123.csv)"
PF00993,max,"hand call, 2020 (human_domain_sizes_oriented_clans_20200123.csv)"
PF14586,max,"hand call, 2020 (human_domain_sizes_oriented_clans_20200123.csv)"
PF16497,max,"hand call, 2020 (human_domain_sizes_oriented_clans_20200123.csv)"
PF18139,min,"hand call, 2020 (human_domain_sizes_oriented_clans_20200123.csv)"
PF01321,max,"hand call, 2020 (human_domain_sizes_oriented_clans_20200123.csv)"
PF16189,max,"hand call, 2020 (human_domain_sizes_oriented_clans_20200123.csv)"
PF02225,min,"hand call, 2020 (human_domain_sizes_oriented_clans_20200123.csv)"
PF11941,min,"hand call, 2020 (human_domain_sizes_oriented_clans_20200123.csv)"
PF00822,max,"hand call, 2020 (human_domain_sizes_oriented_clans_20200123.csv)"
PF03009,min,"hand call, 2020 (human_domain_sizes_oriented_clans_20200123.csv)"
PF13653,min,"hand call, 2020 (human_domain_sizes_oriented_clans_20200123.csv)"
PF00147,max,"hand call, 2020 (human_domain_sizes_oriented_clans_20200123.csv)"
PF01410,max,"hand call, 2020 (human_domain_sizes_oriented_clans_20200123.csv)"
PF02191,min,"hand call, 2020 (human_domain_sizes_oriented_clans_20200123.csv)"
PF15902,min,"hand call, 2020 (human_domain_sizes_oriented_clans_20200123.csv)"
PF00093,max,"hand call, 2020 (human_domain_sizes_oriented_clans_20200123.csv)"
PF12714,max,"hand call, 2020 (human_domain_sizes_oriented_clans_20200123.csv)"
PF02267,min,"hand call, 2020 (human_domain_sizes_oriented_clans_20200123.csv)"
PF01740,max,"hand call, 2020 (human_domain_sizes_oriented_clans_20200123.csv)"
PF13599,min,"hand call, 2020 (human_domain_sizes_oriented_clans_20200123.csv)"
PF03815,max,"hand call, 2020 (human_domain_sizes_oriented_clans_20200123.csv)"
PF01105,max,"hand call, 2020 (human_domain_sizes_oriented_clans_20200123.csv)"
PF00881,min,"hand call, 2020 (human_domain_sizes_oriented_clans_20200123.csv)"
PF00219,min,"hand call, 2020 (human_domain_sizes_oriented_clans_20200123.csv)"
PF00757,min,"hand call, 2020 (human_domain_sizes_oriented_clans_20200123.csv)"
PF14843,min,"hand call, 2020 (human_domain_sizes_oriented_clans_20200123.csv)"
PF15913,min,"hand call, 2020 (human_domain_sizes_oriented_clans_20200123.csv)"
PF00530,min,"hand call, 2020 (human_domain_sizes_oriented_clans_20200123.csv)"
PF09272,min,"hand call, 2020 (human_domain_sizes_oriented_clans_20200123.csv)"
PF15494,min,"hand call, 2020 (human_domain_sizes_oriented_clans_20200123.csv)"
PF15780,max,"hand call, 2020 (human_domain_sizes_oriented_clans_20200123.csv)"
PF12371,max,"hand call, 2020 (human_domain_sizes_oriented_clans_20200123.csv)"
PF00040,max,"hand call, 2020 (human_domain_sizes_oriented_clans_20200123.csv)"
PF00051,max,"hand call, 2020 (human_domain_sizes_oriented_clans_20200123.csv)"
PF00020,min,"hand call, 2020 (human_domain_sizes_oriented_clans_20200123.csv)"
PF07562,min,"hand call, 2020 (human_domain_sizes_oriented_clans_20200123.csv)"
PF09256,min,"hand call, 2020 (human_domain_sizes_oriented_clans_20200123.csv)"
PF09257,min,"hand call, 2020 (human_domain_sizes_oriented_clans_20200123.csv)"
PF09305,min,"hand call, 2020 (human_domain_sizes_oriented_clans_20200123.csv)"
PF18278,min,"hand call, 2020 (human_domain_sizes_oriented_clans_20200123.csv)"
PF03098,max,"hand call, 2020 (human_domain_sizes_oriented_clans_20200123.csv)"
PF02822,min,"hand call, 2020 (human_domain_sizes_oriented_clans_20200123.csv)"
PF00088,min,"hand call, 2020 (human_domain_sizes_oriented_clans_20200123.csv)"
PF01437,min,"hand call, 2020 (human_domain_sizes_oriented_clans_20200123.csv)"
PF17205,min,"hand call, 2020 (human_domain_sizes_oriented_clans_20200123.csv)"
PF01153,max,"hand call, 2020 (human_domain_sizes_oriented_clans_20200123.csv)"
PF01392,max,"hand call, 2020 (human_domain_sizes_oriented_clans_20200123.csv)"
PF03024,max,"hand call, 2020 (human_domain_sizes_oriented_clans_20200123.csv)"
PF16414,max,"hand call, 2020 (human_domain_sizes_oriented_clans_20200123.csv)"
PF00188,max,"hand call, 2020 (human_domain_sizes_oriented_clans_20200123.csv)"
PF01825,min,"hand call, 2020 (human_domain_sizes_oriented_clans_20200123.csv)"
PF16489,min,"hand call, 2020 (human_domain_sizes_oriented_clans_20200123.csv)"
PF17900,max,"hand call, 2020 (human_domain_sizes_oriented_clans_20200123.csv)"
PF00014,max,"hand call, 2020 (human_domain_sizes_oriented_clans_20200123.csv)"
PF00038,max,"hand call, 2020 (human_domain_sizes_oriented_clans_20200123.csv)"
PF00045,max,"hand call, 2020 (human_domain_sizes_oriented_clans_20200123.csv)"
PF00048,max,"hand call, 2020 (human_domain_sizes_oriented_clans_20200123.csv)"
PF00057,min,"hand call, 2020 (human_domain_sizes_oriented_clans_20200123.csv)"
PF00066,max,"hand call, 2020 (human_domain_sizes_oriented_clans_20200123.csv)"
PF00080,min,"hand call, 2020 (human_domain_sizes_oriented_clans_20200123.csv)"
PF00082,max,"hand call, 2020 (human_domain_sizes_oriented_clans_20200123.csv)"
PF00086,max,"hand call, 2020 (human_domain_sizes_oriented_clans_20200123.csv)"
PF00090,min,"hand call, 2020 (human_domain_sizes_oriented_clans_20200123.csv)"
PF00094,min,"hand call, 2020 (human_domain_sizes_oriented_clans_20200123.csv)"
PF00095,min,"hand call, 2020 (human_domain_sizes_oriented_clans_20200123.csv)"
PF00122,min,"hand call, 2020 (human_domain_sizes_oriented_clans_20200123.csv)"
PF00194,min,"hand call, 2020 (human_domain_sizes_oriented_clans_20200123.csv)"
PF00200,max,"hand call, 2020 (human_domain_sizes_oriented_clans_20200123.csv)"
PF00377,min,"hand call, 2020 (human_domain_sizes_oriented_clans_20200123.csv)"
PF00429,min,"hand call, 2020 (human_domain_sizes_oriented_clans_20200123.csv)"
PF00497,min,"hand call, 2020 (human_domain_sizes_oriented_clans_20200123.csv)"
PF00517,min,"hand call, 2020 (human_domain_sizes_oriented_clans_20200123.csv)"
PF00557,max,"hand call, 2020 (human_domain_sizes_oriented_clans_20200123.csv)"
PF00795,max,"hand call, 2020 (human_domain_sizes_oriented_clans_20200123.csv)"
PF00805,min,"hand call, 2020 (human_domain_sizes_oriented_clans_20200123.csv)"
PF00858,max,"hand call, 2020 (human_domain_sizes_oriented_clans_20200123.csv)"
PF01033,min,"hand call, 2020 (human_domain_sizes_oriented_clans_20200123.csv)"
PF01299,max,"hand call, 2020 (human_domain_sizes_oriented_clans_20200123.csv)"
PF01390,max,"hand call, 2020 (human_domain_sizes_oriented_clans_20200123.csv)"
PF01391,max,"hand call, 2020 (human_domain_sizes_oriented_clans_20200123.csv)"
PF01403,max,"hand call, 2020 (human_domain_sizes_oriented_clans_20200123.csv)"
PF01676,min,"hand call, 2020 (human_domain_sizes_oriented_clans_20200123.csv)"
PF01731,min,"hand call, 2020 (human_domain_sizes_oriented_clans_20200123.csv)"
PF01738,min,"hand call, 2020 (human_domain_sizes_oriented_clans_20200123.csv)"
PF01822,max,"hand call, 2020 (human_domain_sizes_oriented_clans_20200123.csv)"
PF01826,min,"hand call, 2020 (human_domain_sizes_oriented_clans_20200123.csv)"
PF02012,max,"hand call, 2020 (human_domain_sizes_oriented_clans_20200123.csv)"
PF02140,min,"hand call, 2020 (human_domain_sizes_oriented_clans_20200123.csv)"
PF02177,max,"hand call, 2020 (human_domain_sizes_oriented_clans_20200123.csv)"
PF02351,min,"hand call, 2020 (human_domain_sizes_oriented_clans_20200123.csv)"
PF02469,max,"hand call, 2020 (human_domain_sizes_oriented_clans_20200123.csv)"
PF02480,min,"hand call, 2020 (human_domain_sizes_oriented_clans_20200123.csv)"
PF02793,max,"hand call, 2020 (human_domain_sizes_oriented_clans_20200123.csv)"
PF02872,min,"hand call, 2020 (human_domain_sizes_oriented_clans_20200123.csv)"
PF02931,max,"hand call, 2020 (human_domain_sizes_oriented_clans_20200123.csv)"
PF03494,min,"hand call, 2020 (human_domain_sizes_oriented_clans_20200123.csv)"
PF03519,min,"hand call, 2020 (human_domain_sizes_oriented_clans_20200123.csv)"
PF03583,max,"hand call, 2020 (human_domain_sizes_oriented_clans_20200123.csv)"
PF03712,min,"hand call, 2020 (human_domain_sizes_oriented_clans_20200123.csv)"
PF03736,min,"hand call, 2020 (human_domain_sizes_oriented_clans_20200123.csv)"
PF04089,min,"hand call, 2020 (human_domain_sizes_oriented_clans_20200123.csv)"
PF04101,min,"hand call, 2020 (human_domain_sizes_oriented_clans_20200123.csv)"
PF04253,min,"hand call, 2020 (human_domain_sizes_oriented_clans_20200123.csv)"
PF04901,min,"hand call, 2020 (human_domain_sizes_oriented_clans_20200123.csv)"
PF05345,max,"hand call, 2020 (human_domain_sizes_oriented_clans_20200123.csv)"
PF05649,min,"hand call, 2020 (human_domain_sizes_oriented_clans_20200123.csv)"
PF05966,max,"hand call, 2020 (human_domain_sizes_oriented_clans_20200123.csv)"
PF06060,max,"hand call, 2020 (human_domain_sizes_oriented_clans_20200123.csv)"
PF06247,min,"hand call, 2020 (human_domain_sizes_oriented_clans_20200123.csv)"
PF06439,max,"hand call, 2020 (human_domain_sizes_oriented_clans_20200123.csv)"
PF06534,min,"hand call, 2020 (human_domain_sizes_oriented_clans_20200123.csv)"
PF06535,min,"hand call, 2020 (human_domain_sizes_oriented_clans_20200123.csv)"
PF06816,min,"hand call, 2020 (human_domain_sizes_oriented_clans_20200123.csv)"
PF07303,max,"hand call, 2020 (human_domain_sizes_oriented_clans_20200123.csv)"
PF07464,min,"hand call, 2020 (human_domain_sizes_oriented_clans_20200123.csv)"
PF07495,min,"hand call, 2020 (human_domain_sizes_oriented_clans_20200123.csv)"
PF07646,min,"hand call, 2020 (human_domain_sizes_oriented_clans_20200123.csv)"
PF07676,min,"hand call, 2020 (human_domain_sizes_oriented_clans_20200123.csv)"
PF07684,min,"hand call, 2020 (human_domain_sizes_oriented_clans_20200123.csv)"
PF07850,max,"hand call, 2020 (human_domain_sizes_oriented_clans_20200123.csv)"
PF07859,min,"hand call, 2020 (human_domain_sizes_oriented_clans_20200123.csv)"
PF07965,max,"hand call, 2020 (human_domain_sizes_oriented_clans_20200123.csv)"
PF08329,min,"hand call, 2020 (human_domain_sizes_oriented_clans_20200123.csv)"
PF08399,min,"hand call, 2020 (human_domain_sizes_oriented_clans_20200123.csv)"
PF08516,max,"hand call, 2020 (human_domain_sizes_oriented_clans_20200123.csv)"
PF08651,max,"hand call, 2020 (human_domain_sizes_oriented_clans_20200123.csv)"
PF08674,max,"hand call, 2020 (human_domain_sizes_oriented_clans_20200123.csv)"
PF08742,max,"hand call, 2020 (human_domain_sizes_oriented_clans_20200123.csv)"
PF08758,max,"hand call, 2020 (human_domain_sizes_oriented_clans_20200123.csv)"
PF08831,min,"hand call, 2020 (human_domain_sizes_oriented_clans_20200123.csv)"
PF09134,max,"hand call, 2020 (human_domain_sizes_oriented_clans_20200123.csv)"
PF09177,min,"hand call, 2020 (human_domain_sizes_oriented_clans_20200123.csv)"
PF09307,min,"hand call, 2020 (human_domain_sizes_oriented_clans_20200123.csv)"
PF09325,min,"hand call, 2020 (human_domain_sizes_oriented_clans_20200123.csv)"
PF09470,max,"hand call, 2020 (human_domain_sizes_oriented_clans_20200123.csv)"
PF10413,max,"hand call, 2020 (human_domain_sizes_oriented_clans_20200123.csv)"
PF10503,min,"hand call, 2020 (human_domain_sizes_oriented_clans_20200123.csv)"
PF11496,max,"hand call, 2020 (human_domain_sizes_oriented_clans_20200123.csv)"
PF11548,min,"hand call, 2020 (human_domain_sizes_oriented_clans_20200123.csv)"
PF12109,min,"hand call, 2020 (human_domain_sizes_oriented_clans_20200123.csv)"
PF12369,max,"hand call, 2020 (human_domain_sizes_oriented_clans_20200123.csv)"
PF12829,min,"hand call, 2020 (human_domain_sizes_oriented_clans_20200123.csv)"
PF12866,max,"hand call, 2020 (human_domain_sizes_oriented_clans_20200123.csv)"
PF12924,min,"hand call, 2020 (human_domain_sizes_oriented_clans_20200123.csv)"
PF12925,max,"hand call, 2020 (human_domain_sizes_oriented_clans_20200123.csv)"
PF12974,min,"hand call, 2020 (human_domain_sizes_oriented_clans_20200123.csv)"
PF13088,max,"hand call, 2020 (human_domain_sizes_oriented_clans_20200123.csv)"
PF13415,min,"hand call, 2020 (human_domain_sizes_oriented_clans_20200123.csv)"
PF13458,min,"hand call, 2020 (human_domain_sizes_oriented_clans_20200123.csv)"
PF13578,min,"hand call, 2020 (human_domain_sizes_oriented_clans_20200123.csv)"
PF13583,min,"hand call, 2020 (human_domain_sizes_oriented_clans_20200123.csv)"
PF13692,min,"hand call, 2020 (human_domain_sizes_oriented_clans_20200123.csv)"
PF14524,max,"hand call, 2020 (human_domain_sizes_oriented_clans_20200123.csv)"
PF14541,min,"hand call, 2020 (human_domain_sizes_oriented_clans_20200123.csv)"
PF14543,min,"hand call, 2020 (human_domain_sizes_oriented_clans_20200123.csv)"
PF14828,min,"hand call, 2020 (human_domain_sizes_oriented_clans_20200123.csv)"
PF15005,max,"hand call, 2020 (human_domain_sizes_oriented_clans_20200123.csv)"
PF15636,max,"hand call, 2020 (human_domain_sizes_oriented_clans_20200123.csv)"
PF15711,max,"hand call, 2020 (human_domain_sizes_oriented_clans_20200123.csv)"
PF15899,max,"hand call, 2020 (human_domain_sizes_oriented_clans_20200123.csv)"
PF15901,min,"hand call, 2020 (human_domain_sizes_oriented_clans_20200123.csv)"
PF16178,max,"hand call, 2020 (human_domain_sizes_oriented_clans_20200123.csv)"
PF16188,min,"hand call, 2020 (human_domain_sizes_oriented_clans_20200123.csv)"
PF16403,min,"hand call, 2020 (human_domain_sizes_oriented_clans_20200123.csv)"
PF16698,min,"hand call, 2020 (human_domain_sizes_oriented_clans_20200123.csv)"
PF16716,max,"hand call, 2020 (human_domain_sizes_oriented_clans_20200123.csv)"
PF16820,max,"hand call, 2020 (human_domain_sizes_oriented_clans_20200123.csv)"
PF16893,max,"hand call, 2020 (human_domain_sizes_oriented_clans_20200123.csv)"
PF16920,max,"hand call, 2020 (human_domain_sizes_oriented_clans_20200123.csv)"
PF17210,max,"hand call, 2020 (human_domain_sizes_oriented_clans_20200123.csv)"
PF17425,min,"hand call, 2020 (human_domain_sizes_oriented_clans_20200123.csv)"
PF17765,min,"hand call, 2020 (human_domain_sizes_oriented_clans_20200123.csv)"
PF17802,min,"hand call, 2020 (human_domain_sizes_oriented_clans_20200123.csv)"
PF17810,min,"hand call, 2020 (human_domain_sizes_oriented_clans_20200123.csv)"
PF17835,max,"hand call, 2020 (human_domain_sizes_oriented_clans_20200123.csv)"
PF17957,min,"hand call, 2020 (human_domain_sizes_oriented_clans_20200123.csv)"
PF17971,min,"hand call, 2020 (human_domain_sizes_oriented_clans_20200123.csv)"
PF18212,min,"hand call, 2020 (human_domain_sizes_oriented_clans_20200123.csv)"
PF18292,max,"hand call, 2020 (human_domain_sizes_oriented_clans_20200123.csv)"
PF18411,max,"hand call, 2020 (human_domain_sizes_oriented_clans_20200123.csv)"
PF18571,max,"hand call, 2020 (human_domain_sizes_oriented_clans_20200123.csv)"
PF18577,min,"hand call, 2020 (human_domain_sizes_oriented_clans_20200123.csv)"
PF18587,max,"hand call, 2020 (human_domain_sizes_oriented_clans_20200123.csv)"
PF18619,max,"hand call, 2020 (human_domain_sizes_oriented_clans_20200123.csv)"
PF18635,max,"hand call, 2020 (human_domain_sizes_oriented_clans_20200123.csv)"
PF18811,min,"hand call, 2020 (human_domain_sizes_oriented_clans_20200123.csv)"
PF00005,min,"stacking: 34 pairs, 0% along the longest axis"
PF00036,min,"stacking: 4 pairs, 0% along the longest axis"
PF00039,min,"stacking: 8 pairs, 25% along the longest axis"
PF00394,min,"stacking: 8 pairs, 0% along the longest axis"
PF00400,min,"stacking: 2 pairs, 0% along the longest axis"
PF00515,min,"stacking: 712 pairs, 3% along the longest axis"
PF00878,max,"stacking: 8 pairs, 100% along the longest axis"
PF01699,min,"stacking: 10 pairs, 40% along the longest axis"
PF02188,min,"stacking: 4 pairs, 0% along the longest axis"
PF02412,min,"stacking: 16 pairs, 38% along the longest axis"
PF05375,min,"stacking: 16 pairs, 38% along the longest axis"
PF05593,max,"stacking: 44 pairs, 100% along the longest axis"
PF07719,min,"stacking: 434 pairs, 5% along the longest axis"
PF07885,min,"stacking: 96 pairs, 1% along the longest axis"
PF12895,min,"stacking: 16 pairs, 0% along the longest axis"
PF13041,min,"stacking: 8 pairs, 25% along the longest axis"
PF13176,min,"stacking: 66 pairs, 0% along the longest axis"
PF13181,min,"stacking: 276 pairs, 1% along the longest axis"
PF13374,min,"stacking: 24 pairs, 0% along the longest axis"
PF13405,min,"stacking: 4 pairs, 0% along the longest axis"
PF13414,min,"stacking: 372 pairs, 1% along the longest axis"
PF13424,max,"stacking: 182 pairs, 70% along the longest axis"
PF13428,min,"stacking: 58 pairs, 2% along the longest axis"
PF13431,min,"stacking: 248 pairs, 7% along the longest axis"
PF13432,min,"stacking: 178 pairs, 1% along the longest axis"
PF19028,max,"stacking: 10 pairs, 100% along the longest axis"
PF19030,max,"stacking: 4 pairs, 100% along the longest axis"
PF21471,min,"stacking: 4 pairs, 0% along the longest axis"
PF21700,max,"stacking: 42 pairs, 100% along the longest axis"
PF21795,max,"stacking: 52 pairs, 100% along the longest axis"
PF22633,min,"stacking: 8 pairs, 25% along the longest axis"
PF23106,max,"stacking: 4 pairs, 75% along the longest axis"
PF23240,min,"stacking: 20 pairs, 20% along the longest axis"
PF23244,max,"stacking: 92 pairs, 82% along the longest axis"
PF23301,min,"stacking: 6 pairs, 33% along the longest axis"
PF24681,max,"stacking: 2 pairs, 100% along the longest axis"
PF24973,max,"stacking: 34 pairs, 94% along the longest axis"
PF25058,min,"stacking: 4 pairs, 0% along the longest axis"
PF25063,min,"stacking: 4 pairs, 25% along the longest axis"
PF25374,max,"stacking: 4 pairs, 100% along the longest axis"
PF25478,max,"stacking: 10 pairs, 100% along the longest axis"
PF25962,max,"stacking: 80 pairs, 80% along the longest axis"
PF29386,min,"stacking: 18 pairs, 33% along the longest axis"
PF00001,max,clan majority: 1 of 1 called CL0192 members are max
PF00002,max,clan majority: 1 of 1 called CL0192 members are max
PF10320,max,clan majority: 1 of 1 called CL0192 members are max
PF10323,max,clan majority: 1 of 1 called CL0192 members are max
PF10324,max,clan majority: 1 of 1 called CL0192 members are max
PF10328,max,clan majority: 1 of 1 called CL0192 members are max
PF04083,max,clan majority: 6 of 9 called CL0028 members are max
PF00107,min,clan majority: 6 of 6 called CL0063 members are min
PF13602,min,clan majority: 6 of 6 called CL0063 members are min
PF02806,min,clan majority: 1 of 1 called CL0369 members are min
PF25060,min,clan majority: 16 of 18 called CL0020 members are min
PF25068,min,clan majority: 16 of 18 called CL0020 members are min
PF25064,min,clan majority: 16 of 18 called CL0020 members are min
PF25062,min,clan majority: 16 of 18 called CL0020 members are min
PF13650,min,clan majority: 5 of 5 called CL0129 members are min
PF24827,min,clan majority: 3 of 3 called CL0865 members are min
PF19743,max,clan majority: 76 of 83 called CL0159 members are max
PF16451,max,clan majority: 6 of 6 called CL0004 members are max
PF15020,min,clan majority: 24 of 29 called CL0186 members are min
PF22844,min,clan majority: 24 of 29 called CL0186 members are min
PF23381,min,clan majority: 24 of 29 called CL0186 members are min
PF23775,min,clan majority: 24 of 29 called CL0186 members are min
PF25171,min,clan majority: 24 of 29 called CL0186 members are min
PF25173,min,clan majority: 24 of 29 called CL0186 members are min
PF25175,min,clan majority: 24 of 29 called CL0186 members are min
PF13859,min,clan majority: 24 of 29 called CL0186 members are min
PF22705,max,clan majority: 76 of 83 called CL0159 members are max
PF21406,max,clan majority: 1 of 1 called CL0164 members are max
PF21308,max,clan majority: 1 of 1 called CL0164 members are max
PF21309,max,clan majority: 1 of 1 called CL0164 members are max
PF30670,min,clan majority: 2 of 2 called CL0165 members are min
PF23592,max,clan majority: 76 of 83 called CL0159 members are max
PF13715,max,clan majority: 5 of 6 called CL0287 members are max
PF21548,min,clan majority: 24 of 29 called CL0186 members are min
PF22831,max,clan majority: 76 of 83 called CL0159 members are max
PF22849,max,clan majority: 76 of 83 called CL0159 members are max
PF15064,min,clan majority: 24 of 29 called CL0186 members are min
PF22851,max,clan majority: 76 of 83 called CL0159 members are max
PF02761,min,clan majority: 2 of 2 called CL0220 members are min
PF25152,max,clan majority: 6 of 6 called CL0117 members are max
PF24606,max,clan majority: 1 of 1 called CL0268 members are max
PF22073,max,clan majority: 76 of 83 called CL0159 members are max
PF22074,max,clan majority: 76 of 83 called CL0159 members are max
PF17048,max,clan majority: 76 of 83 called CL0159 members are max
PF21286,max,clan majority: 20 of 22 called CL0001 members are max
PF29407,min,clan majority: 16 of 18 called CL0020 members are min
PF13903,max,clan majority: 1 of 1 called CL0375 members are max
PF29322,max,clan majority: 6 of 6 called CL0004 members are max
PF22325,max,clan majority: 76 of 83 called CL0159 members are max
PF21605,max,clan majority: 76 of 83 called CL0159 members are max
PF21604,max,clan majority: 76 of 83 called CL0159 members are max
PF01082,min,clan majority: 1 of 1 called CL0612 members are min
PF24562,max,clan majority: 1 of 1 called CL0066 members are max
PF21114,max,clan majority: 4 of 6 called CL0202 members are max
PF05462,max,clan majority: 1 of 1 called CL0192 members are max
PF07610,max,clan majority: 76 of 83 called CL0159 members are max
PF09291,max,clan majority: 76 of 83 called CL0159 members are max
PF05444,max,clan majority: 6 of 6 called CL0117 members are max
PF13202,min,clan majority: 2 of 2 called CL0220 members are min
PF13499,min,clan majority: 2 of 2 called CL0220 members are min
PF13833,min,clan majority: 2 of 2 called CL0220 members are min
PF25578,min,clan majority: 2 of 2 called CL0220 members are min
PF27506,max,clan majority: 20 of 22 called CL0001 members are max
PF21195,max,clan majority: 20 of 22 called CL0001 members are max
PF23105,max,clan majority: 20 of 22 called CL0001 members are max
PF24468,max,clan majority: 20 of 22 called CL0001 members are max
PF18720,max,clan majority: 20 of 22 called CL0001 members are max
PF25599,max,clan majority: 20 of 22 called CL0001 members are max
PF07699,max,clan majority: 20 of 22 called CL0001 members are max
PF06722,min,clan majority: 3 of 3 called CL0113 members are min
PF03016,min,clan majority: 3 of 3 called CL0113 members are min
PF10577,min,clan majority: 2 of 2 called CL0661 members are min
PF21149,min,clan majority: 6 of 6 called CL0063 members are min
PF13553,min,clan majority: 2 of 2 called CL0661 members are min
PF24329,max,clan majority: 76 of 83 called CL0159 members are max
PF25059,max,clan majority: 76 of 83 called CL0159 members are max
PF24031,max,clan majority: 76 of 83 called CL0159 members are max
PF31255,max,clan majority: 76 of 83 called CL0159 members are max
PF23144,max,clan majority: 76 of 83 called CL0159 members are max
PF28033,max,clan majority: 76 of 83 called CL0159 members are max
PF23376,max,clan majority: 76 of 83 called CL0159 members are max
PF25028,max,clan majority: 3 of 5 called CL0451 members are max
PF09289,max,clan majority: 20 of 22 called CL0001 members are max
PF01534,max,clan majority: 1 of 1 called CL0192 members are max
PF15096,max,clan majority: 76 of 83 called CL0159 members are max
PF10162,max,clan majority: 1 of 1 called CL0268 members are max
PF13802,min,clan majority: 1 of 1 called CL0103 members are min
PF23031,max,clan majority: 4 of 6 called CL0202 members are max
PF23032,max,clan majority: 4 of 6 called CL0202 members are max
PF16363,min,clan majority: 6 of 6 called CL0063 members are min
PF30144,max,clan majority: 20 of 22 called CL0001 members are max
PF00462,max,clan majority: 3 of 3 called CL0172 members are max
PF00535,min,clan majority: 1 of 1 called CL0110 members are min
PF21365,min,clan majority: 1 of 1 called CL0369 members are min
PF10111,min,clan majority: 1 of 1 called CL0110 members are min
PF13844,min,clan majority: 3 of 3 called CL0113 members are min
PF09258,min,clan majority: 1 of 1 called CL0110 members are min
PF02709,min,clan majority: 1 of 1 called CL0110 members are min
PF22572,min,clan majority: 2 of 2 called CL0165 members are min
PF12710,min,clan majority: 2 of 2 called CL0137 members are min
PF13419,min,clan majority: 2 of 2 called CL0137 members are min
PF23241,min,clan majority: 16 of 18 called CL0020 members are min
PF23233,min,clan majority: 16 of 18 called CL0020 members are min
PF22544,max,clan majority: 76 of 83 called CL0159 members are max
PF13242,min,clan majority: 2 of 2 called CL0137 members are min
PF01485,min,clan majority: 8 of 8 called CL0229 members are min
PF22191,min,clan majority: 8 of 8 called CL0229 members are min
PF22605,min,clan majority: 8 of 8 called CL0229 members are min
PF21146,max,clan majority: 76 of 83 called CL0159 members are max
PF23747,max,clan majority: 76 of 83 called CL0159 members are max
PF28393,max,clan majority: 76 of 83 called CL0159 members are max
PF24518,max,clan majority: 76 of 83 called CL0159 members are max
PF28399,max,clan majority: 76 of 83 called CL0159 members are max
PF25511,max,clan majority: 76 of 83 called CL0159 members are max
PF25305,max,clan majority: 76 of 83 called CL0159 members are max
PF25456,max,clan majority: 76 of 83 called CL0159 members are max
PF25788,max,clan majority: 76 of 83 called CL0159 members are max
PF25523,max,clan majority: 76 of 83 called CL0159 members are max
PF28354,max,clan majority: 76 of 83 called CL0159 members are max
PF22971,max,clan majority: 76 of 83 called CL0159 members are max
PF23736,max,clan majority: 76 of 83 called CL0159 members are max
PF23740,max,clan majority: 76 of 83 called CL0159 members are max
PF23738,max,clan majority: 76 of 83 called CL0159 members are max
PF10420,max,clan majority: 76 of 83 called CL0159 members are max
PF21460,max,clan majority: 76 of 83 called CL0159 members are max
PF25519,max,clan majority: 76 of 83 called CL0159 members are max
PF20805,max,clan majority: 76 of 83 called CL0159 members are max
PF20806,max,clan majority: 76 of 83 called CL0159 members are max
PF21520,max,clan majority: 76 of 83 called CL0159 members are max
PF22352,max,clan majority: 76 of 83 called CL0159 members are max
PF18434,min,clan majority: 2 of 2 called CL0005 members are min
PF21288,min,clan majority: 2 of 2 called CL0005 members are min
PF21330,min,clan majority: 2 of 2 called CL0005 members are min
PF21287,min,clan majority: 2 of 2 called CL0005 members are min
PF00052,max,clan majority: 4 of 6 called CL0202 members are max
PF23894,min,clan majority: 2 of 2 called CL0505 members are min
PF09127,min,clan majority: 16 of 18 called CL0020 members are min
PF21177,max,clan majority: 76 of 83 called CL0159 members are max
PF25552,max,clan majority: 76 of 83 called CL0159 members are max
PF23598,min,clan majority: 9 of 9 called CL0022 members are min
PF18779,min,clan majority: 9 of 9 called CL0022 members are min
PF18171,min,clan majority: 1 of 1 called CL0349 members are min
PF30586,max,clan majority: 2 of 2 called CL0124 members are max
PF23473,max,clan majority: 1 of 1 called CL0187 members are max
PF08241,min,clan majority: 6 of 6 called CL0063 members are min
PF08242,min,clan majority: 6 of 6 called CL0063 members are min
PF13489,min,clan majority: 6 of 6 called CL0063 members are min
PF13649,min,clan majority: 6 of 6 called CL0063 members are min
PF13847,min,clan majority: 6 of 6 called CL0063 members are min
PF17790,max,clan majority: 76 of 83 called CL0159 members are max
PF17789,max,clan majority: 76 of 83 called CL0159 members are max
PF22422,min,clan majority: 3 of 3 called CL0059 members are min
PF23087,max,clan majority: 1 of 1 called CL0226 members are max
PF06588,max,clan majority: 4 of 6 called CL0202 members are max
PF00175,min,clan majority: 1 of 1 called CL0091 members are min
PF13460,min,clan majority: 6 of 6 called CL0063 members are min
PF23192,max,clan majority: 5 of 6 called CL0287 members are max
PF09342,max,clan majority: 2 of 2 called CL0124 members are max
PF10250,min,clan majority: 3 of 3 called CL0113 members are min
PF00024,max,clan majority: 1 of 1 called CL0168 members are max
PF25900,max,clan majority: 6 of 6 called CL0004 members are max
PF20207,max,clan majority: 3 of 3 called CL0172 members are max
PF13576,min,clan majority: 2 of 2 called CL0505 members are min
PF05572,min,clan majority: 10 of 10 called CL0126 members are min
PF00959,min,clan majority: 1 of 1 called CL0037 members are min
PF16212,min,clan majority: 2 of 2 called CL0137 members are min
PF22956,min,clan majority: 16 of 18 called CL0020 members are min
PF06201,max,clan majority: 4 of 6 called CL0202 members are max
PF18911,max,clan majority: 76 of 83 called CL0159 members are max
PF07714,max,clan majority: 3 of 3 called CL0016 members are max
PF02719,min,clan majority: 6 of 6 called CL0063 members are min
PF08321,min,clan majority: 16 of 18 called CL0020 members are min
PF12854,min,clan majority: 16 of 18 called CL0020 members are min
PF13812,min,clan majority: 16 of 18 called CL0020 members are min
PF30863,min,clan majority: 5 of 5 called CL0129 members are min
PF13765,max,clan majority: 6 of 6 called CL0004 members are max
PF24479,min,clan majority: 3 of 3 called CL0630 members are min
PF17064,max,clan majority: 6 of 6 called CL0117 members are max
PF26200,min,clan majority: 8 of 8 called CL0229 members are min
PF08534,max,clan majority: 3 of 3 called CL0172 members are max
PF13582,min,clan majority: 10 of 10 called CL0126 members are min
PF24921,min,clan majority: 8 of 8 called CL0229 members are min
PF25447,min,clan majority: 8 of 8 called CL0229 members are min
PF04321,min,clan majority: 6 of 6 called CL0063 members are min
PF00077,min,clan majority: 5 of 5 called CL0129 members are min
PF08284,min,clan majority: 5 of 5 called CL0129 members are min
PF03435,min,clan majority: 6 of 6 called CL0063 members are min
PF30784,min,clan majority: 2 of 2 called CL0003 members are min
PF26701,min,clan majority: 2 of 2 called CL0003 members are min
PF22993,min,clan majority: 2 of 2 called CL0003 members are min
PF22931,min,clan majority: 2 of 2 called CL0003 members are min
PF05510,max,clan majority: 76 of 83 called CL0159 members are max
PF20989,max,clan majority: 76 of 83 called CL0159 members are max
PF01547,min,clan majority: 4 of 4 called CL0177 members are min
PF13416,min,clan majority: 4 of 4 called CL0177 members are min
PF23441,min,clan majority: 6 of 6 called CL0063 members are min
PF18896,min,clan majority: 1 of 1 called CL0037 members are min
PF21202,min,clan majority: 8 of 8 called CL0229 members are min
PF10591,min,clan majority: 2 of 2 called CL0220 members are min
PF29136,max,clan majority: 20 of 22 called CL0001 members are max
PF29137,max,clan majority: 20 of 22 called CL0001 members are max
PF00622,max,clan majority: 6 of 6 called CL0004 members are max
PF14707,min,clan majority: 4 of 4 called CL0088 members are min
PF00916,min,clan majority: 1 of 1 called CL0062 members are min
PF09014,max,clan majority: 20 of 22 called CL0001 members are max
PF25021,min,clan majority: 24 of 29 called CL0186 members are min
PF25023,max,clan majority: 1 of 1 called CL0877 members are max
PF26959,max,clan majority: 3 of 3 called CL0172 members are max
PF13098,max,clan majority: 3 of 3 called CL0172 members are max
PF13192,max,clan majority: 3 of 3 called CL0172 members are max
PF13899,max,clan majority: 3 of 3 called CL0172 members are max
PF13905,max,clan majority: 3 of 3 called CL0172 members are max
PF20308,min,clan majority: 16 of 18 called CL0020 members are min
PF14559,min,clan majority: 16 of 18 called CL0020 members are min
PF14561,min,clan majority: 16 of 18 called CL0020 members are min
PF13371,min,clan majority: 16 of 18 called CL0020 members are min
PF30154,min,clan majority: 16 of 18 called CL0020 members are min
PF30153,min,clan majority: 16 of 18 called CL0020 members are min
PF21363,min,clan majority: 8 of 8 called CL0229 members are min
PF23643,max,clan majority: 76 of 83 called CL0159 members are max
PF22012,max,clan majority: 76 of 83 called CL0159 members are max
PF22195,max,clan majority: 2 of 3 called CL0692 members are max
PF05735,max,clan majority: 6 of 6 called CL0004 members are max
PF25020,max,clan majority: 5 of 6 called CL0287 members are max
PF04564,min,clan majority: 8 of 8 called CL0229 members are min
PF05473,max,clan majority: 3 of 3 called CL0056 members are max
PF25609,max,clan majority: 76 of 83 called CL0159 members are max
PF21339,max,clan majority: 76 of 83 called CL0159 members are max
PF22854,max,clan majority: 76 of 83 called CL0159 members are max
PF24684,min,clan majority: 24 of 29 called CL0186 members are min
PF23333,max,clan majority: 3 of 5 called CL0451 members are max
PF23334,max,clan majority: 3 of 5 called CL0451 members are max
PF12861,min,clan majority: 8 of 8 called CL0229 members are min
PF15227,min,clan majority: 8 of 8 called CL0229 members are min
PF25454,min,clan majority: 8 of 8 called CL0229 members are min
PF11789,min,clan majority: 8 of 8 called CL0229 members are min
PF16685,min,clan majority: 8 of 8 called CL0229 members are min
PF17123,min,clan majority: 8 of 8 called CL0229 members are min
PF17120,min,clan majority: 8 of 8 called CL0229 members are min
PF14570,min,clan majority: 8 of 8 called CL0229 members are min
PF14835,min,clan majority: 8 of 8 called CL0229 members are min
PF23555,min,clan majority: 8 of 8 called CL0229 members are min
PF14569,min,clan majority: 8 of 8 called CL0229 members are min
PF23412,min,clan majority: 8 of 8 called CL0229 members are min
PF23344,max,clan majority: 76 of 83 called CL0159 members are max
