rule,protein,gene,partners,partner_genes,height_nm,pmids,evidence
extended,P56199,ITGA1,,any,19.2,29444440;12230977;17045822,integrins bind ligand extended; the head of LFA-1 bound to ICAM-1 sits 19.2 +/- 2.0 nm above the membrane on T cells (iPALM). The 2018 assembled model of the extended-open integrin measures 22.1 nm along its longest axis (measure_interaction_models.py)
extended,O75578,ITGA10,,any,19.2,29444440;12230977;17045822,integrins bind ligand extended; the head of LFA-1 bound to ICAM-1 sits 19.2 +/- 2.0 nm above the membrane on T cells (iPALM). The 2018 assembled model of the extended-open integrin measures 22.1 nm along its longest axis (measure_interaction_models.py)
extended,Q9UKX5,ITGA11,,any,19.2,29444440;12230977;17045822,integrins bind ligand extended; the head of LFA-1 bound to ICAM-1 sits 19.2 +/- 2.0 nm above the membrane on T cells (iPALM). The 2018 assembled model of the extended-open integrin measures 22.1 nm along its longest axis (measure_interaction_models.py)
extended,P17301,ITGA2,,any,19.2,29444440;12230977;17045822,integrins bind ligand extended; the head of LFA-1 bound to ICAM-1 sits 19.2 +/- 2.0 nm above the membrane on T cells (iPALM). The 2018 assembled model of the extended-open integrin measures 22.1 nm along its longest axis (measure_interaction_models.py)
extended,P08514,ITGA2B,,any,19.2,29444440;12230977;17045822,integrins bind ligand extended; the head of LFA-1 bound to ICAM-1 sits 19.2 +/- 2.0 nm above the membrane on T cells (iPALM). The 2018 assembled model of the extended-open integrin measures 22.1 nm along its longest axis (measure_interaction_models.py)
extended,P26006,ITGA3,,any,19.2,29444440;12230977;17045822,integrins bind ligand extended; the head of LFA-1 bound to ICAM-1 sits 19.2 +/- 2.0 nm above the membrane on T cells (iPALM). The 2018 assembled model of the extended-open integrin measures 22.1 nm along its longest axis (measure_interaction_models.py)
extended,P13612,ITGA4,,any,19.2,29444440;12230977;17045822,integrins bind ligand extended; the head of LFA-1 bound to ICAM-1 sits 19.2 +/- 2.0 nm above the membrane on T cells (iPALM). The 2018 assembled model of the extended-open integrin measures 22.1 nm along its longest axis (measure_interaction_models.py)
extended,P08648,ITGA5,,any,19.2,29444440;12230977;17045822,integrins bind ligand extended; the head of LFA-1 bound to ICAM-1 sits 19.2 +/- 2.0 nm above the membrane on T cells (iPALM). The 2018 assembled model of the extended-open integrin measures 22.1 nm along its longest axis (measure_interaction_models.py)
extended,P23229,ITGA6,,any,19.2,29444440;12230977;17045822,integrins bind ligand extended; the head of LFA-1 bound to ICAM-1 sits 19.2 +/- 2.0 nm above the membrane on T cells (iPALM). The 2018 assembled model of the extended-open integrin measures 22.1 nm along its longest axis (measure_interaction_models.py)
extended,Q13683,ITGA7,,any,19.2,29444440;12230977;17045822,integrins bind ligand extended; the head of LFA-1 bound to ICAM-1 sits 19.2 +/- 2.0 nm above the membrane on T cells (iPALM). The 2018 assembled model of the extended-open integrin measures 22.1 nm along its longest axis (measure_interaction_models.py)
extended,P53708,ITGA8,,any,19.2,29444440;12230977;17045822,integrins bind ligand extended; the head of LFA-1 bound to ICAM-1 sits 19.2 +/- 2.0 nm above the membrane on T cells (iPALM). The 2018 assembled model of the extended-open integrin measures 22.1 nm along its longest axis (measure_interaction_models.py)
extended,Q13797,ITGA9,,any,19.2,29444440;12230977;17045822,integrins bind ligand extended; the head of LFA-1 bound to ICAM-1 sits 19.2 +/- 2.0 nm above the membrane on T cells (iPALM). The 2018 assembled model of the extended-open integrin measures 22.1 nm along its longest axis (measure_interaction_models.py)
extended,Q13349,ITGAD,,any,19.2,29444440;12230977;17045822,integrins bind ligand extended; the head of LFA-1 bound to ICAM-1 sits 19.2 +/- 2.0 nm above the membrane on T cells (iPALM). The 2018 assembled model of the extended-open integrin measures 22.1 nm along its longest axis (measure_interaction_models.py)
extended,P38570,ITGAE,,any,19.2,29444440;12230977;17045822,integrins bind ligand extended; the head of LFA-1 bound to ICAM-1 sits 19.2 +/- 2.0 nm above the membrane on T cells (iPALM). The 2018 assembled model of the extended-open integrin measures 22.1 nm along its longest axis (measure_interaction_models.py)
extended,P20701,ITGAL,,any,19.2,29444440;12230977;17045822,integrins bind ligand extended; the head of LFA-1 bound to ICAM-1 sits 19.2 +/- 2.0 nm above the membrane on T cells (iPALM). The 2018 assembled model of the extended-open integrin measures 22.1 nm along its longest axis (measure_interaction_models.py)
extended,P11215,ITGAM,,any,19.2,29444440;12230977;17045822,integrins bind ligand extended; the head of LFA-1 bound to ICAM-1 sits 19.2 +/- 2.0 nm above the membrane on T cells (iPALM). The 2018 assembled model of the extended-open integrin measures 22.1 nm along its longest axis (measure_interaction_models.py)
extended,P06756,ITGAV,,any,19.2,29444440;12230977;17045822,integrins bind ligand extended; the head of LFA-1 bound to ICAM-1 sits 19.2 +/- 2.0 nm above the membrane on T cells (iPALM). The 2018 assembled model of the extended-open integrin measures 22.1 nm along its longest axis (measure_interaction_models.py)
extended,P20702,ITGAX,,any,19.2,29444440;12230977;17045822,integrins bind ligand extended; the head of LFA-1 bound to ICAM-1 sits 19.2 +/- 2.0 nm above the membrane on T cells (iPALM). The 2018 assembled model of the extended-open integrin measures 22.1 nm along its longest axis (measure_interaction_models.py)
extended,P05556,ITGB1,,any,19.2,29444440;12230977;17045822,integrins bind ligand extended; the head of LFA-1 bound to ICAM-1 sits 19.2 +/- 2.0 nm above the membrane on T cells (iPALM). The 2018 assembled model of the extended-open integrin measures 22.1 nm along its longest axis (measure_interaction_models.py)
extended,P05107,ITGB2,,any,19.2,29444440;12230977;17045822,integrins bind ligand extended; the head of LFA-1 bound to ICAM-1 sits 19.2 +/- 2.0 nm above the membrane on T cells (iPALM). The 2018 assembled model of the extended-open integrin measures 22.1 nm along its longest axis (measure_interaction_models.py)
extended,P05106,ITGB3,,any,19.2,29444440;12230977;17045822,integrins bind ligand extended; the head of LFA-1 bound to ICAM-1 sits 19.2 +/- 2.0 nm above the membrane on T cells (iPALM). The 2018 assembled model of the extended-open integrin measures 22.1 nm along its longest axis (measure_interaction_models.py)
extended,P16144,ITGB4,,any,19.2,29444440;12230977;17045822,integrins bind ligand extended; the head of LFA-1 bound to ICAM-1 sits 19.2 +/- 2.0 nm above the membrane on T cells (iPALM). The 2018 assembled model of the extended-open integrin measures 22.1 nm along its longest axis (measure_interaction_models.py)
extended,P18084,ITGB5,,any,19.2,29444440;12230977;17045822,integrins bind ligand extended; the head of LFA-1 bound to ICAM-1 sits 19.2 +/- 2.0 nm above the membrane on T cells (iPALM). The 2018 assembled model of the extended-open integrin measures 22.1 nm along its longest axis (measure_interaction_models.py)
extended,P18564,ITGB6,,any,19.2,29444440;12230977;17045822,integrins bind ligand extended; the head of LFA-1 bound to ICAM-1 sits 19.2 +/- 2.0 nm above the membrane on T cells (iPALM). The 2018 assembled model of the extended-open integrin measures 22.1 nm along its longest axis (measure_interaction_models.py)
extended,P26010,ITGB7,,any,19.2,29444440;12230977;17045822,integrins bind ligand extended; the head of LFA-1 bound to ICAM-1 sits 19.2 +/- 2.0 nm above the membrane on T cells (iPALM). The 2018 assembled model of the extended-open integrin measures 22.1 nm along its longest axis (measure_interaction_models.py)
extended,P26012,ITGB8,,any,19.2,29444440;12230977;17045822,integrins bind ligand extended; the head of LFA-1 bound to ICAM-1 sits 19.2 +/- 2.0 nm above the membrane on T cells (iPALM). The 2018 assembled model of the extended-open integrin measures 22.1 nm along its longest axis (measure_interaction_models.py)
side by side,Q8NHL6,LILRB1,P04439;P01889;P10321;P13747;P30511;P17693,HLA-A;HLA-B;HLA-C;HLA-E;HLA-F;HLA-G,,12897781,crystal structure with HLA-A2: LILRB1 contacts the alpha3 domain and beta2-microglobulin
side by side,Q8N423,LILRB2,P04439;P01889;P10321;P13747;P30511;P17693,HLA-A;HLA-B;HLA-C;HLA-E;HLA-F;HLA-G,,17056715,crystal structure with HLA-G: LILRB2 binds the alpha3 domain
side by side,P01732,CD8A,P04439;P01889;P10321;P13747;P30511;P17693,HLA-A;HLA-B;HLA-C;HLA-E;HLA-F;HLA-G,,9177355;19625641,crystal structures of CD8alpha-alpha with HLA-A2 and CD8alpha-beta with H-2Dd: CD8 clamps the alpha3 domain loop
side by side,P10966,CD8B,P04439;P01889;P10321;P13747;P30511;P17693,HLA-A;HLA-B;HLA-C;HLA-E;HLA-F;HLA-G,,19625641,crystal structure of CD8alpha-beta with H-2Dd: binds the alpha3 domain loop
side by side,P01730,CD4,P01903;P01911;P79483;P13762;Q30154;P20036;P04440;P01909;P01906;P01920;P05538,HLA-DRA;HLA-DRB1;HLA-DRB3;HLA-DRB4;HLA-DRB5;HLA-DPA1;HLA-DPB1;HLA-DQA1;HLA-DQA2;HLA-DQB1;HLA-DQB2,,11535811;22431638,crystal structures with class II MHC: CD4 binds the alpha2 and beta2 domains; CD4 and the T-cell receptor form an arch over the MHC
model length,P04439,HLA-A,Q13241,KLRD1,10.88,18332182,"longest axis of the assembled model HA10_KLRD1, built on 3CDG (model_templates.csv)"
model length,P05362,ICAM1,P05107;P20701;P11215,ITGB2;ITGAL;ITGAM,34.56,19111664;17673459;12526797,"longest axis of the assembled model Integrin_ICAM1, built on 3FCS, 3FCU, 2P26, 2P28, 3TCX, 1MQ8 (model_templates.csv)"
model length,Q9NSI5,IGSF5,Q9Y624,F11R,14.17,12697893,"longest axis of the assembled model JAM1_IGSF5, built on 1NBQ (model_templates.csv)"
model length,Q9Y624,F11R,Q9Y624,F11R,13.59,12697893,"longest axis of the 2026 assembled model F11R-F11R: human AlphaFold v6 ectodomains (Q9Y624 28-238, Q9Y624 28-238) superposed on chains A and B of PDB 1NBQ at 0.87 and 0.97 A (modeled_interactions_2026/interaction_models_2026.csv); the 2018 model gave 13.59 nm"
model length,P57087,JAM2,Q9Y624,F11R,14.32,12697893,"longest axis of the assembled model JAM1_JAM2, built on 1NBQ (model_templates.csv)"
model length,Q9BX67,JAM3,Q9Y624,F11R,13.94,12697893,"longest axis of the assembled model JAM1_JAM3, built on 1NBQ (model_templates.csv)"
model length,O43157,PLXNB1,Q92854,SEMA4D,24.57,20877282,"longest axis of the 2026 assembled model PLXNB1-SEMA4D: human AlphaFold v6 ectodomains (O43157 26-1477, Q92854 24-734) superposed on chains B and A of PDB 3OL2 at 0.61 and 0.34 A (modeled_interactions_2026/interaction_models_2026.csv); the 2018 model gave 24.57 nm"
model length,O15031,PLXNB2,Q92854,SEMA4D,20.79,20881961,"longest axis of the assembled model SEM4D_PLXB2, built on 3AL8 (model_templates.csv)"
model length,Q9ULL4,PLXNB3,Q92854,SEMA4D,20.54,20881961,"longest axis of the assembled model SEM4D_PLXB3, built on 3AL8 (model_templates.csv)"
model length,Q08722,CD47,P78324,SIRPA,15.93,18657508,"longest axis of the 2026 assembled model CD47-SIRPA: human AlphaFold v6 ectodomains (Q08722 19-141, P78324 33-373) superposed on chains C and A of PDB 2JJS at 0.35 and 0.39 A (modeled_interactions_2026/interaction_models_2026.csv); the 2018 model gave 15.93 nm"
model length,Q15116,PDCD1,Q9NZQ7,CD274,13.54,26602187,"longest axis of the 2026 assembled model PDCD1-CD274: human AlphaFold v6 ectodomains (Q15116 30-170, Q9NZQ7 19-230) superposed on chains B and A of PDB 4ZQK at 0.46 and 0.43 A (modeled_interactions_2026/interaction_models_2026.csv); the 2018 model gave 13.54 nm"
model length,Q9UHP7,CLEC2D,Q12918,KLRB1,9.21,36028489,"longest axis of the 2026 assembled model CLEC2D-KLRB1: human AlphaFold v6 ectodomains (Q9UHP7 72-190, Q12918 67-215) superposed on chains A and C of PDB 5MGT at 0.28 and 0.3 A (modeled_interactions_2026/interaction_models_2026.csv); the 2018 model gave 9.21 nm"
model length,Q5TAT6,COL13A1,P05556,ITGB1,21.92,19111664;17673459;10778855,"longest axis of the assembled model integrin_extended_open_collagen, built on 3FCS, 3FCU, 2P26, 2P28, 1DZI (model_templates.csv)"
model length,P13598,ICAM2,P05107;P20701;P11215,ITGB2;ITGAL;ITGAM,25.39,19111664;17673459;9153399,"longest axis of the assembled model integrin_extended_open_icam2, built on 3FCS, 3FCU, 2P26, 2P28, 3TCX, 1ZXQ (model_templates.csv)"
model length,P13747,HLA-E,Q13241,KLRD1,10.86,18332182,"longest axis of the 2026 assembled model HLA-E-KLRD1: human AlphaFold v6 ectodomains (P13747 22-298, Q13241 32-179) superposed on chains A and E of PDB 3CDG at 0.81 and 0.49 A (modeled_interactions_2026/interaction_models_2026.csv); the 2018 model gave 10.86 nm"
model length,P04439,HLA-A,P43630,KIR3DL2,13.25,18332182,"longest axis of the assembled model Kir3dl2_H2-Q10, built on 3CDG (model_templates.csv)"
model length,P13747,HLA-E,P43630,KIR3DL2,13.36,18332182,"longest axis of the assembled model Kir3dl2_H2-K1, built on 3CDG (model_templates.csv)"
model length,P04439,HLA-A,P26717,KLRC2,10.59,18332182,"longest axis of the assembled model Klrc2_H2-Q10, built on 3CDG (model_templates.csv)"
model length,P13598,ICAM2,P05362,ICAM1,21.47,9153399,"longest axis of the assembled model ICAM1_ICAM2, built on 1ZXQ (model_templates.csv)"
model length,P42081,CD86,P10747,CD28,11.12,11279501,"longest axis of the assembled model cd28_cd86, built on 1I85 (model_templates.csv)"
model length,P55286,CDH8,P19022,CDH2,36.77,21300292,"longest axis of the assembled model cdh2_cdh8, built on 3Q2W (model_templates.csv)"
model length,Q9UMD9,COL17A1,P23229,ITGA6,21.92,19111664;17673459;10778855,"longest axis of the assembled model integrin_extended_open_collagen, built on 3FCS, 3FCU, 2P26, 2P28, 1DZI (model_templates.csv)"
