decision,subject,applied_in,assertion,pmids,status
interaction data,"STRING v12.0 protein links between surfaceome proteins with combined score >= 400, labelled trans by the pair-level annotation in interaction_types.csv (the 2020 calls, made on STRING v11, carried over by pair; a pair new in v12 has no label until it is called in string_v12_pair_review.csv)",database/inputs/build_string_interactions.py; 03_interaction_heights,"STRING protein association scores are the source of the candidate pairs, 400 its medium-confidence cutoff; v11 is the release the annotation was made on, v12 the release the pairs are taken from",36370105;30476243,cited
interaction data,CellphoneDB v5.0.0 interactions and complexes,02_cellphonedb_interactions; Cell-Cell notebooks,CellphoneDB curates ligand-receptor interactions and multi-subunit complexes; v5 keeps only manually reviewed interactions with source and classification per pair,32103204;40133495,cited
antibody bridge,3.24 nm added for the antibody,03_interaction_heights,"full-length IgG and Fc-FcgRI structures give the antibody's extra length (PDB 5DK3, 4X4M)",26595420;25561553,cited
antibody bridge,gap = epitope height + receptor + antibody,interface.antibody_bridge_heights,phagocytosis falls when antigens hold antibodies more than 10 nm from the target; molecular heights measured on cells,29958103;32513731,cited
exclusion,a protein about 5 nm taller than the gap is excluded,interface.contact_exclusion,a ~5 nm increase in non-binding protein size drives its exclusion from a reconstituted membrane interface,27980602,cited
cis pairs removed,17 integrin pairs outside the 24 known heterodimers,cis_pairs.csv (left out),integrins pair only as the 24 known alpha-beta heterodimers,12297042,cited
cis pairs removed,"11 pairs with an EGF-family, neuregulin or BAFF ligand",cis_pairs.csv (left out),EGFR ligands are membrane precursors that signal to touching cells or are shed; neuregulin-1 type III signals from axons; BAFF binds BCMA,15982853;16129398;10880534,cited
cis pairs removed,SEC61G-OSTC,cis_pairs.csv (left out),"the Sec61 translocon and oligosaccharyltransferase work together in the ER, not at the cell surface",29519914,cited
cis pairs,494 binding pairs,cis_pairs.csv,STRING experimental evidence >= 400 or membership of a CellphoneDB complex; no per-pair paper,30476243;32103204,database only
interface weight,every pair binds equally well; abundance shared by mass action,interface.interface_weights,a modelling assumption,,needs citation
complexes,"a complex stands at its tallest subunit, and is expressed when its first two subunits are",interface.expressed_complexes,a modelling assumption,,needs citation
assembled models,full ectodomain models placed on structures of the bound pair,model_templates.csv; interaction_height_rules.csv (model length),ectodomains without a structure were modelled with Phyre2 and superposed on the template complexes in PyMOL (2018),25950237,cited
functional clustering,DAVID Functional Annotation Clustering of the trans interaction proteins through the DAVID web service (a stage-0 step; last run 2026-09-16 by hand on knowledgebase v2025_1),database/inputs/build_david_clustering.py; F5_david_clusters,"DAVID groups enriched annotation terms into clusters by shared genes (kappa similarity); the run used GOTERM_BP/CC/MF_DIRECT, REACTOME_PATHWAY and the UniProt keyword categories at Medium stringency (kappa 0.50, overlap 3, initial and final group size 3, linkage 0.50) and EASE 1.0, the defaults; cluster names are provisional, the top term of each cluster",42099277;35325185,cited
domain heights,"Pfam domain instances measured on current structures (2026-09-16): SIFTS pdb_chain_pfam and taxonomy for the chains, up to 20 human then mouse PDB entries per family",database/inputs/select_domain_instances.py,"SIFTS maps every PDB chain to its UniProt entry, Pfam families and taxonomy, weekly",30445541,cited
domain heights,each domain instance's residue span from hmmsearch of the Pfam 38.2 profile against the chain's observed sequence (independent E-value <= 1e-3),database/inputs/measure_domain_instances.py,HMMER profile searches locate Pfam domains in a sequence with envelope coordinates,22039361;33125078,cited
domain heights,"a family stands along its longest axis (max) or across it (min): the 2020 hand call where one exists, else the direction consecutive whole copies stack along a chain when at least 60% of pairs agree, else the orientation at least 60% of its called clan-mates share (reproduces 95% of the 2020 hand calls when each is predicted from its clan alone), else no call",database/inputs/build_domain_heights.py,a modelling rule recovered from the 2020 table (METHODS.md §2); families without a call inherit their clan height,,needs citation
domain heights,"only experimental atomic models are measured: the first deposited model of a multi-model entry, with solution-scattering entries (rigid-body or bead models fitted to SAXS curves, often deposited as several conformers) excluded",database/inputs/measure_domain_instances.py,"models from small-angle scattering are low-resolution and non-unique, and the community guidelines require them to be reported as models with their ambiguity rather than as structures",28876235,cited
domain heights,"a family's height is its neighbour pitch: on each chain tiled with its best-scoring whole domains, a domain between two neighbours advances the chain by half its centre-to-centre spacing to each, projected on the axis through them; a domain with one neighbour by half that spacing plus half its own extent along the axis; the family takes the median over three or more instances, and only a family never seen beside a neighbour falls back to the box dimension along its called axis; every height uses instances covering at least 80% of the Pfam model, three or more, and a composite model spanning two or more whole domains of other families side by side carries no height, so the domains it covers are the ones counted",database/inputs/build_domain_heights.py,"the sum of pitches along a chain is its end-to-end length, so domain counting sums to the measured height of a string; a modelling rule of this work",,needs citation
surfaceome definition,"the surfaceome is every reviewed human protein with a UniProt extracellular topological domain or GPI anchor, kept inclusive; each protein carries a classification (UniProt subcellular location class and transmembrane count; the SURFY random-forest surface call, score and false-positive class; the Almen functional class; Cell Surface Protein Atlas evidence; CD number) so a stricter surface set is a stated filter rather than a change of definition",database/inputs/build_surfaceome_classification.py,"UniProt topology and subcellular-location annotation; SURFY predicts a 2,886-protein human surfaceome from 131 features per topological domain with 93.5% accuracy; the CSPA records proteins observed at a cell surface by mass spectrometry; the Almen classification sorts human membrane proteins into receptors, transporters, enzymes and miscellaneous by function and evolutionary origin",36408920;30373828;25894527;19678920,cited
ectodomain height,"an ectodomain's height is its structured and unstructured parts laid end to end along the membrane normal, each residue counted once, the AlphaFold model preferred over disorder, disorder over Pfam domains, domains over sequence; it is the aligned limit, an upper bound by construction",01_height_estimates; surfaceomeTopography.domain_overlap,a modelling assumption of this work,,
AlphaFold models,"an ectodomain's folded height is the longest dimension of the inertia-axis bounding box of its AlphaFold v6 model cut to residues with pLDDT of 70 or more; runs of 20 or more residues below 70 inside the span, and 5 or more at either end, are treated as disordered",database/inputs/build_af_confidence.py; build_af_dimensions.py; disorder_height.plddt_disorder_regions,"AlphaFold predicts structures at experimental accuracy; the human proteome models carry per-residue pLDDT, with values below 70 low confidence; against curated disorder annotation the F1-optimal pLDDT cutoff for disorder is about 69; the models come from AlphaFold DB",34265844;34293799;36210722;37933859,
disordered segments,"a disordered segment (MobiDB regions merged with the low-pLDDT runs) contributes the root-mean-square end-to-end distance of a worm-like chain of 0.4 nm per residue, with the persistence length interpolated between 1 nm for a bare chain and 8 nm for a dense glycan brush by glycan grafting density, the crossover set by side-chain crowding with no fitted parameter; consecutive segments pool into one chain",surfaceomeTopography.disorder_height; polymer_models,"0.4 nm per residue contour length from single-molecule force spectroscopy; unfolded and disordered chains scale as polymers with a persistence length near 1 nm; a densely grafted mucin brush stiffens to a persistence length of the order of its glycan side chains (Kuo, Gandhi, Zia & Paszek, Nat Phys 14:658, 2018, doi 10.1038/s41567-018-0186-9, not indexed in PubMed; Shurer et al. 2019 for the same brush physics); MobiDB is the disorder annotation",17028145;22984159;31056282;36416266,
glycosylation,glycosites are the UniProt and GlyGen experimental sites unioned with GlycoMine predictions; their density per residue sets each segment's persistence length,01_height_estimates; surfaceomeTopography.glycosite_annotations; download_glygen,"GlyGen integrates experimentally determined glycosylation sites; GlycoMine predicts N-, C- and O-linked sites in the human proteome from sequence",31616925;25568279,
disorder model check,"the disorder model is checked, not fitted, against the electron-microscopy heights of CD45RABC (about 40 nm) and CD45RO (about 22 nm)",surfaceomeTopography.disorder_height (documented check); README limitations,low-angle shadowing electron microscopy of the leucocyte-common antigen; soluble rat CD45 isoforms measured by electron microscopy; CD45's extended ectodomain at close contacts,2933249;1378817;26998761,
domain counting,"where no AlphaFold model covers a region, its Pfam domains (hmmsearch of Pfam 38.2 over the ectodomain sequence) each add their family's height, and the heights are summed",01_height_estimates; database/inputs/search_ectodomain_domains.py; build_domain_assignments.py,Pfam is the family library and HMMER the profile search,33125078;22039361,
sequence rate,"residues no annotation reaches contribute 0.04 nm each, a compact-chain rate; an ectodomain is well modelled when its annotations cover at least 70% of its length, and the uncovered rest is completed at the sequence rate",01_height_estimates,a modelling assumption of this work,,
one entry per gene,"the height table keeps one entry per gene: the reviewed UniProt entry, represented by its largest ectodomain",01_height_estimates,UniProt reviewed entries carry one canonical sequence per gene,36408920,
expression weighting,"a cell type's surface is the surfaceome proteins with a value in a proteome of that cell type, each weighted by its share of the summed abundance: immune cells from Expression Atlas E-PROT-1 (the Kim 2014 draft proteome), monocyte subtypes from Ravenhill 2020, breast tumours from E-PROT-27 (Tyanova 2016)",F3_F4_expression_weighted_topography; F4_ravenhill_monocyte_subtypes; F6 notebooks; surfaceomeTopography.topography,"the draft human proteome by mass spectrometry across adult tissues and haematopoietic cells; cell-surface proteomics of classical, intermediate and non-classical monocytes; proteomic maps of breast cancer subtypes; Expression Atlas serves both proteome datasets",24870542;32165698;26725330;34850121,
epitope height,"a residue's height is the ectodomain's stack read part-way up: the segments between it and the membrane, plus its C-alpha's position along the model's height axis, or its share of a disordered chain's or a counted domain's residues; the membrane end is the ectodomain's C-terminal end when it is the chain's first ectodomain and its N-terminal end when it is the last; an epitope stands at the mean of its residues",surfaceomeTopography.epitope,a modelling assumption of this work,,needs citation
phagocytosis range,an epitope is reported as within reach of phagocytosis when it stands no more than 10 nm above the target membrane,surfaceomeTopography.epitope.predict_bridge,phagocytosis falls when antigens hold antibodies more than 10 nm from the target,29958103,cited
complexes,a trans pair recorded with one chain of a curated complex holds for the complex's other chain,interactions.inherit_through_complexes; 03_interaction_heights,"a modelling assumption of this work: the heterodimer is the binding unit, and a proteome often detects only one of its chains",,needs citation
