model,pdb_id,pdb_title,pmid,check,note
HA10_KLRA3,5J6G,Recognition of the MHC class Ib molecule H2-Q10 by the natural killer cell receptor Ly49C,27385590,chain G superposes on the model at 0.52 A over 97 of 122 CA,
HA10_KLRD1,3CDG,Human CD94/NKG2A in complex with HLA-E,18332182,chain J superposes on the model at 0.46 A over 112 of 123 CA,
Integrin_ICAM1,3FCS,Structure of complete ectodomain of integrin aIIBb3,19111664,chain D superposes on the model at 0.01 A over 462 of 606 CA,
Integrin_ICAM1,3FCU,Structure of headpiece of integrin aIIBb3 in open conformation,19111664,chain A superposes on the model at 0.21 A over 384 of 458 CA,
Integrin_ICAM1,2P26,Structure of the PHE2 and PHE3 fragments of the integrin beta2 subunit,17673459,chain A superposes on the model at 3.64 A over 164 of 285 CA,
Integrin_ICAM1,2P28,Structure of the PHE2 and PHE3 fragments of the integrin beta2 subunit,17673459,chain A superposes on the model at 1.65 A over 72 of 96 CA,
Integrin_ICAM1,3TCX,Structure of Engineered Single Domain ICAM-1 D1 with High-Affinity aL Integrin I Domain of Native C-Terminal Helix Conformation,,chain G superposes on the model at 0.79 A over 71 of 85 CA,deposited without a publication
Integrin_ICAM1,1MQ8,Crystal structure of alphaL I domain in complex with ICAM-1,12526797,chain A superposes on the model at 1.06 A over 161 of 184 CA,published structure of the same alphaL I domain-ICAM-1 D1 complex as the unpublished 3TCX; not itself in the model
JAM1_IGSF5,1NBQ,Crystal Structure of Human Junctional Adhesion Molecule Type 1,12697893,chain A superposes on the model at 0.78 A over 190 of 209 CA,
JAM1_JAM1,1NBQ,Crystal Structure of Human Junctional Adhesion Molecule Type 1,12697893,chain A superposes on the model at 0.78 A over 191 of 209 CA,
JAM1_JAM2,1NBQ,Crystal Structure of Human Junctional Adhesion Molecule Type 1,12697893,chain A superposes on the model at 0.78 A over 190 of 209 CA,
JAM1_JAM3,1NBQ,Crystal Structure of Human Junctional Adhesion Molecule Type 1,12697893,chain A superposes on the model at 0.78 A over 190 of 209 CA,
SEM4D_PLXB1,3AL8,Plexin A2 / Semaphorin 6A complex,20881961,"SEMA4D superposes on chain A at 1.2 A over 223 CA; the template's plexin A2 then lands 70.8 A from the model's plexin-B1: semaphorin taken from this structure, plexin placed separately",
SEM4D_PLXB2,3AL8,Plexin A2 / Semaphorin 6A complex,20881961,SEMA4D superposes on chain A at 0.8 A over 213 CA; the template's plexin A2 then lands 72.3 A from the model's plexin-B2,
SEM4D_PLXB3,3AL8,Plexin A2 / Semaphorin 6A complex,20881961,SEMA4D superposes on chain A at 1.9 A over 246 CA; the template's plexin A2 then lands 73.2 A from the model's plexin-B3,
SIRPa_CD47,2JJS,Structure of human CD47 in complex with human signal regulatory protein (SIRP) alpha,18657508,chain A superposes on the model at 0.24 A over 84 of 117 CA,
cd274_Pdcd1,4ZQK,Structure of the complex of human programmed death-1 (PD-1) and its ligand PD-L1.,26602187,PD-L1 superposes on chain A at 0.4 A over 95 CA; the template's PD-1 then lands 2.2 A from the model's PD-1: placed on this complex,
cd274_Pdcd1,5IUS,Crystal structure of human PD-L1 in complex with high affinity PD-1 mutant,27618663,chain A superposes on the model at 0.62 A over 83 of 117 CA,
klrb1b_clec2,5MGT,Complex of human NKR-P1 and LLT1 in deglycosylated forms,36028489,chain B superposes on the model at 0.69 A over 95 of 118 CA,
integrin_extended_open,3FCS,Structure of complete ectodomain of integrin aIIBb3,19111664,chain D superposes on the model at 0.01 A over 467 of 606 CA,
integrin_extended_open,3FCU,Structure of headpiece of integrin aIIBb3 in open conformation,19111664,chain A superposes on the model at 0.21 A over 385 of 458 CA,
integrin_extended_open,2P26,Structure of the PHE2 and PHE3 fragments of the integrin beta2 subunit,17673459,chain A superposes on the model at 4.41 A over 192 of 285 CA,
integrin_extended_open,2P28,Structure of the PHE2 and PHE3 fragments of the integrin beta2 subunit,17673459,chain A superposes on the model at 1.65 A over 72 of 96 CA,
integrin_extended_open_collagen,3FCS,Structure of complete ectodomain of integrin aIIBb3,19111664,chain D superposes on the model at 0.02 A over 464 of 606 CA,
integrin_extended_open_collagen,3FCU,Structure of headpiece of integrin aIIBb3 in open conformation,19111664,chain E superposes on the model at 0.21 A over 381 of 454 CA,
integrin_extended_open_collagen,2P26,Structure of the PHE2 and PHE3 fragments of the integrin beta2 subunit,17673459,chain A superposes on the model at 4.03 A over 124 of 285 CA,
integrin_extended_open_collagen,2P28,Structure of the PHE2 and PHE3 fragments of the integrin beta2 subunit,17673459,chain A superposes on the model at 1.58 A over 60 of 96 CA,
integrin_extended_open_collagen,1DZI,integrin alpha2 I domain / collagen complex,10778855,chain A superposes on the model at 0.01 A over 185 of 185 CA,
integrin_extended_open_icam2,3FCS,Structure of complete ectodomain of integrin aIIBb3,19111664,chain D superposes on the model at 0.02 A over 457 of 606 CA,
integrin_extended_open_icam2,3FCU,Structure of headpiece of integrin aIIBb3 in open conformation,19111664,chain A superposes on the model at 0.21 A over 385 of 458 CA,
integrin_extended_open_icam2,2P26,Structure of the PHE2 and PHE3 fragments of the integrin beta2 subunit,17673459,chain A superposes on the model at 4.40 A over 192 of 285 CA,
integrin_extended_open_icam2,2P28,Structure of the PHE2 and PHE3 fragments of the integrin beta2 subunit,17673459,chain A superposes on the model at 1.65 A over 72 of 96 CA,
integrin_extended_open_icam2,3TCX,Structure of Engineered Single Domain ICAM-1 D1 with High-Affinity aL Integrin I Domain of Native C-Terminal Helix Conformation,,chain I superposes on the model at 0.79 A over 55 of 85 CA,deposited without a publication
integrin_extended_open_icam2,1ZXQ,THE CRYSTAL STRUCTURE OF ICAM-2,9153399,chain A superposes on the model at 0.01 A over 171 of 192 CA,
Klrd1_H2-K1,3CDG,Human CD94/NKG2A in complex with HLA-E,18332182,chain D superposes on the model at 1.65 A over 57 of 100 CA,
Kir3dl2_H2-Q10,3CDG,Human CD94/NKG2A in complex with HLA-E,18332182,chain C superposes on the model at 1.43 A over 260 of 273 CA,
Kir3dl2_H2-K1,3CDG,Human CD94/NKG2A in complex with HLA-E,18332182,chain C superposes on the model at 1.64 A over 260 of 273 CA,
Klra1_H2-K1,3CDG,Human CD94/NKG2A in complex with HLA-E,18332182,chain D superposes on the model at 1.98 A over 55 of 100 CA,
Klra3_H2-K1,5J6G,Recognition of the MHC class Ib molecule H2-Q10 by the natural killer cell receptor Ly49C,27385590,chain D superposes on the model at 1.39 A over 68 of 99 CA,
Klrc2_H2-Q10,3CDG,Human CD94/NKG2A in complex with HLA-E,18332182,chain C superposes on the model at 2.04 A over 179 of 273 CA,
ICAM1_ICAM2,1ZXQ,THE CRYSTAL STRUCTURE OF ICAM-2,9153399,loaded in the 2018 session; its relation to the model could not be tested (superposition failed),
cd28_cd86,1I85,CRYSTAL STRUCTURE OF THE CTLA-4/B7-2 COMPLEX,11279501,"CD86 superposes on chain D at 3.4 A over 80 CA; the template's CTLA-4 then lands 17.1 A from the model's CD28: CD86 taken from this structure, CD28 placed separately",
cd80_cd274,4ZQK,Structure of the complex of human programmed death-1 (PD-1) and its ligand PD-L1.,26602187,"PD-L1 superposes on chain A at 0.4 A over 95 CA; the template's PD-1 then lands 30.9 A from the model's CD80: PD-L1 taken from this structure, CD80 not placed at PD-1's site","the pair binds only in cis (interaction_type_corrections.csv), so this model sets no height"
cd80_cd274,5IUS,Crystal structure of human PD-L1 in complex with high affinity PD-1 mutant,27618663,PD-L1 superposes on chain C at 0.5 A over 102 CA; the template's PD-1 then lands 15.5 A from the model's CD80,"the pair binds only in cis (interaction_type_corrections.csv), so this model sets no height"
cdh2_cdh8,3Q2W,Crystal structure of mouse N-cadherin ectodomain,21300292,loaded in the 2018 session; its relation to the model could not be tested (superposition failed),
2026/CD47-SIRPA,2JJS,Structure of human CD47 in complex with human signal regulatory protein (SIRP) alpha,18657508,AlphaFold v6 ectodomains superposed on chains C and A at 0.35 and 0.39 A over 741 and 629 atoms,
2026/CLEC2D-KLRB1,5MGT,Complex of human NKR-P1 and LLT1 in deglycosylated forms,36028489,AlphaFold v6 ectodomains superposed on chains A and C at 0.28 and 0.3 A over 776 and 796 atoms,
2026/F11R-F11R,1NBQ,Crystal Structure of Human Junctional Adhesion Molecule Type 1,12697893,AlphaFold v6 ectodomains superposed on chains A and B at 0.87 and 0.97 A over 1365 and 1372 atoms,
2026/HLA-E-KLRD1,3CDG,Human CD94/NKG2A in complex with HLA-E,18332182,AlphaFold v6 ectodomains superposed on chains A and E at 0.81 and 0.49 A over 1818 and 810 atoms,
2026/ICAM1-ITGAL,1MQ8,Crystal structure of alphaL I domain in complex with ICAM-1,12526797,AlphaFold v6 ectodomains superposed on chains A and B at 0.8 and 1.09 A over 1116 and 968 atoms,record only; the integrin pairs keep the 2018 extended-open assembly
2026/PDCD1-CD274,4ZQK,Structure of the complex of human programmed death-1 (PD-1) and its ligand PD-L1.,26602187,AlphaFold v6 ectodomains superposed on chains B and A at 0.46 and 0.43 A over 559 and 649 atoms,
2026/PLXNB1-SEMA4D,3OL2,Receptor-ligand structure of Human Semaphorin 4D with Plexin B1.,20877282,AlphaFold v6 ectodomains superposed on chains B and A at 0.61 and 0.34 A over 2694 and 3668 atoms,
