,Pfam,max_dim_mean,max_dim_std,max_dim_sem,max_dim_len,min_dim_mean,min_dim_std,min_dim_sem,min_dim_len,query_name_x,orientation,Clan_x,_merge,transmembrane_domain,height,Clan_y,clan_name,query_name_y,details
0,PF00008,32.12898148,6.462290319,0.879406325,54.0,18.68333333,5.1147129389999995,0.696024271,54.0,EGF,max,CL0001,both,,32.12898148,CL0001,EGF,EGF,EGF-like domain
1,PF00053,41.79927586,16.7116443,3.10327444,29.0,20.95358621,4.847513475,0.900160654,29.0,Laminin_EGF,max,CL0001,both,,41.79927586,CL0001,EGF,Laminin_EGF,Laminin EGF domain
2,PF00084,98.20426496,102.76307729999999,6.717832518,234.0,47.137209399999996,48.17213908,3.1491112460000004,234.0,Sushi,max,CL0001,both,,98.20426496,CL0001,EGF,Sushi,Sushi repeat (SCR repeat)
3,PF00594,32.72688889,14.33472983,4.778243277,9.0,22.33755556,14.79327655,4.9310921830000005,9.0,Gla,max,CL0001,both,,32.72688889,CL0001,EGF,Gla,Vitamin K-dependent carboxylation/gamma-carboxyglutamic (GLA) domain
4,PF01414,58.30633333,17.1697943,7.00953917,6.0,20.34,1.155809846,0.471857394,6.0,DSL,max,CL0001,both,,58.30633333,CL0001,EGF,DSL,Delta serrate ligand
5,PF07645,35.27674194,10.47675593,1.881680912,31.0,21.12454839,9.090230026,1.632653509,31.0,EGF_CA,max,CL0001,both,,35.27674194,CL0001,EGF,EGF_CA,Calcium-binding EGF domain
6,PF07974,24.659000000000002,2.66529323,1.332646615,4.0,16.66475,0.301580697,0.15079034800000002,4.0,EGF_2,max,CL0001,both,,24.659000000000002,CL0001,EGF,EGF_2,EGF-like domain
7,PF09064,30.0596,5.251212508,2.348413626,5.0,22.8224,8.172716121,3.6549497619999998,5.0,Tme5_EGF_like,max,CL0001,both,,30.0596,CL0001,EGF,Tme5_EGF_like,"Thrombomodulin like fifth domain, EGF-like"
8,PF09443,37.727,,,1.0,29.031999999999996,,,1.0,CFC,max,CL0001,both,,37.727,CL0001,EGF,CFC,Cripto_Frl-1_Cryptic (CFC)
9,PF12661,25.7605,0.733269732,0.5185,2.0,13.9185,0.9454017659999999,0.6685,2.0,hEGF,max,CL0001,both,,25.7605,CL0001,EGF,hEGF,Human growth factor-like EGF
10,PF12662,22.448,,,1.0,13.725999999999999,,,1.0,cEGF,max,CL0001,both,,22.448,CL0001,EGF,cEGF,Complement Clr-like EGF-like
11,PF12947,35.266,,,1.0,18.845,,,1.0,EGF_3,max,CL0001,both,,35.266,CL0001,EGF,EGF_3,EGF domain
12,PF14670,34.23684091,20.14580631,3.0370945739999997,44.0,20.64393182,3.0000374830000003,0.452272668,44.0,FXa_inhibition,max,CL0001,both,,34.23684091,CL0001,EGF,FXa_inhibition,Coagulation Factor Xa inhibitory site
13,PF18372,25.541999999999998,,,1.0,14.572000000000001,,,1.0,I-EGF_1,max,CL0001,both,,25.541999999999998,CL0001,EGF,I-EGF_1,Integrin beta epidermal growth factor like domain 1
14,PF12946,,,,,,,,,EGF_MSP1_1,max,CL0001,both,,,CL0001,EGF,EGF_MSP1_1,MSP1 EGF domain 1
15,PF00536,36.30262222,9.206844071,1.37247528,45.0,27.8072,5.588130069,0.833029247,45.0,SAM_1,min,CL0003,both,,27.8072,CL0003,SAM,SAM_1,SAM domain (Sterile alpha motif)
16,PF07647,41.55653333,12.98674031,2.3710435380000003,30.0,30.44323333,7.637385916,1.394389516,30.0,SAM_2,min,CL0003,both,,30.44323333,CL0003,SAM,SAM_2,SAM domain (Sterile alpha motif)
17,PF00054,45.55961538,2.4569995430000002,0.681449064,13.0,32.82930769,2.2974368469999997,0.637194335,13.0,Laminin_G_1,max,CL0004,both,,45.55961538,CL0004,Concanavalin,Laminin_G_1,Laminin G domain
18,PF00354,46.422,1.634830878,1.156,2.0,36.9995,0.236880772,0.1675,2.0,Pentaxin,max,CL0004,both,,46.422,CL0004,Concanavalin,Pentaxin,Pentaxin family
19,PF00629,51.23625,2.64648942,1.32324471,4.0,33.69675,1.964226459,0.98211323,4.0,MAM,max,CL0004,both,,51.23625,CL0004,Concanavalin,MAM,"MAM domain, meprin/A5/mu"
20,PF02210,45.98806667,4.0903463780000004,1.056122894,15.0,30.74826667,1.53586525,0.39655870200000004,15.0,Laminin_G_2,max,CL0004,both,,45.98806667,CL0004,Concanavalin,Laminin_G_2,Laminin G domain
21,PF13385,48.19825,17.17222365,8.586111823,4.0,34.06475,2.350052677,1.175026338,4.0,Laminin_G_3,max,CL0004,both,,48.19825,CL0004,Concanavalin,Laminin_G_3,Concanavalin A-like lectin/glucanases superfamily
22,PF00050,39.99911111,7.737341476,2.579113825,9.0,28.71777778,8.224041369,2.741347123,9.0,Kazal_1,min,CL0005,both,,28.71777778,CL0005,Kazal,Kazal_1,Kazal-type serine protease inhibitor domain
23,PF07648,30.729125,2.774245145,0.980843777,8.0,17.90275,5.41418686,1.914204122,8.0,Kazal_2,min,CL0005,both,,17.90275,CL0005,Kazal,Kazal_2,Kazal-type serine protease inhibitor domain
24,PF00047,44.63835556,6.424011376,0.677150255,90.0,24.32705556,3.5985761860000003,0.379323236,90.0,ig,max,CL0011,both,,44.63835556,CL0011,Ig,ig,Immunoglobulin domain
25,PF00047,44.63835556,6.424011376,0.677150255,90.0,24.32705556,3.5985761860000003,0.379323236,90.0,ig,max,CL0011,both,,44.63835556,CL0011,Ig,ig,Immunoglobulin domain
26,PF03921,52.6242,5.59453328,1.769146761,10.0,21.263,2.054669857,0.649743659,10.0,ICAM_N,max,CL0011,both,,52.6242,CL0011,Ig,ICAM_N,"Intercellular adhesion molecule (ICAM), N-terminal domain"
27,PF05587,11.49125,1.458865778,0.5157869420000001,8.0,3.523875,0.675301295,0.23875506300000002,8.0,Anth_Ig,max,CL0011,both,,11.49125,,,Anth_Ig,Anthrax receptor extracellular domain
28,PF05790,43.11126087,4.731360742,0.9865569129999999,23.0,22.35221739,1.81796137,0.37907115,23.0,C2-set,max,CL0011,both,,43.11126087,CL0011,Ig,C2-set,Immunoglobulin C2-set domain
29,PF07654,45.45975212,5.838740731000001,0.155382406,1412.0,22.20276416,3.683807012,0.098034632,1412.0,C1-set,max,CL0011,both,,45.45975212,CL0011,Ig,C1-set,Immunoglobulin C1-set domain
30,PF07679,46.6992,11.20703059,0.792456733,200.0,27.084515000000003,5.413018988999999,0.38275824299999994,200.0,I-set,max,CL0011,both,,46.6992,CL0011,Ig,I-set,Immunoglobulin I-set domain
31,PF07686,44.47811524,8.629019505,0.18830064300000002,2100.0,28.54509571,4.2104883719999995,0.091880389,2100.0,V-set,max,CL0011,both,,44.47811524,CL0011,Ig,V-set,Immunoglobulin V-set domain
32,PF08204,50.93877778,15.11898839,5.039662797,9.0,27.61111111,0.800281582,0.26676052699999997,9.0,V-set_CD47,max,CL0011,both,,50.93877778,CL0011,Ig,V-set_CD47,CD47 immunoglobulin-like domain
33,PF08205,47.74732143,3.963892093,0.749105193,28.0,22.79167857,3.228195965,0.610071693,28.0,C2-set_2,max,CL0011,both,,47.74732143,CL0011,Ig,C2-set_2,CD80-like C2-set immunoglobulin domain 
34,PF09085,56.545,,,1.0,26.776999999999997,,,1.0,Adhes-Ig_like,max,CL0011,both,,56.545,CL0011,Ig,Adhes-Ig_like,"Adhesion molecule, immunoglobulin-like"
35,PF09191,47.73633333,3.616190998,2.0878088459999997,3.0,28.76033333,2.0099204790000003,1.16042813,3.0,CD4-extracel,max,CL0011,both,,47.73633333,CL0011,Ig,CD4-extracel,"CD4, extracellular"
36,PF10430,47.085,1.508965871,1.067,2.0,24.8795,0.234052345,0.1655,2.0,Ig_Tie2_1,max,CL0011,both,,47.085,CL0011,Ig,Ig_Tie2_1,Tie-2 Ig-like domain 1
37,PF11465,47.92066667,6.382311911,3.6848294999999998,3.0,36.27266667,7.006445342,4.045173104,3.0,Receptor_2B4,max,CL0011,both,,47.92066667,CL0011,Ig,Receptor_2B4,Natural killer cell receptor 2B4
38,PF13895,44.299,4.322428899,0.448214997,93.0,24.2826129,3.0920064089999997,0.320626129,93.0,Ig_2,max,CL0011,both,,44.299,CL0011,Ig,Ig_2,Immunoglobulin domain
39,PF13927,45.3593578,6.734410552999999,0.645039544,109.0,24.58972477,3.447234675,0.330185198,109.0,Ig_3,max,CL0011,both,,45.3593578,CL0011,Ig,Ig_3,Immunoglobulin domain
40,PF15028,42.788999999999994,,,1.0,24.158,,,1.0,PTCRA,max,CL0011,both,,42.788999999999994,CL0011,Ig,PTCRA,Pre-T-cell antigen receptor
41,PF15910,45.966,,,1.0,29.866999999999997,,,1.0,V-set_2,max,CL0011,both,,45.966,CL0011,Ig,V-set_2,ICOS V-set domain
42,PF16680,69.75266667,29.67894106,17.13514461,3.0,23.09866667,4.338287028,2.504711183,3.0,Ig_4,max,CL0011,both,,69.75266667,CL0011,Ig,Ig_4,T-cell surface glycoprotein CD3 delta chain 
43,PF16681,64.678,26.99733691,19.09,2.0,28.465,1.962928425,1.3880000000000001,2.0,Ig_5,max,CL0011,both,,64.678,CL0011,Ig,Ig_5,Ig-like domain on T-cell surface glycoprotein CD3 epsilon chain
44,PF16706,46.802,1.2852715670000001,0.742051885,3.0,24.046,1.484849824,0.8572784459999999,3.0,Izumo-Ig,max,CL0011,both,,46.802,CL0011,Ig,Izumo-Ig,Izumo-like Immunoglobulin domain
45,PF18452,52.831559999999996,6.899041697,1.379808339,25.0,20.51516,2.3208607000000003,0.46417214,25.0,Ig_6,max,CL0011,both,,52.831559999999996,CL0011,Ig,Ig_6,Immunoglobulin domain
46,PF18589,42.244,5.0741982619999995,3.588,2.0,22.985,0.446891486,0.316,2.0,ObR_Ig,max,CL0011,both,,42.244,CL0011,Ig,ObR_Ig,Obesity receptor immunoglobulin like domain
47,PF17736,,,,,,,,,Ig_C17orf99,max,CL0011,both,,,CL0011,Ig,Ig_C17orf99,C17orf99 Ig domain
48,PF17737,,,,,,,,,Ig_C19orf38,max,CL0011,both,,,CL0011,Ig,Ig_C19orf38,Ig domain in C19orf38 (HIDE1)
49,PF00069,62.05630607,6.438964045,0.311239075,428.0,40.0196472,3.1504682639999997,0.152283631,428.0,Pkinase,max,CL0016,both,,62.05630607,CL0016,PKinase,Pkinase,Protein kinase domain
50,PF06702,64.71766667,4.740406874,2.736875185,3.0,46.19233333,1.414779606,0.8168233859999999,3.0,Fam20C,max,CL0016,both,,64.71766667,CL0016,PKinase,Fam20C,"Golgi casein kinase, C-terminal, Fam20"
51,PF12260,,,,,,,,,PIP49_C,max,CL0016,both,,,CL0016,PKinase,PIP49_C,Protein-kinase domain of FAM69
52,PF08238,27.1366,5.0517378,2.259205825,5.0,14.5876,3.893440355,1.74119946,5.0,Sel1,min,CL0020,both,,14.5876,CL0020,TPR,Sel1,Sel1 repeat
53,PF00560,31.59422222,2.473393053,0.8244643509999999,9.0,11.13122222,1.8057832630000001,0.601927754,9.0,LRR_1,min,CL0022,both,,11.13122222,CL0022,LRR,LRR_1,Leucine Rich Repeat
54,PF01030,43.168125,7.5412758129999995,1.192380402,40.0,30.17945,4.947291862,0.782235527,40.0,Recep_L_domain,min,CL0022,both,,30.17945,CL0022,LRR,Recep_L_domain,Receptor L domain
55,PF01462,30.82715789,2.4651742619999997,0.5655497620000001,19.0,15.94384211,1.917586714,0.439924563,19.0,LRRNT,min,CL0022,both,,15.94384211,,,LRRNT,Leucine rich repeat N-terminal domain
56,PF01463,25.419125,1.270707614,0.449262985,8.0,13.329875,2.1110601559999997,0.7463724759999999,8.0,LRRCT,min,CL0022,both,,13.329875,,,LRRCT,Leucine rich repeat C-terminal domain
57,PF12799,31.8822,2.678046552,0.267804655,100.0,17.21503,3.083172653,0.308317265,100.0,LRR_4,min,CL0022,both,,17.21503,CL0022,LRR,LRR_4,Leucine Rich repeats (2 copies)
58,PF13306,41.95307692,6.158862063,1.7081609969999998,13.0,24.95230769,3.1661061619999997,0.878119855,13.0,LRR_5,min,CL0022,both,,24.95230769,CL0022,LRR,LRR_5,BspA type Leucine rich repeat region (6 copies)
59,PF13516,30.40306818,3.7137758030000003,0.559872768,44.0,11.14684091,1.521683446,0.22940241100000003,44.0,LRR_6,min,CL0022,both,,11.14684091,CL0022,LRR,LRR_6,Leucine Rich repeat
60,PF13855,34.0004,2.388022829,0.198314502,145.0,18.96501379,2.399811784,0.199293521,145.0,LRR_8,min,CL0022,both,,18.96501379,CL0022,LRR,LRR_8,Leucine rich repeat
61,PF14580,48.03648,14.89475797,2.978951595,25.0,27.610840000000003,5.46885073,1.093770146,25.0,LRR_9,min,CL0022,both,,27.610840000000003,CL0022,LRR,LRR_9,Leucine-rich repeat
62,PF18831,28.55541667,0.562992243,0.162521861,12.0,13.56008333,0.9966922979999999,0.287720283,12.0,LRR_11,min,CL0022,both,,13.56008333,,,LRR_11,Leucine-rich repeat
63,PF18837,31.75283333,2.018545854,0.824067894,6.0,12.294,0.474112645,0.19355567699999998,6.0,LRR_12,min,CL0022,both,,12.294,,,LRR_12,Leucine-rich repeat
64,PF15779,,,,,,,,,LRRC37,min,CL0022,both,,,,,LRRC37,Leucine-rich repeat-containing protein 37 family
65,PF14914,,,,,,,,,LRRC37AB_C,min,CL0022,both,,,,,LRRC37AB_C,LRRC37A/B like protein 1 C-terminal domain
66,PF00812,47.268875,2.154605575,0.538651394,16.0,35.1378125,3.1502883089999996,0.787572077,16.0,Ephrin,max,CL0026,both,,47.268875,CL0026,CU_oxidase,Ephrin,Ephrin
67,PF07731,51.95175,6.282676573,3.1413382860000003,4.0,25.05725,4.155796063,2.077898031,4.0,Cu-oxidase_2,max,CL0026,both,,51.95175,CL0026,CU_oxidase,Cu-oxidase_2,Multicopper oxidase
68,PF07732,45.76571429,1.3780966000000001,0.520871555,7.0,29.23142857,3.771620291,1.4255384759999998,7.0,Cu-oxidase_3,max,CL0026,both,,45.76571429,CL0026,CU_oxidase,Cu-oxidase_3,Multicopper oxidase
69,PF00135,75.8666087,2.060452614,0.42963407,23.0,50.40043478,0.853635425,0.17799529,23.0,COesterase,max,CL0028,both,,75.8666087,CL0028,AB_hydrolase,COesterase,Carboxylesterase family
70,PF00326,54.3572,2.520270303,0.796979448,10.0,41.6673,2.581486267,0.816337635,10.0,Peptidase_S9,max,CL0028,both,,54.3572,CL0028,AB_hydrolase,Peptidase_S9,Prolyl oligopeptidase family
71,PF00561,53.45742857,2.022963985,0.764608517,7.0,43.02528571,3.6662492060000003,1.385711949,7.0,Abhydrolase_1,max,CL0028,both,,53.45742857,CL0028,AB_hydrolase,Abhydrolase_1,alpha/beta hydrolase fold
72,PF12146,56.38133333,0.231312199,0.13354816,3.0,43.18866667,1.122725404,0.648205814,3.0,Hydrolase_4,max,CL0028,both,,56.38133333,CL0028,AB_hydrolase,Hydrolase_4,"Serine aminopeptidase, S33"
73,PF12697,50.24666667,7.0788158139999995,4.086956216,3.0,36.58933333,8.994389714,5.192913323,3.0,Abhydrolase_6,max,CL0028,both,,50.24666667,CL0028,AB_hydrolase,Abhydrolase_6,Alpha/beta hydrolase family
74,PF00060,110.132,7.101668067,3.550834033,4.0,41.27025,3.418293275,1.7091466380000002,4.0,Lig_chan,max,CL0030,both,True,110.132,CL0030,Ion_channel,Lig_chan,Ligand-gated ion channel
75,PF01244,53.245,,,1.0,41.623000000000005,,,1.0,Peptidase_M19,max,CL0034,both,,53.245,CL0034,Amidohydrolase,Peptidase_M19,Membrane dipeptidase (Peptidase family M19)
76,PF00246,59.50533333,4.014732951,1.0365995909999999,15.0,46.2664,2.86368431,0.7394001090000001,15.0,Peptidase_M14,min,CL0035,both,,46.2664,CL0035,Peptidase_MH,Peptidase_M14,Zinc carboxypeptidase
77,PF04389,52.281000000000006,5.471331721,1.649668584,11.0,40.24527273,2.1493812180000003,0.648062821,11.0,Peptidase_M28,min,CL0035,both,,40.24527273,CL0035,Peptidase_MH,Peptidase_M28,Peptidase family M28
78,PF04952,62.36133333,0.742019092,0.428404923,3.0,41.442,1.207018227,0.696872298,3.0,AstE_AspA,min,CL0035,both,,41.442,CL0035,Peptidase_MH,AstE_AspA,Succinylglutamate desuccinylase / Aspartoacylase family
79,PF05450,59.0245,0.963786543,0.6815,2.0,41.5675,1.3682516219999998,0.9675,2.0,Nicastrin,min,CL0035,both,,41.5675,CL0035,Peptidase_MH,Nicastrin,Nicastrin
80,PF18266,69.851,,,1.0,37.35,,,1.0,Ncstrn_small,min,CL0035,both,,37.35,CL0035,Peptidase_MH,Ncstrn_small,Nicastrin small lobe
81,PF00062,46.4523,2.206178347,0.69765485,10.0,30.7231,5.455231016,1.725095517,10.0,Lys,min,CL0037,both,,30.7231,CL0037,Lysozyme,Lys,C-type lysozyme/alpha-lactalbumin family
82,PF02727,53.324,0.35072496299999995,0.248,2.0,22.011,0.216374675,0.153,2.0,Cu_amine_oxidN2,max,CL0047,both,,53.324,CL0047,CuAO_N2_N3,Cu_amine_oxidN2,"Copper amine oxidase, N2 domain"
83,PF02728,42.065,0.36345288600000003,0.257,2.0,28.9875,3.107734303,2.1975,2.0,Cu_amine_oxidN3,max,CL0047,both,,42.065,CL0047,CuAO_N2_N3,Cu_amine_oxidN3,"Copper amine oxidase, N3 domain"
84,PF01019,62.156000000000006,3.1646283619999998,1.5823141809999999,4.0,46.27225,6.812073516,3.406036758,4.0,G_glu_transpept,min,CL0052,both,,46.27225,CL0052,NTN,G_glu_transpept,Gamma-glutamyltranspeptidase
85,PF02947,43.2675,1.806657826,1.2775,2.0,25.051,0.33375440100000003,0.23600000000000002,2.0,Flt3_lig,max,CL0053,both,,43.2675,CL0053,4H_Cytokine,Flt3_lig,flt3 ligand 
86,PF00059,40.01474737,8.545867343,0.876787489,95.0,30.42746316,3.084177706,0.316429956,95.0,Lectin_C,max,CL0056,both,,40.01474737,CL0056,C_Lectin,Lectin_C,Lectin C-type domain
87,PF00193,41.964,4.443574612,2.221787306,4.0,34.89875,8.272694296000001,4.1363471480000005,4.0,Xlink,max,CL0056,both,,41.964,CL0056,C_Lectin,Xlink,Extracellular link domain
88,PF00128,54.63058333,6.826023939,1.9705033790000002,12.0,31.34141667,7.858456655,2.268541032,12.0,Alpha-amylase,min,CL0058,both,,31.34141667,CL0058,Glyco_hydro_tim,Alpha-amylase,"Alpha amylase, catalytic domain"
89,PF00232,70.362125,14.99679843,3.749199607,16.0,44.4155,9.609225227,2.402306307,16.0,Glyco_hydro_1,min,CL0058,both,,44.4155,CL0058,Glyco_hydro_tim,Glyco_hydro_1,Glycosyl hydrolase family 1
90,PF01055,76.314,3.027354621,1.353874145,5.0,45.8192,2.080398447,0.93038247,5.0,Glyco_hydro_31,min,CL0058,both,,45.8192,CL0058,Glyco_hydro_tim,Glyco_hydro_31,Glycosyl hydrolases family 31 
91,PF01630,70.217,,,1.0,45.952,,,1.0,Glyco_hydro_56,min,CL0058,both,,45.952,CL0058,Glyco_hydro_tim,Glyco_hydro_56,Hyaluronidase
92,PF01204,70.27627273,7.69156767,2.31909491,11.0,53.04890909,7.134997231,2.151282609,11.0,Trehalase,min,CL0059,both,,53.04890909,CL0059,6_Hairpin,Trehalase,Trehalase
93,PF03200,80.264,,,1.0,56.195,,,1.0,Glyco_hydro_63,min,CL0059,both,,56.195,CL0059,6_Hairpin,Glyco_hydro_63,Glycosyl hydrolase family 63 C-terminal domain
94,PF07678,56.7382,5.084020403,1.312688423,15.0,40.181,5.697134656,1.470993843,15.0,TED_complement,min,CL0059,both,,40.181,CL0059,6_Hairpin,TED_complement,A-macroglobulin TED domain
95,PF00955,64.99042857,20.39452271,7.708405029,7.0,40.24614286,17.61847338,6.659157005,7.0,HCO3_cotransp,min,CL0062,both,,40.24614286,CL0062,APC,HCO3_cotransp,HCO3- transporter family
96,PF00106,53.85124138,4.646116625,0.862762198,29.0,34.90544828,4.427561386,0.8221775090000001,29.0,adh_short,min,CL0063,both,,34.90544828,CL0063,NADP_Rossmann,adh_short,short chain dehydrogenase
97,PF01370,54.793625,3.7957504789999996,1.342000452,8.0,31.938375,12.93851294,4.57445512,8.0,Epimerase,min,CL0063,both,,31.938375,CL0063,NADP_Rossmann,Epimerase,NAD dependent epimerase/dehydratase family
98,PF01596,48.81833333,2.841796591,1.1601586000000002,6.0,36.12816667,1.904023258,0.77731424,6.0,Methyltransf_3,min,CL0063,both,,36.12816667,CL0063,NADP_Rossmann,Methyltransf_3,O-methyltransferase
99,PF08659,53.489,,,1.0,33.953,,,1.0,KR,min,CL0063,both,,33.953,CL0063,NADP_Rossmann,KR,KR domain
100,PF13561,54.2506,2.1806686330000002,0.56304622,15.0,42.85706667,1.55171359,0.400650726,15.0,adh_short_C2,min,CL0063,both,,42.85706667,CL0063,NADP_Rossmann,adh_short_C2,Enoyl-(Acyl carrier protein) reductase
101,PF00652,44.20675,13.25896257,3.8275328039999996,12.0,31.63641667,4.544982877,1.312023544,12.0,Ricin_B_lectin,max,CL0066,both,,44.20675,CL0066,Trefoil,Ricin_B_lectin,Ricin-type beta-trefoil lectin domain
102,PF00328,67.52066667,0.369368831,0.21325519399999998,3.0,42.11066667,1.305083267,0.753490175,3.0,His_Phos_2,min,CL0071,both,,42.11066667,CL0071,His_phosphatase,His_Phos_2,Histidine phosphatase superfamily (branch 2)
103,PF08022,45.861999999999995,,,1.0,31.34,,,1.0,FAD_binding_8,min,CL0076,both,,31.34,CL0076,FAD_Lum_binding,FAD_binding_8,FAD-binding domain
104,PF01129,52.49066667,1.472736342,0.8502847240000001,3.0,39.02933333,2.8873157660000004,1.666992535,3.0,ART,min,CL0084,both,,39.02933333,CL0084,ADP-ribosyl,ART,NAD:arginine ADP-ribosyltransferase
105,PF00245,73.329,,,1.0,50.928000000000004,,,1.0,Alk_phosphatase,min,CL0088,both,,50.928000000000004,CL0088,Alk_phosphatase,Alk_phosphatase,Alkaline phosphatase
106,PF00884,61.79257143,14.74373953,5.572609741,7.0,45.86685714,2.037724665,0.7701875290000001,7.0,Sulfatase,min,CL0088,both,,45.86685714,CL0088,Alk_phosphatase,Sulfatase,Sulfatase
107,PF01663,70.08514286,5.0287653,1.3439940590000001,14.0,37.32728571,3.5542178289999997,0.949904671,14.0,Phosphodiest,min,CL0088,both,,37.32728571,CL0088,Alk_phosphatase,Phosphodiest,Type I phosphodiesterase / nucleotide pyrophosphatase
108,PF08030,46.348,,,1.0,25.982,,,1.0,NAD_binding_6,min,CL0091,both,,25.982,CL0091,NAD_Ferredoxin,NAD_binding_6,Ferric reductase NAD binding domain
109,PF00229,55.33221622,3.996371967,0.656999504,37.0,27.51778378,1.68341175,0.276751187,37.0,TNF,min,CL0100,both,,27.51778378,CL0100,C1q_TNF,TNF,TNF(Tumour Necrosis Factor) family 
110,PF01179,76.04899999999999,0.086267027,0.061,2.0,50.496,1.764938526,1.248,2.0,Cu_amine_oxid,min,CL0103,both,,50.496,CL0103,Gal_mutarotase,Cu_amine_oxid,"Copper amine oxidase, enzyme domain"
111,PF01150,65.54317949,6.342786772999999,1.015658736,39.0,43.81882051,8.460046328999999,1.3546916000000002,39.0,GDA1_CD39,min,CL0108,both,,43.81882051,CL0108,Actin_ATPase,GDA1_CD39,GDA1/CD39 (nucleoside phosphatase) family
112,PF02485,55.4215,3.06672211,2.1685,2.0,44.842,6.044348766000001,4.274,2.0,Branch,min,CL0110,both,,44.842,CL0110,GT-A,Branch,Core-2/I-Branching enzyme
113,PF00201,42.048,,,1.0,32.977,,,1.0,UDPGT,min,CL0113,both,,32.977,CL0113,GT-B,UDPGT,UDP-glucoronosyl and UDP-glucosyl transferase
114,PF00021,44.4327619,9.556239773,2.0853424819999997,21.0,23.85442857,5.480351591,1.195910762,21.0,UPAR_LY6,max,CL0117,both,,44.4327619,CL0117,uPAR_Ly6_toxin,UPAR_LY6,u-PAR/Ly-6 domain
115,PF00087,52.06399999999999,,,1.0,45.95399999999999,,,1.0,Toxin_TOLIP,max,CL0117,both,,52.06399999999999,CL0117,uPAR_Ly6_toxin,Toxin_TOLIP,Snake toxin and toxin-like protein
116,PF01064,46.23965,14.49922754,3.24212584,20.0,26.16475,4.563639197,1.020460747,20.0,Activin_recp,max,CL0117,both,,46.23965,CL0117,uPAR_Ly6_toxin,Activin_recp,Activin types I and II receptor domain
117,PF08917,40.984375,1.334392953,0.47177915299999995,8.0,30.419625,4.158568742,1.470276079,8.0,ecTbetaR2,max,CL0117,both,,40.984375,CL0117,uPAR_Ly6_toxin,ecTbetaR2,Transforming growth factor beta receptor 2 ectodomain
118,PF16975,47.308,,,1.0,24.296,,,1.0,UPAR_LY6_2,max,CL0117,both,,47.308,CL0117,uPAR_Ly6_toxin,UPAR_LY6_2,"Ly6/PLAUR domain-containing protein 6, Lypd6"
119,PF06211,,,,,,,,,BAMBI,max,CL0117,both,,,CL0117,uPAR_Ly6_toxin,BAMBI,BMP and activin membrane-bound inhibitor (BAMBI) N-terminal domain
120,PF00089,52.3598408,3.33257704,0.23506186,201.0,40.51425373,3.320427683,0.23420491100000002,201.0,Trypsin,max,CL0124,both,,52.3598408,CL0124,Peptidase_PA,Trypsin,Trypsin
121,PF13365,47.93875,2.7844252999999997,1.39221265,4.0,31.31775,1.179336643,0.589668321,4.0,Trypsin_2,max,CL0124,both,,47.93875,CL0124,Peptidase_PA,Trypsin_2,Trypsin-like peptidase domain
122,PF00413,47.53113953,12.88892632,1.9655428369999999,43.0,37.92362791,6.771382503,1.0326261509999999,43.0,Peptidase_M10,min,CL0126,both,,37.92362791,CL0126,Peptidase_MA,Peptidase_M10,Matrixin
123,PF01400,54.63425,0.7851477040000001,0.39257385200000006,4.0,33.8995,1.6714242430000001,0.8357121209999999,4.0,Astacin,min,CL0126,both,,33.8995,CL0126,Peptidase_MA,Astacin,Astacin (Peptidase family M12A)
124,PF01401,75.8647,1.2049121729999999,0.381026685,10.0,54.3884,2.933311523,0.92759455,10.0,Peptidase_M2,min,CL0126,both,,54.3884,CL0126,Peptidase_MA,Peptidase_M2,Angiotensin-converting enzyme
125,PF01421,52.6425,2.4906350880000003,0.88057248,8.0,35.782125,2.446800852,0.865074737,8.0,Reprolysin,min,CL0126,both,,35.782125,CL0126,Peptidase_MA,Reprolysin,Reprolysin (M12B) family zinc metalloprotease 
126,PF01431,56.21633333,1.203079521,0.694598285,3.0,41.19566667,1.439327737,0.8309962559999999,3.0,Peptidase_M13,min,CL0126,both,,41.19566667,CL0126,Peptidase_MA,Peptidase_M13,Peptidase family M13
127,PF01433,60.1609375,3.9803388039999996,0.9950847009999999,16.0,40.1941875,1.53542894,0.383857235,16.0,Peptidase_M1,min,CL0126,both,,40.1941875,CL0126,Peptidase_MA,Peptidase_M1,Peptidase family M1 domain
128,PF01457,73.414,,,1.0,49.255,,,1.0,Peptidase_M8,min,CL0126,both,,49.255,CL0126,Peptidase_MA,Peptidase_M8,Leishmanolysin
129,PF13574,60.20399999999999,,,1.0,36.400999999999996,,,1.0,Reprolysin_2,min,CL0126,both,,36.400999999999996,CL0126,Peptidase_MA,Reprolysin_2,Metallo-peptidase family M12B Reprolysin-like
130,PF13688,58.84866667,0.7067944070000001,0.408067941,3.0,37.51766667,0.379979385,0.2193812,3.0,Reprolysin_5,min,CL0126,both,,37.51766667,CL0126,Peptidase_MA,Reprolysin_5,Metallo-peptidase family M12
131,PF00092,48.07218605,3.82826793,0.583805386,43.0,36.16076744,2.9834098410000003,0.454965735,43.0,VWA,max,CL0128,both,,48.07218605,CL0128,vWA-like,VWA,von Willebrand factor type A domain
132,PF00362,58.02707143,4.847134926,1.2954513,14.0,40.66285714,4.390649608,1.173450467,14.0,Integrin_beta,max,CL0128,both,,58.02707143,CL0128,vWA-like,Integrin_beta,Integrin beta chain VWA domain
133,PF13519,42.842375,5.007039043,1.770255631,8.0,22.39125,6.885090719,2.434247168,8.0,VWA_2,max,CL0128,both,,42.842375,CL0128,vWA-like,VWA_2,von Willebrand factor type A domain
134,PF13768,46.75,,,1.0,28.11,,,1.0,VWA_3,max,CL0128,both,,46.75,CL0128,vWA-like,VWA_3,von Willebrand factor type A domain
135,PF00026,63.92446667,4.879290641,0.7273617040000001,45.0,41.74937778,3.207679282,0.478172595,45.0,Asp,min,CL0129,both,,41.74937778,CL0129,Peptidase_AA,Asp,Eukaryotic aspartyl protease
136,PF09668,41.0865,0.190211724,0.1345,2.0,30.1175,1.297540943,0.9175,2.0,Asp_protease,min,CL0129,both,,30.1175,CL0129,Peptidase_AA,Asp_protease,Aspartyl protease
137,PF13975,36.716875,2.514869746,0.8891407259999999,8.0,26.925875,1.083243995,0.38298458700000004,8.0,gag-asp_proteas,min,CL0129,both,,26.925875,CL0129,Peptidase_AA,gag-asp_proteas,gag-polyprotein putative aspartyl protease
138,PF00702,65.76528571,19.08837001,7.214725711,7.0,43.36085714,11.61073653,4.388445914,7.0,Hydrolase,min,CL0137,both,,43.36085714,CL0137,HAD,Hydrolase,haloacid dehalogenase-like hydrolase
139,PF13246,46.6785,1.351281059,0.9555,2.0,30.9275,5.927676147000001,4.1915,2.0,Cation_ATPase,min,CL0137,both,,30.9275,CL0137,HAD,Cation_ATPase,Cation transport ATPase (P-type)
140,PF01094,74.27766667,6.696184542999999,1.4612272640000001,21.0,43.5177619,4.157894262,0.9073269140000001,21.0,ANF_receptor,max,CL0144,both,,74.27766667,CL0144,Periplas_BP,ANF_receptor,Receptor family ligand binding region
141,PF07657,47.0995,2.173461218,1.086730609,4.0,21.878,1.7639264909999999,0.881963246,4.0,MNNL,max,CL0154,both,,47.0995,CL0154,C2,MNNL,N terminus of Notch ligand
142,PF00028,50.96094554,3.592986189,0.252801626,202.0,24.25978713,2.629681539,0.185023747,202.0,Cadherin,max,CL0159,both,,50.96094554,CL0159,E-set,Cadherin,Cadherin domain
143,PF00041,48.3703,30.47939084,1.967436219,240.0,26.86383333,7.300266605,0.47123018299999997,240.0,fn3,max,CL0159,both,,48.3703,CL0159,E-set,fn3,Fibronectin type III domain
144,PF00100,49.3985,0.662559054,0.4685,2.0,30.0025,2.551948373,1.8045,2.0,Zona_pellucida,max,CL0159,both,,49.3985,CL0159,E-set,Zona_pellucida,Zona pellucida-like domain
145,PF00207,71.11744444,4.078486549,1.359495516,9.0,25.85822222,2.994712957,0.998237652,9.0,A2M,max,CL0159,both,,71.11744444,CL0159,E-set,A2M,Alpha-2-macroglobulin family
146,PF00801,52.3475,9.717019793,4.858509897,4.0,27.3665,5.186201982,2.593100991,4.0,PKD,max,CL0159,both,,52.3475,CL0159,E-set,PKD,PKD domain
147,PF01108,46.92387179,6.8188254939999995,1.091885937,39.0,24.90864103,5.331810058,0.8537729009999999,39.0,Tissue_fac,max,CL0159,both,,46.92387179,CL0159,E-set,Tissue_fac,Tissue factor
148,PF01833,37.2042381,8.569687246,1.870059071,21.0,23.79719048,5.636168802,1.229912865,21.0,TIG,max,CL0159,both,,37.2042381,CL0159,E-set,TIG,IPT/TIG domain
149,PF01835,47.9809,1.3759329319999998,0.43510819700000003,10.0,23.3048,1.132505168,0.358129579,10.0,MG2,max,CL0159,both,,47.9809,CL0159,E-set,MG2,MG2 domain
150,PF02014,45.4985,1.125006889,0.7955,2.0,34.058,2.602152955,1.84,2.0,Reeler,max,CL0159,both,,45.4985,CL0159,E-set,Reeler,Reeler domain
151,PF02019,54.2345,2.0923289659999997,1.4795,2.0,38.615,2.095864499,1.482,2.0,WIF,max,CL0159,both,,54.2345,CL0159,E-set,WIF,WIF domain
152,PF03160,66.6975,17.66706293,12.4925,2.0,33.4205,12.96904547,9.1705,2.0,Calx-beta,max,CL0159,both,,66.6975,CL0159,E-set,Calx-beta,Calx-beta domain
153,PF03160,66.6975,17.66706293,12.4925,2.0,33.4205,12.96904547,9.1705,2.0,Calx-beta,max,CL0159,both,,66.6975,CL0159,E-set,Calx-beta,Calx-beta domain
154,PF06214,42.403,1.69272384,0.84636192,4.0,28.04175,0.800765623,0.40038281200000003,4.0,SLAM,max,CL0159,both,,42.403,CL0159,E-set,SLAM,Signaling lymphocytic activation molecule (SLAM) protein
155,PF06328,44.04233333,2.053879338,1.185807788,3.0,23.69133333,0.6895160140000001,0.39809225600000003,3.0,Lep_receptor_Ig,max,CL0159,both,,44.04233333,CL0159,E-set,Lep_receptor_Ig,Ig-like C2-type domain
156,PF07140,52.28725,2.134011305,1.067005653,4.0,24.893,1.261853399,0.630926699,4.0,IFNGR1,max,CL0159,both,,52.28725,CL0159,E-set,IFNGR1,Interferon gamma receptor (IFNGR1)
157,PF07677,44.9525,1.954140234,0.6179534010000001,10.0,28.3992,2.720939045,0.860436476,10.0,A2M_recep,max,CL0159,both,,44.9525,CL0159,E-set,A2M_recep,A-macroglobulin receptor binding domain
158,PF07703,86.35799999999999,1.170971178,0.39032372600000004,9.0,31.77144444,1.834802109,0.611600703,9.0,A2M_BRD,max,CL0159,both,,86.35799999999999,CL0159,E-set,A2M_BRD,Alpha-2-macroglobulin bait region domain
159,PF08266,46.7201,3.343458545,0.7476200590000001,20.0,25.7144,5.433997718,1.215078829,20.0,Cadherin_2,max,CL0159,both,,46.7201,CL0159,E-set,Cadherin_2,Cadherin-like
160,PF08441,67.1,43.0384859,11.93672829,13.0,26.892,13.65608432,3.787516325,13.0,Integrin_alpha2,max,CL0159,both,,67.1,CL0159,E-set,Integrin_alpha2,Integrin alpha
161,PF09067,42.43909091,3.260032867,0.982936893,11.0,23.71790909,1.8329110430000002,0.5526434729999999,11.0,EpoR_lig-bind,max,CL0159,both,,42.43909091,CL0159,E-set,EpoR_lig-bind,"Erythropoietin receptor, ligand binding"
162,PF09238,42.208,1.958685784,1.385,2.0,21.96,1.4721963180000002,1.041,2.0,IL4Ra_N,max,CL0159,both,,42.208,CL0159,E-set,IL4Ra_N,"Interleukin-4 receptor alpha chain, N-terminal"
163,PF09240,46.0867619,8.225052479,1.794853599,21.0,24.63652381,1.466508357,0.32001836,21.0,IL6Ra-bind,max,CL0159,both,,46.0867619,CL0159,E-set,IL6Ra-bind,"Interleukin-6 receptor alpha chain, binding"
164,PF09294,51.05222222,9.385882735,1.806313975,27.0,25.78311111,4.394355657,0.845694141,27.0,Interfer-bind,max,CL0159,both,,51.05222222,CL0159,E-set,Interfer-bind,"Interferon-alpha/beta receptor, fibronectin type III"
165,PF11838,64.58685714,2.448545312,0.925463138,7.0,40.23471429,2.266326963,0.856591076,7.0,ERAP1_C,max,CL0159,both,,64.58685714,CL0159,E-set,ERAP1_C,ERAP1-like C-terminal domain
166,PF12567,44.2465,0.552250396,0.3905,2.0,19.7465,0.185969083,0.1315,2.0,CD45,max,CL0159,both,,44.2465,CL0159,E-set,CD45,Leukocyte receptor CD45
167,PF16556,56.695,1.792220132,1.034738775,3.0,30.066,0.963980809,0.55655458,3.0,IL17R_fnIII_D1,max,CL0159,both,,56.695,CL0159,E-set,IL17R_fnIII_D1,"Interleukin-17 receptor, fibronectin-III-like domain 1"
168,PF16578,46.04133333,1.4179592140000001,0.818659134,3.0,24.00533333,0.9466500590000001,0.546548666,3.0,IL17R_fnIII_D2,max,CL0159,both,,46.04133333,CL0159,E-set,IL17R_fnIII_D2,Interleukin 17 receptor D
169,PF16656,55.078625,0.9378982490000001,0.33159710600000003,8.0,31.33325,3.965012655,1.4018436680000002,8.0,Pur_ac_phosph_N,max,CL0159,both,,55.078625,CL0159,E-set,Pur_ac_phosph_N,"Purple acid Phosphatase, N-terminal domain"
170,PF17756,51.625,,,1.0,29.631,,,1.0,RET_CLD1,max,CL0159,both,,51.625,CL0159,E-set,RET_CLD1,RET Cadherin like domain 1
171,PF17791,45.7876,1.81168866,0.8102117990000001,5.0,29.8518,1.391452011,0.622276257,5.0,MG3,max,CL0159,both,,45.7876,CL0159,E-set,MG3,Macroglobulin domain MG3
172,PF17812,53.674,,,1.0,27.885,,,1.0,RET_CLD3,max,CL0159,both,,53.674,CL0159,E-set,RET_CLD3,RET Cadherin like domain 3
173,PF17813,45.2975,0.286378246,0.2025,2.0,25.068,1.8229212819999998,1.2890000000000001,2.0,RET_CLD4,max,CL0159,both,,45.2975,CL0159,E-set,RET_CLD4,RET Cadherin like domain 4
174,PF17960,44.5038,1.7707274590000002,0.559953189,10.0,24.4071,2.229551846,0.7050461990000001,10.0,TIG_plexin,max,CL0159,both,,44.5038,CL0159,E-set,TIG_plexin,TIG domain
175,PF18001,56.0695,1.615738995,1.1425,2.0,23.865,0.062225397,0.044000000000000004,2.0,Il13Ra_Ig,max,CL0159,both,,56.0695,CL0159,E-set,Il13Ra_Ig,Interleukin-13 receptor subunit alpha Ig-like domain
176,PF18020,48.039875,0.599619269,0.21199742600000002,8.0,27.1335,0.7979004590000001,0.282100413,8.0,TIG_2,max,CL0159,both,,48.039875,CL0159,E-set,TIG_2,TIG domain found in plexin
177,PF18207,75.19766667,1.575020741,0.909338649,3.0,22.74666667,0.9567869840000001,0.5524012229999999,3.0,LIFR_N,max,CL0159,both,,75.19766667,CL0159,E-set,LIFR_N,Leukemia inhibitory factor receptor N-terminal domain
178,PF18432,69.322,,,1.0,26.371,,,1.0,ECD,max,CL0159,both,,69.322,CL0159,E-set,ECD,Extracellular Cadherin domain
179,PF18447,38.516,0.287085353,0.203,2.0,25.965,0.195161472,0.138,2.0,FN3_7,max,CL0159,both,,38.516,CL0159,E-set,FN3_7,Fibronectin type III domain
180,PF18611,41.95,12.47567824,5.579292921,5.0,22.5502,1.696172662,0.758551475,5.0,IL3Ra_N,max,CL0159,both,,41.95,CL0159,E-set,IL3Ra_N,IL-3 receptor alpha chain N-terminal domain
181,PF18707,43.128,,,1.0,26.394000000000002,,,1.0,IL2RB_N1,max,CL0159,both,,43.128,CL0159,E-set,IL2RB_N1,Interleukin-2 receptor subunit beta N-terminal domain 1
182,PF17963,,,,,,,,,Big_9,max,CL0159,both,,,CL0159,E-set,Big_9,Bacterial Ig domain
183,PF16184,,,,,,,,,Cadherin_3,max,CL0159,both,,,CL0159,E-set,Cadherin_3,Cadherin-like
184,PF17803,,,,,,,,,Cadherin_4,max,CL0159,left_only,,,CL0159,E-set,Cadherin_4,Bacterial cadherin-like domain
185,PF08374,,,,,,,,,Protocadherin,max,CL0159,both,,,,,Protocadherin,Protocadherin
186,PF02010,,,,,,,,,REJ,max,CL0159,both,,,CL0159,E-set,REJ,REJ domain
187,PF00149,54.889875,6.608126486000001,1.1681627620000001,32.0,38.09359375,3.51189537,0.620821258,32.0,Metallophos,min,CL0163,both,,38.09359375,CL0163,Calcineurin,Metallophos,Calcineurin-like phosphoesterase
188,PF00431,45.6495,3.280970291,0.59902048,30.0,28.1629,2.1326893069999997,0.389374014,30.0,CUB,max,CL0164,both,,45.6495,CL0164,CUB,CUB,CUB domain
189,PF02743,71.20598039,2.902240958,0.406395021,51.0,34.02278431,2.259964472,0.31645832399999996,51.0,dCache_1,min,CL0165,both,,34.02278431,CL0165,Cache,dCache_1,Cache domain
190,PF08473,94.7165,7.298049089,5.1605,2.0,42.141000000000005,13.48452632,9.535,2.0,VGCC_alpha2,min,CL0165,both,,42.141000000000005,CL0165,Cache,VGCC_alpha2,Neuronal voltage-dependent calcium channel alpha 2acd
191,PF07502,56.458999999999996,,,1.0,46.857,,,1.0,MANEC,max,CL0168,both,,56.458999999999996,CL0168,PAN,MANEC,MANEC domain
192,PF00085,38.88597959,3.173680503,0.453382929,49.0,28.53630612,4.849737511,0.6928196440000001,49.0,Thioredoxin,max,CL0172,both,,38.88597959,CL0172,Thioredoxin,Thioredoxin,Thioredoxin
193,PF00578,46.65318182,1.5761866530000002,0.47523815700000005,11.0,29.765,0.91600262,0.276185182,11.0,AhpC-TSA,max,CL0172,both,,46.65318182,CL0172,Thioredoxin,AhpC-TSA,AhpC/TSA family
194,PF00837,50.888000000000005,,,1.0,38.107,,,1.0,T4_deiodinase,max,CL0172,both,,50.888000000000005,CL0172,Thioredoxin,T4_deiodinase,Iodothyronine deiodinase
195,PF00405,61.20641176,5.726795794,0.982137376,34.0,43.13952941,4.622154078,0.792692885,34.0,Transferrin,min,CL0177,both,,43.13952941,CL0177,PBP,Transferrin,Transferrin
196,PF10613,57.82136364,19.14681407,5.772981655,11.0,33.24263636,2.937113014,0.885572894,11.0,Lig_chan-Glu_bd,min,CL0177,both,,33.24263636,CL0177,PBP,Lig_chan-Glu_bd,Ligated ion channel L-glutamate- and glycine-binding site
197,PF12698,92.523,44.71177599,31.616,2.0,43.5405,17.21451459,12.1725,2.0,ABC2_membrane_3,max,CL0181,both,,92.523,CL0181,ABC-2,ABC2_membrane_3,ABC-2 family transporter protein
198,PF00058,33.45882692,1.7617326000000002,0.244308355,52.0,19.31238462,1.811519871,0.251212607,52.0,Ldl_recept_b,min,CL0186,both,,19.31238462,CL0186,Beta_propeller,Ldl_recept_b,Low-density lipoprotein receptor repeat class B
199,PF00930,69.06985714,1.236068152,0.46718984799999996,7.0,55.53014286,3.853229616,1.456383901,7.0,DPPIV_N,min,CL0186,both,,55.53014286,CL0186,Beta_propeller,DPPIV_N,Dipeptidyl peptidase IV (DPP IV) N-terminal region
200,PF01011,37.21624074,6.774473756,0.92188911,54.0,16.8987037,2.8117468260000003,0.382630278,54.0,PQQ,min,CL0186,both,,16.8987037,CL0186,Beta_propeller,PQQ,PQQ enzyme repeat
201,PF01344,36.47539316,3.3916717289999996,0.313560162,117.0,17.92407692,1.9627783840000002,0.18145892600000002,117.0,Kelch_1,min,CL0186,both,,17.92407692,CL0186,Beta_propeller,Kelch_1,Kelch motif
202,PF01436,32.03475,0.667123864,0.333561932,4.0,12.55525,1.146962474,0.573481237,4.0,NHL,min,CL0186,both,,12.55525,CL0186,Beta_propeller,NHL,NHL repeat
203,PF01839,41.1135,3.8984897660000004,1.125397058,12.0,13.84183333,1.323004283,0.38191844,12.0,FG-GAP,min,CL0186,both,,13.84183333,CL0186,Beta_propeller,FG-GAP,FG-GAP repeat
204,PF03088,43.696999999999996,0.189504617,0.134,2.0,24.725,0.5430580079999999,0.384,2.0,Str_synth,min,CL0186,both,,24.725,CL0186,Beta_propeller,Str_synth,Strictosidine synthase
205,PF08450,52.827,2.316481815,1.6380000000000001,2.0,45.131,0.124450793,0.08800000000000001,2.0,SGL,min,CL0186,both,,45.131,CL0186,Beta_propeller,SGL,SMP-30/Gluconolactonase/LRE-like region
206,PF13360,60.106,,,1.0,28.325,,,1.0,PQQ_2,min,CL0186,both,,28.325,CL0186,Beta_propeller,PQQ_2,PQQ-like domain
207,PF13418,34.826,1.91343095,1.3530000000000002,2.0,25.5215,0.579120454,0.4095,2.0,Kelch_4,min,CL0186,both,,25.5215,CL0186,Beta_propeller,Kelch_4,"Galactose oxidase, central domain"
208,PF13517,39.801,,,1.0,20.262999999999998,,,1.0,VCBS,min,CL0186,both,,20.262999999999998,CL0186,Beta_propeller,VCBS,"Repeat domain in Vibrio, Colwellia, Bradyrhizobium and Shewanella"
209,PF13964,34.363,,,1.0,19.727,,,1.0,Kelch_6,min,CL0186,both,,19.727,CL0186,Beta_propeller,Kelch_6,Kelch motif
210,PF16472,53.001999999999995,,,1.0,38.315,,,1.0,DUF5050,min,CL0186,both,,38.315,CL0186,Beta_propeller,DUF5050,Domain of unknown function (DUF5050)
211,PF14312,,,,,,,,,FG-GAP_2,min,CL0186,both,,,CL0186,Beta_propeller,FG-GAP_2,FG-GAP repeat
212,PF13854,,,,,,,,,Kelch_5,min,CL0186,both,,,CL0186,Beta_propeller,Kelch_5,Kelch motif
213,PF01476,36.580999999999996,,,1.0,30.261999999999997,,,1.0,LysM,max,CL0187,both,,36.580999999999996,CL0187,LysM,LysM,LysM domain
214,PF00003,74.574,,,1.0,35.875,,,1.0,7tm_3,max,CL0192,both,True,74.574,CL0192,GPCR_A,7tm_3,7 transmembrane sweet-taste receptor of 3 GCPR
215,PF00055,62.251000000000005,2.4278882,0.7677656620000001,10.0,37.8865,3.567020551,1.12799094,10.0,Laminin_N,max,CL0202,both,,62.251000000000005,CL0202,GBD,Laminin_N,Laminin N-terminal (Domain VI)
216,PF00754,45.7532,2.984939502,0.5969879,25.0,31.3624,5.020826758,1.004165352,25.0,F5_F8_type_C,max,CL0202,both,,45.7532,CL0202,GBD,F5_F8_type_C,F5/8 type C domain
217,PF01404,52.74172727,2.8555417000000003,0.608803536,22.0,33.63127273,4.912362327,1.047319167,22.0,Ephrin_lbd,max,CL0202,both,,52.74172727,CL0202,GBD,Ephrin_lbd,Ephrin receptor ligand binding domain
218,PF01483,42.54066667,0.40389396299999997,0.23318828800000002,3.0,26.61266667,0.9017218709999999,0.520609365,3.0,P_proprotein,max,CL0202,both,,42.54066667,CL0202,GBD,P_proprotein,Proprotein convertase P-domain
219,PF00097,34.52275,4.421955571,1.563397385,8.0,25.4745,7.695742645,2.720855905,8.0,zf-C3HC4,min,CL0229,both,,25.4745,CL0229,RING,zf-C3HC4,"Zinc finger, C3HC4 type (RING finger)"
220,PF12678,38.43125,1.419832561,0.501986616,8.0,23.70225,3.52930239,1.2477968259999999,8.0,zf-rbx1,min,CL0229,both,,23.70225,CL0229,RING,zf-rbx1,RING-H2 zinc finger domain
221,PF13445,34.839,6.1197046010000005,1.8451603630000002,11.0,23.97,4.481791718,1.3513110469999998,11.0,zf-RING_UBOX,min,CL0229,both,,23.97,CL0229,RING,zf-RING_UBOX,RING-type zinc-finger
222,PF13639,35.05840909,3.438912116,0.7331785270000001,22.0,25.046,4.873138883,1.038956701,22.0,zf-RING_2,min,CL0229,both,,25.046,CL0229,RING,zf-RING_2,Ring finger domain
223,PF13920,32.38282143,4.573662574,0.864340982,28.0,23.72353571,5.525249177999999,1.044173947,28.0,zf-C3HC4_3,min,CL0229,both,,23.72353571,CL0229,RING,zf-C3HC4_3,"Zinc finger, C3HC4 type (RING finger)"
224,PF13923,32.085625,5.191378415,1.297844604,16.0,22.3826875,4.773593765,1.193398441,16.0,zf-C3HC4_2,min,CL0229,both,,22.3826875,CL0229,RING,zf-C3HC4_2,"Zinc finger, C3HC4 type (RING finger)"
225,PF14447,32.547,4.023067984,2.322719383,3.0,24.041999999999998,7.946004718999999,4.587627964,3.0,Prok-RING_4,min,CL0229,both,,24.041999999999998,CL0229,RING,Prok-RING_4,Prokaryotic RING finger family 4
226,PF14634,66.607,48.18649871,34.073,2.0,27.8275,14.32951892,10.1325,2.0,zf-RING_5,min,CL0229,both,,27.8275,CL0229,RING,zf-RING_5,zinc-RING finger domain
227,PF01471,34.31683333,8.514148282,3.4758864810000003,6.0,23.72616667,3.6409297389999997,1.4864033419999998,6.0,PG_binding_1,min,CL0244,both,,23.72616667,CL0244,PGBD,PG_binding_1,Putative peptidoglycan binding domain
228,PF01223,56.3352,3.32918845,1.052781826,10.0,44.6648,1.942535731,0.614283735,10.0,Endonuclease_NS,max,CL0263,both,,56.3352,CL0263,His-Me_finger,Endonuclease_NS,DNA/RNA non-specific endonuclease
229,PF00657,63.983999999999995,1.593917187,0.920248517,3.0,41.76133333,0.824114272,0.47580259700000005,3.0,Lipase_GDSL,max,CL0264,both,,63.983999999999995,CL0264,SGNH_hydrolase,Lipase_GDSL,GDSL-like Lipase/Acylhydrolase
230,PF13472,49.955,,,1.0,30.631,,,1.0,Lipase_GDSL_2,max,CL0264,both,,49.955,CL0264,SGNH_hydrolase,Lipase_GDSL_2,GDSL-like Lipase/Acylhydrolase family
231,PF13229,49.459125,2.843220048,0.502615044,32.0,36.106125,3.109195091,0.549633233,32.0,Beta_helix,max,CL0268,both,,49.459125,CL0268,Pec_lyase-like,Beta_helix,Right handed beta helix region
232,PF13620,37.64533333,2.077013561,1.199164339,3.0,25.58866667,1.489833995,0.860156058,3.0,CarboxypepD_reg,max,CL0287,both,,37.64533333,CL0287,Transthyretin,CarboxypepD_reg,Carboxypeptidase regulatory-like domain
233,PF14686,54.037,0.780645886,0.552,2.0,23.849,0.340825469,0.24100000000000002,2.0,fn3_3,max,CL0287,both,,54.037,CL0287,Transthyretin,fn3_3,"Polysaccharide lyase family 4, domain II"
234,PF09430,,,,,,,,,DUF2012,max,CL0287,both,,,CL0287,Transthyretin,DUF2012,Protein of unknown function (DUF2012)
235,PF00717,41.8826,11.07725434,2.215450868,25.0,27.0148,4.526162871,0.905232574,25.0,Peptidase_S24,max,CL0299,both,,41.8826,CL0299,Peptidase_SF,Peptidase_S24,Peptidase S24-like
236,PF07691,53.92630769,4.002302554,1.110039006,13.0,31.88461538,2.713479794,0.752583887,13.0,PA14,max,CL0301,both,,53.92630769,CL0301,PA14,PA14,PA14 domain
237,PF07565,54.567,2.0219050419999998,1.16734742,3.0,41.86633333,3.162976815,1.826145516,3.0,Band_3_cyto,max,CL0340,both,,54.567,CL0340,PTase-anion_tr,Band_3_cyto,Band 3 cytoplasmic domain
238,PF00129,55.65602198,3.4508357989999996,0.36174588399999996,91.0,30.79553846,3.2685562439999996,0.342637795,91.0,MHC_I,max,CL0343,both,,55.65602198,CL0343,MHC,MHC_I,"Class I Histocompatibility antigen, domains alpha 1 and 2"
239,PF00969,42.75872222,4.899523047,0.666740636,54.0,22.74851852,1.1367260129999999,0.154688817,54.0,MHC_II_beta,max,CL0343,both,,42.75872222,CL0343,MHC,MHC_II_beta,"Class II histocompatibility antigen, beta domain"
240,PF00993,50.964,2.5975523590000003,0.41070909,40.0,24.3765,2.0748695969999997,0.328065689,40.0,MHC_II_alpha,max,CL0343,both,,50.964,CL0343,MHC,MHC_II_alpha,"Class II histocompatibility antigen, alpha domain"
241,PF14586,50.312,6.914139932,3.9918805510000004,3.0,30.877,1.709582405,0.987027862,3.0,MHC_I_2,max,CL0343,both,,50.312,CL0343,MHC,MHC_I_2,"Class I Histocompatibility antigen, NKG2D ligand, domains 1 and 2"
242,PF16497,54.225,3.375189841,0.649555588,27.0,34.04803704,2.465758589,0.474535462,27.0,MHC_I_3,max,CL0343,both,,54.225,CL0343,MHC,MHC_I_3,MHC-I family domain
243,PF18139,56.07666667,11.25658067,6.498989879,3.0,37.79966667,6.983830635,4.032116497,3.0,LSDAT_euk,min,CL0349,both,,37.79966667,CL0349,SLOG,LSDAT_euk,SLOG in TRPM
244,PF01321,42.74,,,1.0,36.019,,,1.0,Creatinase_N,max,CL0356,both,,42.74,CL0356,AMP_N-like,Creatinase_N,Creatinase/Prolidase N-terminal domain
245,PF16189,51.181000000000004,,,1.0,38.089,,,1.0,Creatinase_N_2,max,CL0356,both,,51.181000000000004,CL0356,AMP_N-like,Creatinase_N_2,Creatinase/Prolidase N-terminal domain
246,PF02225,50.107625,3.3020643730000003,1.167456055,8.0,28.132625,3.713947301,1.313078661,8.0,PA,min,CL0364,both,,28.132625,CL0364,Leu-IlvD,PA,PA domain
247,PF11941,38.94307143,2.235204808,0.597383613,14.0,25.83471429,2.059413936,0.550401526,14.0,DUF3459,min,CL0369,both,,25.83471429,CL0369,GHD,DUF3459,Domain of unknown function (DUF3459)
248,PF00822,72.7246,4.222471172,1.888346515,5.0,32.2434,1.824409439,0.815900705,5.0,PMP22_Claudin,max,CL0375,both,,72.7246,CL0375,Transporter,PMP22_Claudin,PMP-22/EMP/MP20/Claudin family
249,PF03009,53.80541379,4.378457607,0.57491965,58.0,39.34737931,4.622801812,0.607003616,58.0,GDPD,min,CL0384,both,,39.34737931,CL0384,PLC,GDPD,Glycerophosphoryl diester phosphodiesterase family
250,PF13653,,,,,,,,,GDPD_2,min,CL0384,both,,,CL0384,PLC,GDPD_2,Glycerophosphoryl diester phosphodiesterase family
251,PF00147,51.00254545,2.772448063,0.591087913,22.0,37.30704545,1.3461109230000001,0.286991813,22.0,Fibrinogen_C,max,CL0422,both,,51.00254545,CL0422,Fibrinogen_C,Fibrinogen_C,"Fibrinogen beta and gamma chains, C-terminal globular domain"
252,PF01410,70.1025,13.28725976,5.424501082000001,6.0,34.2755,1.82968224,0.746964647,6.0,COLFI,max,CL0422,both,,70.1025,CL0422,Fibrinogen_C,COLFI,Fibrillar collagen C-terminal domain
253,PF02191,50.90675,2.551818424,0.637954606,16.0,38.80175,2.151797806,0.537949452,16.0,OLF,min,CL0434,both,,38.80175,CL0434,Sialidase,OLF,Olfactomedin-like domain
254,PF15902,70.874,4.119621446,1.45650613,8.0,47.32475,9.078472335,3.209724675,8.0,Sortilin-Vps10,min,CL0434,both,,47.32475,CL0434,Sialidase,Sortilin-Vps10,"Sortilin, neurotensin receptor 3,"
255,PF00093,53.3105,2.8489332210000002,2.0145,2.0,24.4235,9.944042664,7.0315,2.0,VWC,max,CL0451,both,,53.3105,CL0451,FnI-like,VWC,von Willebrand factor type C domain
256,PF12714,,,,,,,,,TILa,max,CL0451,both,,,CL0451,FnI-like,TILa,TILa domain
257,PF02267,57.547,1.411960654,0.446501163,10.0,40.3334,3.065078437,0.9692629070000001,10.0,Rib_hydrolayse,min,CL0498,both,,40.3334,CL0498,Nribosyltransf,Rib_hydrolayse,ADP-ribosyl cyclase
258,PF01740,45.138999999999996,,,1.0,31.408,,,1.0,STAS,max,CL0502,both,,45.138999999999996,CL0502,STAS,STAS,STAS domain
259,PF13599,31.34125,0.8165996059999999,0.40829980299999996,4.0,20.5675,3.403285129,1.7016425640000001,4.0,Pentapeptide_4,min,CL0505,both,,20.5675,CL0505,Pentapeptide,Pentapeptide_4,Pentapeptide repeats (9 copies)
260,PF03815,39.861,,,1.0,33.866,,,1.0,LCCL,max,CL0513,both,,39.861,CL0513,LCCL-domain,LCCL,LCCL domain
261,PF01105,47.7285,0.996313455,0.7045,2.0,22.4775,3.3778490939999997,2.3885,2.0,EMP24_GP25L,max,CL0521,both,,47.7285,CL0521,GOLD-like,EMP24_GP25L,emp24/gp25L/p24 family/GOLD
262,PF00881,44.8095,0.7855956340000001,0.5555,2.0,32.260999999999996,0.138592929,0.098,2.0,Nitroreductase,min,CL0529,both,,32.260999999999996,CL0529,FMN-dep-NRtase,Nitroreductase,Nitroreductase family
263,PF00219,39.78466667,1.138386724,0.6572478820000001,3.0,20.327,0.63633246,0.36738671700000003,3.0,IGFBP,min,CL0547,both,,20.327,CL0547,GF_recep_C-rich,IGFBP,Insulin-like growth factor binding protein
264,PF00757,74.76231999999999,6.937248925,1.387449785,25.0,29.60828,3.191594593,0.638318919,25.0,Furin-like,min,CL0547,both,,29.60828,CL0547,GF_recep_C-rich,Furin-like,Furin-like cysteine rich region
265,PF14843,55.10035294,20.61151306,3.5348453269999998,34.0,21.16817647,3.3013073669999997,0.566169543,34.0,GF_recep_IV,min,CL0547,both,,21.16817647,CL0547,GF_recep_C-rich,GF_recep_IV,Growth factor receptor domain IV
266,PF15913,54.84855556,4.321579026,1.4405263419999998,9.0,24.26155556,1.456642639,0.485547546,9.0,Furin-like_2,min,CL0547,both,,24.26155556,CL0547,GF_recep_C-rich,Furin-like_2,"Furin-like repeat, cysteine-rich"
267,PF00530,44.70615385,24.33337558,6.748864105,13.0,28.96615385,4.517664198,1.252974609,13.0,SRCR,min,CL0550,both,,28.96615385,CL0550,SRCR,SRCR,Scavenger receptor cysteine-rich domain
268,PF09272,49.1955,1.290083847,0.6450419239999999,4.0,32.389,0.7018656090000001,0.350932805,4.0,Hepsin-SRCR,min,CL0550,both,,32.389,CL0550,SRCR,Hepsin-SRCR,"Hepsin, SRCR domain"
269,PF15494,,,,,,,,,SRCR_2,min,CL0550,both,,,CL0550,SRCR,SRCR_2,Scavenger receptor cysteine-rich domain
270,PF15780,,,,,,,,,ASH,max,CL0556,both,,,CL0556,PapD-like,ASH,"Abnormal spindle-like microcephaly-assoc'd, ASPM-SPD-2-Hydin"
271,PF12371,,,,,,,,,TMEM131_like,max,CL0556,both,,,CL0556,PapD-like,TMEM131_like,Transmembrane protein 131-like
272,PF01963,,,,,,,,,TraB,,CL0572,both,,,CL0572,TIKI,TraB,TraB family
273,PF00040,32.35625,7.081767513,2.04433019,12.0,24.9075,7.987688134,2.305846947,12.0,fn2,max,CL0602,both,,32.35625,CL0602,Kringle,fn2,Fibronectin type II domain
274,PF00051,38.97604545,6.404352927000001,0.965492531,44.0,27.76354545,6.690056921,1.008564029,44.0,Kringle,max,CL0602,both,,38.97604545,CL0602,Kringle,Kringle,Kringle domain
275,PF00020,35.184918599999996,6.536186417000001,0.704815108,86.0,17.23926744,3.129615911,0.33747516299999997,86.0,TNFR_c6,min,CL0607,both,,17.23926744,CL0607,TNF_receptor,TNFR_c6,TNFR/NGFR cysteine-rich region
276,PF07562,43.53025,5.044271033,2.522135516,4.0,17.957,0.8449390509999999,0.42246952600000004,4.0,NCD3G,min,CL0607,both,,17.957,CL0607,TNF_receptor,NCD3G,Nine Cysteines Domain of family 3 GPCR
277,PF09256,32.2025,6.68876294,3.34438147,4.0,20.6745,8.178244086,4.089122043,4.0,BaffR-Tall_bind,min,CL0607,both,,20.6745,CL0607,TNF_receptor,BaffR-Tall_bind,"BAFF-R, TALL-1 binding"
278,PF09257,31.08,2.765220877,1.236644371,5.0,21.0716,4.095007546000001,1.8313430480000001,5.0,BCMA-Tall_bind,min,CL0607,both,,21.0716,CL0607,TNF_receptor,BCMA-Tall_bind,"BCMA, TALL-1 binding"
279,PF09305,37.3355,10.23254223,7.2355,2.0,25.886,7.464219182000001,5.278,2.0,TACI-CRD2,min,CL0607,both,,25.886,CL0607,TNF_receptor,TACI-CRD2,"TACI, cysteine-rich domain"
280,PF18278,38.50275,1.056688656,0.528344328,4.0,16.69775,0.967461412,0.483730706,4.0,RANK_CRD_2,min,CL0607,both,,16.69775,CL0607,TNF_receptor,RANK_CRD_2,Receptor activator of the NF-KB cysteine-rich repeat domain 2
281,PF03098,69.58464706,6.645234834,1.611706184,17.0,45.65758824,9.291059971000001,2.253413037,17.0,An_peroxidase,max,CL0617,both,,69.58464706,CL0617,Peroxidase,An_peroxidase,Animal haem peroxidase
282,PF02822,30.26625,4.743982162,1.369469689,12.0,14.09258333,0.904793443,0.261191369,12.0,Antistasin,min,CL0620,both,,14.09258333,CL0620,Antihemostatic,Antistasin,Antistasin family
283,PF00088,30.979375,3.024941555,1.0694783429999999,8.0,22.178125,4.674371415,1.652639863,8.0,Trefoil,min,CL0630,both,,22.178125,CL0630,PSI,Trefoil,Trefoil (P-type) domain
284,PF01437,27.21710526,6.020082787000001,1.381101711,19.0,20.08626316,5.454790859,1.251414848,19.0,PSI,min,CL0630,both,,20.08626316,CL0630,PSI,PSI,Plexin repeat
285,PF17205,30.33492308,8.029972286,2.227113601,13.0,18.18615385,2.8982067689999997,0.8038179320000001,13.0,PSI_integrin,min,CL0630,both,,18.18615385,CL0630,PSI,PSI_integrin,Integrin plexin domain
286,PF01153,111.0375,6.988336317999999,4.9415,2.0,38.0175,0.113844192,0.0805,2.0,Glypican,max,CL0644,both,,111.0375,CL0644,Fz,Glypican,Glypican
287,PF01392,45.02623529,1.785835817,0.43312880600000003,17.0,27.09205882,1.339714777,0.324928561,17.0,Fz,max,CL0644,both,,45.02623529,CL0644,Fz,Fz,Fz domain
288,PF03024,48.74733333,2.242477707,0.91548769,6.0,38.238,2.231626223,0.9110575909999999,6.0,Folate_rec,max,CL0644,both,,48.74733333,CL0644,Fz,Folate_rec,Folate receptor family
289,PF16414,79.08933333,29.53792647,17.0537298,3.0,40.99166667,3.103413658,1.791756711,3.0,NPC1_N,max,CL0644,both,,79.08933333,CL0644,Fz,NPC1_N,Niemann-Pick C1 N terminus
290,PF00188,47.0495,1.883025358,1.3315,2.0,32.8225,1.775545128,1.2555,2.0,CAP,max,CL0659,both,,47.0495,CL0659,CAP,CAP,Cysteine-rich secretory protein family
291,PF01825,41.284,1.541492783,1.09,2.0,16.5475,1.718976585,1.2155,2.0,GPS,min,CL0661,both,,16.5475,CL0661,Gain,GPS,"GPCR proteolysis site, GPS, motif "
292,PF16489,58.478,,,1.0,42.448,,,1.0,GAIN,min,CL0661,both,,42.448,CL0661,Gain,GAIN,GPCR-Autoproteolysis INducing (GAIN) domain
293,PF17900,61.5875,2.1842528469999998,1.5445,2.0,38.4525,4.076470594,2.8825,2.0,Peptidase_M1_N,max,CL0672,both,,61.5875,CL0672,p35,Peptidase_M1_N,Peptidase M1 N-terminal domain
294,PF00014,37.33875862,14.10185187,2.618648151,29.0,24.10558621,12.02532483,2.2330467609999998,29.0,Kunitz_BPTI,max,,both,,37.33875862,,,Kunitz_BPTI,Kunitz/Bovine pancreatic trypsin inhibitor domain
295,PF00038,132.12438459999998,44.47600656,8.722462513,26.0,17.57211538,2.871779077,0.563202214,26.0,Filament,max,,both,,132.12438459999998,,,Filament,Intermediate filament protein
296,PF00045,34.558475,3.8828751639999997,0.613936469,40.0,22.74245,5.333744752,0.8433390940000001,40.0,Hemopexin,max,,both,,34.558475,,,Hemopexin,Hemopexin
297,PF00048,38.94810448,11.18995815,1.367070969,67.0,26.82413433,6.223365442,0.760305098,67.0,IL8,max,,both,,38.94810448,,,IL8,"Small cytokines (intecrine/chemokine), interleukin-8 like"
298,PF00057,39.52355738,27.68617797,3.5448518439999996,61.0,23.54454098,12.64736196,1.619328764,61.0,Ldl_recept_a,min,,both,,23.54454098,,,Ldl_recept_a,Low-density lipoprotein receptor domain class A
299,PF00066,28.6394,11.32923966,2.925197102,15.0,17.4466,2.181463624,0.563251486,15.0,Notch,max,,both,,28.6394,,,Notch,LNR domain
300,PF00080,45.557520000000004,16.19319801,3.238639603,25.0,29.14296,8.711656351,1.74233127,25.0,Sod_Cu,min,,both,,29.14296,,,Sod_Cu,Copper/zinc superoxide dismutase (SODC)
301,PF00082,50.28728571,2.648374515,1.000991478,7.0,40.33585714,11.26918257,4.259350652,7.0,Peptidase_S8,max,,both,,50.28728571,,,Peptidase_S8,Subtilase family
302,PF00086,40.37055556,5.913668365,1.9712227880000002,9.0,27.73366667,8.89384273,2.964614243,9.0,Thyroglobulin_1,max,,both,,40.37055556,,,Thyroglobulin_1,Thyroglobulin type-1 repeat
303,PF00090,50.93975472,8.625295674,1.184775478,53.0,15.36275472,2.93030526,0.40250838299999997,53.0,TSP_1,min,,both,,15.36275472,,,TSP_1,Thrombospondin type 1 domain
304,PF00094,46.568999999999996,0.530330086,0.375,2.0,28.741999999999997,0.776403246,0.5489999999999999,2.0,VWD,min,,both,,28.741999999999997,,,VWD,von Willebrand factor type D domain
305,PF00095,34.19383333,1.6228421259999999,0.662522524,6.0,17.93366667,7.899342673,3.224893142,6.0,WAP,min,,both,,17.93366667,,,WAP,WAP-type (Whey Acidic Protein) 'four-disulfide core'
306,PF00122,86.93933333,25.29331553,14.60310253,3.0,35.04166667,3.073963945,1.774753911,3.0,E1-E2_ATPase,min,,both,,35.04166667,,,E1-E2_ATPase,E1-E2 ATPase
307,PF00194,53.58015254,2.573007135,0.334976997,59.0,43.38832203,1.766170487,0.229935812,59.0,Carb_anhydrase,min,,both,,43.38832203,,,Carb_anhydrase,Eukaryotic-type carbonic anhydrase
308,PF00200,50.06,2.651650429,1.875,2.0,27.031,0.041012192999999995,0.028999999999999998,2.0,Disintegrin,max,,both,,50.06,,,Disintegrin,Disintegrin
309,PF00377,55.2006875,14.76550037,3.6913750939999996,16.0,32.7335,16.25717787,4.064294468,16.0,Prion,min,,both,,32.7335,,,Prion,Prion/Doppel alpha-helical domain
310,PF00429,66.88,11.83770772,6.834503737,3.0,21.39866667,2.718938273,1.569779744,3.0,TLV_coat,min,,both,,21.39866667,,,TLV_coat,ENV polyprotein (coat polyprotein)
311,PF00497,57.65509286,2.819520246,0.238292953,140.0,35.23007143,2.757482207,0.23304978199999998,140.0,SBP_bac_3,min,,left_only,,35.23007143,CL0177,PBP,SBP_bac_3,"Bacterial extracellular solute-binding proteins, family 3"
312,PF00517,51.81111194,24.30074801,2.099264892,134.0,19.68116418,9.392675905,0.811403615,134.0,GP41,min,,both,,19.68116418,,,GP41,Retroviral envelope protein
313,PF00557,57.30817647,3.624803085,0.879143882,17.0,35.92441176,3.929438892,0.953028918,17.0,Peptidase_M24,max,,both,,57.30817647,,,Peptidase_M24,Metallopeptidase family M24
314,PF00795,56.288000000000004,7.98654024,4.611031157,3.0,39.66366667,4.245909836,2.451377187,3.0,CN_hydrolase,max,,both,,56.288000000000004,,,CN_hydrolase,Carbon-nitrogen hydrolase
315,PF00805,31.19540909,3.8716189880000003,0.825431942,22.0,13.66377273,2.540047899,0.541540032,22.0,Pentapeptide,min,,left_only,,13.66377273,CL0505,Pentapeptide,Pentapeptide,Pentapeptide repeats (8 copies)
316,PF00858,78.589,4.450136178,2.56928732,3.0,44.67666667,1.8489625019999998,1.067498998,3.0,ASC,max,,both,,78.589,,,ASC,Amiloride-sensitive sodium channel
317,PF01033,32.69329412,7.234524723,1.754629976,17.0,20.686,4.4849871519999995,1.087769162,17.0,Somatomedin_B,min,,both,,20.686,,,Somatomedin_B,Somatomedin B domain
318,PF01299,59.37575,10.31935978,5.15967989,4.0,32.0195,4.733328181,2.36666409,4.0,Lamp,max,,both,,59.37575,,,Lamp,Lysosome-associated membrane glycoprotein (Lamp)
319,PF01390,66.66199999999999,43.48920284,21.74460142,4.0,31.09075,10.03990765,5.019953824,4.0,SEA,max,,both,,66.66199999999999,,,SEA,SEA domain
320,PF01391,72.9722,32.91737247,14.7210965,5.0,11.9614,1.392862628,0.6229071039999999,5.0,Collagen,max,,both,,72.9722,,,Collagen,Collagen triple helix repeat (20 copies)
321,PF01403,67.07805882,2.266291532,0.549656433,17.0,49.29558824,3.112101,0.7547953609999999,17.0,Sema,max,,both,,67.07805882,,,Sema,Sema domain
322,PF01676,76.51009524,5.269934714,1.149994035,21.0,44.19571429,3.044030308,0.664261872,21.0,Metalloenzyme,min,,left_only,,44.19571429,CL0088,Alk_phosphatase,Metalloenzyme,Metalloenzyme superfamily
323,PF01731,45.657,,,1.0,20.615,,,1.0,Arylesterase,min,,left_only,,20.615,CL0186,Beta_propeller,Arylesterase,Arylesterase
324,PF01738,48.14894737,2.6005529430000003,0.596607762,19.0,36.71636842,3.763365518,0.863375262,19.0,DLH,min,,left_only,,36.71636842,CL0028,AB_hydrolase,DLH,Dienelactone hydrolase family
325,PF01822,34.3035,0.652659559,0.4615,2.0,24.05,0.183847763,0.13,2.0,WSC,max,,both,,34.3035,,,WSC,WSC domain
326,PF01826,55.47066667,34.70832428,20.03886037,3.0,23.195,2.671167722,1.5421994030000001,3.0,TIL,min,,both,,23.195,,,TIL,Trypsin Inhibitor like cysteine rich domain
327,PF02012,21.5776,2.264405205,0.7160677990000001,10.0,8.9562,1.7281825259999999,0.5464993,10.0,BNR,max,,left_only,,21.5776,CL0434,Sialidase,BNR,BNR/Asp-box repeat
328,PF02140,51.58166667,6.246648887999999,3.606504417,3.0,27.88566667,4.6433148,2.68081905,3.0,Gal_Lectin,min,,both,,27.88566667,,,Gal_Lectin,Galactose binding lectin domain
329,PF02177,52.36866667,5.004782346,2.889512435,3.0,33.79933333,0.958156737,0.55319205,3.0,APP_N,max,,both,,52.36866667,,,APP_N,Amyloid A4 N-terminal heparin-binding
330,PF02351,41.8672381,2.907125469,0.634386786,21.0,28.00619048,4.151322953,0.9058929370000001,21.0,GDNF,min,,both,,28.00619048,,,GDNF,GDNF/GAS1 domain
331,PF02469,45.19008333,2.3324818019999998,0.673329498,12.0,33.5795,5.3166323669999995,1.5347795640000002,12.0,Fasciclin,max,,both,,45.19008333,,,Fasciclin,Fasciclin domain
332,PF02480,53.4545,0.145020688,0.072510344,4.0,29.9195,0.376433704,0.188216852,4.0,Herpes_gE,min,,left_only,,29.9195,CL0011,Ig,Herpes_gE,Alphaherpesvirus glycoprotein E
333,PF02793,46.64604545,13.90901802,2.965412605,22.0,22.09177273,3.126799884,0.666635975,22.0,HRM,max,,both,,46.64604545,,,HRM,Hormone receptor domain
334,PF02872,52.8265,2.26486302,1.6015,2.0,33.488,0.197989899,0.14,2.0,5_nucleotid_C,min,,both,,33.488,,,5_nucleotid_C,"5'-nucleotidase, C-terminal domain"
335,PF02931,74.18947619,12.49932882,2.727577165,21.0,35.12242857,2.364631569,0.516004912,21.0,Neur_chan_LBD,max,,both,,74.18947619,,,Neur_chan_LBD,Neurotransmitter-gated ion-channel ligand binding domain
336,PF03494,57.6274375,55.17482675,9.753623536000001,32.0,21.7400625,17.01499293,3.007854221,32.0,Beta-APP,min,,both,,21.7400625,,,Beta-APP,Beta-amyloid peptide (beta-APP)
337,PF03519,46.27533333,1.220134036,0.498117634,6.0,31.271,1.735905988,0.7086806520000001,6.0,Invas_SpaK,min,,left_only,,31.271,CL0097,TypeIII_Chap,Invas_SpaK,Invasion protein B family
338,PF03583,61.606,2.451152586,1.415173605,3.0,37.93133333,7.07759453,4.086251107,3.0,LIP,max,,left_only,,61.606,CL0028,AB_hydrolase,LIP,Secretory lipase 
339,PF03712,54.636,,,1.0,34.315,,,1.0,Cu2_monoox_C,min,,left_only,,34.315,CL0612,PHM_PNGase_F,Cu2_monoox_C,"Copper type II ascorbate-dependent monooxygenase, C-terminal domain"
340,PF03736,37.878,2.8291435689999997,1.069315758,7.0,21.05042857,1.945486988,0.735324964,7.0,EPTP,min,,both,,21.05042857,,,EPTP,EPTP domain
341,PF04089,34.871,,,1.0,22.639,,,1.0,BRICHOS,min,,both,,22.639,,,BRICHOS,BRICHOS domain
342,PF04101,55.035625,7.136647191000001,2.523185812,8.0,36.951,7.722423269,2.73028893,8.0,Glyco_tran_28_C,min,,left_only,,36.951,CL0113,GT-B,Glyco_tran_28_C,Glycosyltransferase family 28 C-terminal domain
343,PF04253,65.05442857,0.633607359,0.239481072,7.0,25.85471429,2.8903790239999996,1.092460585,7.0,TFR_dimer,min,,both,,25.85471429,,,TFR_dimer,Transferrin receptor-like dimerisation domain
344,PF04901,50.44428571,16.19394201,6.120734758999999,7.0,23.98985714,2.049764086,0.774738003,7.0,RAMP,min,,both,,23.98985714,,,RAMP,Receptor activity modifying family 
345,PF05345,44.501999999999995,,,1.0,15.26,,,1.0,He_PIG,max,,left_only,,44.501999999999995,CL0159,E-set,He_PIG,Putative Ig domain
346,PF05649,74.75266667,0.93401142,0.539251745,3.0,58.6,0.40089025899999997,0.231454099,3.0,Peptidase_M13_N,min,,both,,58.6,,,Peptidase_M13_N,Peptidase family M13
347,PF05966,43.52883333,3.6396073639999997,1.485863484,6.0,21.27283333,0.314021284,0.128198652,6.0,Chordopox_A33R,max,,left_only,,43.52883333,CL0056,C_Lectin,Chordopox_A33R,Chordopoxvirus A33R protein
348,PF06060,32.068000000000005,,,1.0,27.399,,,1.0,Mesothelin,max,,both,,32.068000000000005,,,Mesothelin,Pre-pro-megakaryocyte potentiating factor precursor (Mesothelin)
349,PF06247,35.67625926,11.55437037,2.223639615,27.0,15.26507407,3.941237437,0.7584914979999999,27.0,Plasmod_Pvs28,min,,left_only,,15.26507407,CL0001,EGF,Plasmod_Pvs28,Pvs28 EGF domain
350,PF06439,49.50757143,2.677623472,0.584305345,21.0,37.97395238,3.209225615,0.700310443,21.0,DUF1080,max,,left_only,,49.50757143,CL0004,Concanavalin,DUF1080,Domain of Unknown Function (DUF1080)
351,PF06534,54.52666667,3.85857802,2.227751058,3.0,24.936,0.422536389,0.24395149800000002,3.0,RGM_C,min,,both,,24.936,,,RGM_C,Repulsive guidance molecule (RGM) C-terminus
352,PF06535,43.91744444,12.9800952,4.3266983980000004,9.0,19.19077778,6.211535272999999,2.0705117580000003,9.0,RGM_N,min,,both,,19.19077778,,,RGM_N,Repulsive guidance molecule (RGM) N-terminus
353,PF06816,38.301,1.625985445,0.8129927220000001,4.0,23.4825,1.233102456,0.616551228,4.0,NOD,min,,both,,23.4825,,,NOD,NOTCH protein
354,PF07303,71.77233333,4.050977701,2.338833066,3.0,22.544,0.57343439,0.3310725,3.0,Occludin_ELL,max,,both,,71.77233333,,,Occludin_ELL,Occludin homology domain
355,PF07464,66.081,,,1.0,34.916,,,1.0,ApoLp-III,min,,left_only,,34.916,,,ApoLp-III,Apolipophorin-III precursor (apoLp-III)
356,PF07495,45.91366667,2.296524937,0.662949645,12.0,24.76933333,1.517761889,0.43814011799999997,12.0,Y_Y_Y,min,,left_only,,24.76933333,CL0159,E-set,Y_Y_Y,Y_Y_Y domain
357,PF07646,37.3905,0.140714249,0.0995,2.0,19.4105,0.020506097,0.0145,2.0,Kelch_2,min,,left_only,,19.4105,CL0186,Beta_propeller,Kelch_2,Kelch motif
358,PF07676,36.9855,7.454239291,0.978789571,58.0,15.850793099999999,0.9148922429999999,0.12013123699999999,58.0,PD40,min,,left_only,,15.850793099999999,CL0186,Beta_propeller,PD40,WD40-like Beta Propeller Repeat
359,PF07684,44.73157143,1.8131678409999998,0.6853130270000001,7.0,22.843000000000004,0.6726177720000001,0.254225622,7.0,NODP,min,,both,,22.843000000000004,,,NODP,NOTCH protein
360,PF07850,18.783,2.6233609490000003,1.311680474,4.0,8.683,0.766628115,0.38331405700000004,4.0,Renin_r,max,,both,,18.783,,,Renin_r,Renin receptor-like protein
361,PF07859,52.88213445,3.030199708,0.277777952,119.0,39.71848739,1.910947125,0.175176236,119.0,Abhydrolase_3,min,,left_only,,39.71848739,CL0028,AB_hydrolase,Abhydrolase_3,alpha/beta hydrolase fold
362,PF07965,42.56363636,4.235756633,1.277128678,11.0,23.15536364,2.185242059,0.658875271,11.0,Integrin_B_tail,max,,both,,42.56363636,,,Integrin_B_tail,Integrin beta tail domain
363,PF08329,72.637375,1.19428017,0.422241804,8.0,30.208125,1.214552644,0.429409205,8.0,ChitinaseA_N,min,,left_only,,30.208125,CL0159,E-set,ChitinaseA_N,"Chitinase A, N-terminal domain"
364,PF08399,41.818999999999996,,,1.0,23.956999999999997,,,1.0,VWA_N,min,,both,,23.956999999999997,,,VWA_N,VWA N-terminal
365,PF08516,42.468999999999994,,,1.0,37.806,,,1.0,ADAM_CR,max,,both,,42.468999999999994,,,ADAM_CR,ADAM cysteine-rich
366,PF08651,100.794,,,1.0,15.955,,,1.0,DASH_Duo1,max,,left_only,,100.794,,,DASH_Duo1,DASH complex subunit Duo1
367,PF08674,30.44775,17.35358945,8.676794727,4.0,9.65375,5.375893251,2.6879466260000004,4.0,AChE_tetra,max,,both,,30.44775,,,AChE_tetra,Acetylcholinesterase tetramerisation domain
368,PF08742,38.604,0.40870772,0.289,2.0,23.5275,0.47446865,0.3355,2.0,C8,max,,both,,38.604,,,C8,C8 domain
369,PF08758,50.516999999999996,,,1.0,23.836,,,1.0,Cadherin_pro,max,,left_only,,50.516999999999996,CL0159,E-set,Cadherin_pro,Cadherin prodomain like
370,PF08831,59.785,,,1.0,41.926,,,1.0,MHCassoc_trimer,min,,both,,41.926,,,MHCassoc_trimer,Class II MHC-associated invariant chain trimerisation domain
371,PF09134,44.23254545,10.989666699999999,3.3135091819999998,11.0,22.68354545,6.4800509,1.95380886,11.0,Invasin_D3,max,,left_only,,44.23254545,CL0159,E-set,Invasin_D3,"Invasin, domain 3"
372,PF09177,62.773,4.747514928999999,3.3569999999999998,2.0,24.515,1.308147545,0.925,2.0,Syntaxin-6_N,min,,both,,24.515,,,Syntaxin-6_N,"Syntaxin 6, N-terminal"
373,PF09307,41.7664,10.33107585,4.620197578,5.0,10.1796,2.433030477,1.0880843070000001,5.0,MHC2-interact,min,,both,,10.1796,,,MHC2-interact,"CLIP, MHC2 interacting"
374,PF09325,118.96,,,1.0,27.908,,,1.0,Vps5,min,,left_only,,27.908,CL0145,Golgi-transport,Vps5,Vps5 C terminal like
375,PF09470,86.3765,0.43062803,0.3045,2.0,19.8765,0.044547727,0.0315,2.0,Telethonin,max,,left_only,,86.3765,,,Telethonin,Telethonin protein
376,PF10413,30.60271429,0.926050523,0.35001419799999994,7.0,17.63857143,0.33695937299999995,0.127358672,7.0,Rhodopsin_N,max,,both,,30.60271429,,,Rhodopsin_N,Amino terminal of the G-protein receptor rhodopsin
377,PF10503,48.60525,2.559924787,1.279962394,4.0,35.41925,6.4182063110000005,3.209103155,4.0,Esterase_phd,min,,left_only,,35.41925,CL0028,AB_hydrolase,Esterase_phd,Esterase PHB depolymerase
378,PF11496,65.56725,0.38756709100000003,0.193783545,4.0,46.38399999999999,0.49994799700000003,0.24997399899999997,4.0,HDA2-3,max,,left_only,,65.56725,CL0023,P-loop_NTPase,HDA2-3,Class II histone deacetylase complex subunits 2 and 3
379,PF11548,38.38433333,3.375620881,1.948915624,3.0,24.59233333,0.7411520309999999,0.427904325,3.0,Receptor_IA-2,min,,both,,24.59233333,,,Receptor_IA-2,Protein-tyrosine phosphatase receptor IA-2
380,PF12109,53.7465,0.072831998,0.0515,2.0,36.993,6.716100207999999,4.749,2.0,CXCR4_N,min,,both,,36.993,,,CXCR4_N,CXCR4 Chemokine receptor N terminal
381,PF12369,33.558,,,1.0,17.274,,,1.0,GnHR_trans,max,,both,,33.558,,,GnHR_trans,Gonadotropin hormone receptor transmembrane region 
382,PF12829,42.652,,,1.0,24.596999999999998,,,1.0,Mhr1,min,,left_only,,24.596999999999998,,,Mhr1,Transcriptional regulation of mitochondrial recombination
383,PF12866,35.58121053,3.2091628639999996,0.736232454,19.0,27.26426316,1.0039739840000002,0.230327428,19.0,DUF3823,max,,left_only,,35.58121053,CL0287,Transthyretin,DUF3823,Protein of unknown function (DUF3823) N-terminal domain
384,PF12924,40.594,3.381384628,2.391,2.0,24.531,4.7913555489999995,3.388,2.0,APP_Cu_bd,min,,both,,24.531,,,APP_Cu_bd,"Copper-binding of amyloid precursor, CuBD"
385,PF12925,92.16109091,10.07838096,3.038746193,11.0,26.13954545,6.884029654,2.0756130369999997,11.0,APP_E2,max,,both,,92.16109091,,,APP_E2,E2 domain of amyloid precursor protein
386,PF12974,64.48347619,2.492674299,0.543946127,21.0,33.64028571,1.958809183,0.42744720700000005,21.0,Phosphonate-bd,min,,left_only,,33.64028571,CL0177,PBP,Phosphonate-bd,"ABC transporter, phosphonate, periplasmic substrate-binding protein "
387,PF13088,59.684,,,1.0,50.244,,,1.0,BNR_2,max,,left_only,,59.684,CL0434,Sialidase,BNR_2,BNR repeat-like domain
388,PF13415,34.718,,,1.0,24.07,,,1.0,Kelch_3,min,,left_only,,24.07,CL0186,Beta_propeller,Kelch_3,"Galactose oxidase, central domain"
389,PF13458,68.17532075,5.326312506,0.73162529,53.0,40.6069434,3.1384443689999997,0.43109848799999995,53.0,Peripla_BP_6,min,,left_only,,40.6069434,CL0144,Periplas_BP,Peripla_BP_6,Periplasmic binding protein
390,PF13578,40.498000000000005,,,1.0,29.793000000000003,,,1.0,Methyltransf_24,min,,left_only,,29.793000000000003,CL0063,NADP_Rossmann,Methyltransf_24,Methyltransferase domain
391,PF13583,47.8875,3.481176757,1.100844749,10.0,32.4715,2.1117561019999997,0.6677959139999999,10.0,Reprolysin_4,min,,left_only,,32.4715,CL0126,Peptidase_MA,Reprolysin_4,Metallo-peptidase family M12B Reprolysin-like
392,PF13692,41.6066,1.5067037859999999,0.673818418,5.0,34.6406,1.151929164,0.5151583829999999,5.0,Glyco_trans_1_4,min,,left_only,,34.6406,CL0113,GT-B,Glyco_trans_1_4,Glycosyl transferases group 1
393,PF14524,53.63371429,1.981942626,0.7491039,7.0,31.46242857,0.9810161159999999,0.370789239,7.0,Wzt_C,max,,left_only,,53.63371429,CL0159,E-set,Wzt_C,Wzt C-terminal domain
394,PF14541,54.10958824,2.305679511,0.559209421,17.0,32.34029412,1.998694879,0.48475471200000003,17.0,TAXi_C,min,,left_only,,32.34029412,CL0129,Peptidase_AA,TAXi_C,Xylanase inhibitor C-terminal
395,PF14543,59.00647368,6.41538959,1.471791311,19.0,37.61426316,2.937435235,0.67389386,19.0,TAXi_N,min,,left_only,,37.61426316,CL0129,Peptidase_AA,TAXi_N,Xylanase inhibitor N-terminal
396,PF14828,79.548,,,1.0,41.111999999999995,,,1.0,Amnionless,min,,both,,41.111999999999995,,,Amnionless,Amnionless
397,PF15005,69.1735,1.317339933,0.9315,2.0,30.1655,0.9581296890000001,0.6775,2.0,IZUMO,max,,both,,69.1735,,,IZUMO,"Izumo sperm-egg fusion, Ig domain-associated"
398,PF15636,44.406000000000006,,,1.0,27.223000000000003,,,1.0,Tox-GHH,max,,both,,44.406000000000006,,,Tox-GHH,GHH signature containing HNH/Endo VII superfamily nuclease toxin
399,PF15711,41.7718,1.17251661,0.524365369,5.0,26.6276,1.231633184,0.550803105,5.0,ILEI,max,,both,,41.7718,,,ILEI,Interleukin-like EMT inducer
400,PF15899,30.32333333,4.839504555,2.794089257,3.0,10.853,1.762483475,1.0175703090000001,3.0,BNR_6,max,,left_only,,30.32333333,CL0434,Sialidase,BNR_6,BNR-Asp box repeat
401,PF15901,74.46854545,10.34116203,3.117977667,11.0,31.61245455,5.887636272000001,1.7751891290000001,11.0,Sortilin_C,min,,both,,31.61245455,,,Sortilin_C,"Sortilin, neurotensin receptor 3, C-terminal"
402,PF16178,71.6786,22.98581492,7.268752902999999,10.0,31.8937,11.37223781,3.5962173589999997,10.0,Anoct_dimer,max,,both,,71.6786,,,Anoct_dimer,"Dimerisation domain of Ca+-activated chloride-channel, anoctamin"
403,PF16188,39.065,,,1.0,19.313,,,1.0,Peptidase_M24_C,min,,both,,19.313,,,Peptidase_M24_C,C-terminal region of peptidase_M24
404,PF16403,53.1244,3.7386565380000003,1.182267005,10.0,23.4412,5.921122506000001,1.8724233419999998,10.0,DUF5011,min,,left_only,,23.4412,CL0159,E-set,DUF5011,Domain of unknown function (DUF5011)
405,PF16698,36.968,,,1.0,31.944000000000003,,,1.0,ADAM17_MPD,min,,both,,31.944000000000003,,,ADAM17_MPD,"Membrane-proximal domain, switch, for ADAM17"
406,PF16716,119.405,23.32082194,8.814442175,7.0,14.98842857,1.186575304,0.44848331,7.0,BST2,max,,both,,119.405,,,BST2,Bone marrow stromal antigen 2
407,PF16820,41.0075,0.41332997299999996,0.206664987,4.0,21.898000000000003,0.972907327,0.486453663,4.0,PKD_3,max,,left_only,,41.0075,CL0159,E-set,PKD_3,PKD-like domain
408,PF16893,47.793,,,1.0,22.486,,,1.0,fn3_2,max,,left_only,,47.793,CL0159,E-set,fn3_2,Fibronectin type III domain
409,PF16920,26.488000000000003,,,1.0,17.629,,,1.0,TPKR_C2,max,,both,,26.488000000000003,,,TPKR_C2,Tyrosine-protein kinase receptor C2 Ig-like domain
410,PF17210,39.547,0.38608030299999996,0.273,2.0,29.1655,0.508409776,0.3595,2.0,SdrD_B,max,,left_only,,39.547,CL0287,Transthyretin,SdrD_B,SdrD B-like domain
411,PF17425,62.372,0.294705503,0.147352751,4.0,31.22275,0.20025379699999998,0.100126899,4.0,Arylsulfotran_N,min,,left_only,,31.22275,CL0159,E-set,Arylsulfotran_N,Arylsulfotransferase Ig-like domain
412,PF17765,46.98566667,0.468845746,0.270688218,3.0,37.46566667,0.50446242,0.291251514,3.0,MLTR_LBD,min,,left_only,,37.46566667,CL0183,PAS_Fold,MLTR_LBD,MmyB-like transcription regulator ligand binding domain
413,PF17802,46.73115385,5.95235951,1.167353742,26.0,28.07711538,2.820100287,0.553067169,26.0,SpaA,min,,left_only,,28.07711538,CL0287,Transthyretin,SpaA,Prealbumin-like fold domain
414,PF17810,44.893375,3.2960065419999998,1.165314288,8.0,24.997125,1.747395077,0.617797454,8.0,Arg_decarb_HB,min,,left_only,,24.997125,,,Arg_decarb_HB,Arginine decarboxylase helical bundle domain
415,PF17835,70.09766667,2.667921351,1.54032511,3.0,27.48466667,2.41271721,1.39298293,3.0,NOG1_N,max,,left_only,,70.09766667,CL0669,NOG1_N,NOG1_N,NOG1 N-terminal helical domain
416,PF17957,36.4725,4.046772109,2.8615,2.0,15.857999999999999,0.291327994,0.20600000000000002,2.0,Big_7,min,,left_only,,15.857999999999999,CL0159,E-set,Big_7,Bacterial Ig domain
417,PF17971,69.92333333,1.5662622169999998,0.9042819129999999,3.0,29.16333333,0.109097815,0.062987653,3.0,LIFR_D2,min,,both,,29.16333333,,,LIFR_D2,Leukemia inhibitory factor receptor D2 domain
418,PF18212,39.18,0.284256926,0.201,2.0,34.2365,2.602860062,1.8405,2.0,ZNRF_3_ecto,min,,both,,34.2365,,,ZNRF_3_ecto,ZNRF-3 Ectodomain
419,PF18292,42.3515,1.421991737,1.0055,2.0,27.3775,3.1416754289999997,2.2215,2.0,ZIP4_domain,max,,both,,42.3515,,,ZIP4_domain,Zinc transporter ZIP4 domain
420,PF18411,78.39525,0.9754921409999999,0.48774607,4.0,25.364,0.279932135,0.139966067,4.0,Annexin_like,max,,both,True,78.39525,,,Annexin_like,Annexin-like domain
421,PF18571,34.162,,,1.0,19.133,,,1.0,VWA_3_C,max,,left_only,,34.162,,,VWA_3_C,von Willebrand factor type A C-terminal domain
422,PF18577,68.587,7.214129562,3.607064781,4.0,22.08475,3.2526578230000003,1.626328912,4.0,ASTN_2_hairpin,min,,both,,22.08475,,,ASTN_2_hairpin,Astrotactin-2 C-terminal beta-hairpin domain
423,PF18587,45.355,,,1.0,32.628,,,1.0,PLL,max,,both,,45.355,,,PLL,PTX/LNS-Like (PLL) domain
424,PF18619,35.845,,,1.0,15.253,,,1.0,GAIN_A,max,,both,,35.845,,,GAIN_A,GPCR-Autoproteolysis-INducing (GAIN) subdomain A
425,PF18635,27.623,,,1.0,19.177,,,1.0,EpCAM_N,max,,both,,27.623,,,EpCAM_N,Epithelial cell adhesion molecule N-terminal domain
426,PF18811,35.6355,2.093083289,0.559400039,14.0,12.6055,0.644761822,0.172319845,14.0,DPPIV_rep,min,,both,,12.6055,,,DPPIV_rep,Dipeptidyl peptidase IV (DPP IV) low complexity region
427,PF02440,,,,,,,,,Adeno_E3_CR1,,,left_only,,,CL0011,Ig,Adeno_E3_CR1,Adenovirus E3 region protein CR1
428,PF15298,,,,,,,,,AJAP1_PANP_C,,,left_only,,,,,AJAP1_PANP_C,AJAP1/PANP C-terminus
429,PF03782,,,,,,,,,AMOP,,,both,,,,,AMOP,AMOP domain
430,PF14921,,,,,,,,,APCDDC,,,both,,,,,APCDDC,Adenomatosis polyposis coli down-regulated 1
431,PF13650,,,,,,,,,Asp_protease_2,,,left_only,,,CL0129,Peptidase_AA,Asp_protease_2,Aspartyl protease
432,PF05827,,,,,,,,,ATP-synt_S1,,,left_only,,,,,ATP-synt_S1,Vacuolar ATP synthase subunit S1 (ATP6S1)
433,PF04513,,,,,,,,,Baculo_PEP_C,,,both,,,,,Baculo_PEP_C,"Baculovirus polyhedron envelope protein, PEP, C terminus "
434,PF06832,,,,,,,,,BiPBP_C,,,left_only,,,CL0159,E-set,BiPBP_C,Penicillin-Binding Protein C-terminus Family
435,PF12280,,,,,,,,,BSMAP,,,both,,,,,BSMAP,Brain specific membrane anchored protein
436,PF13715,,,,,,,,,CarbopepD_reg_2,,,left_only,,,CL0287,Transthyretin,CarbopepD_reg_2,CarboxypepD_reg-like domain
437,PF15020,,,,,,,,,CATSPERD,,,both,,,,,CATSPERD,Cation channel sperm-associated protein subunit delta
438,PF15064,,,,,,,,,CATSPERG,,,both,,,,,CATSPERG,Cation channel sperm-associated protein subunit gamma
439,PF06365,,,,,,,,,CD34_antigen,,,both,,,,,CD34_antigen,CD34/Podocalyxin family
440,PF12301,,,,,,,,,CD99L2,,,left_only,,,,,CD99L2,CD99 antigen like protein 2
441,PF10473,,,,,,,,,CENP-F_leu_zip,,,left_only,,,,,CENP-F_leu_zip,Leucine-rich repeats of kinetochore protein Cenp-F/LEK1
442,PF06566,,,,,,,,,Chon_Sulph_att,,,left_only,,,,,Chon_Sulph_att,Chondroitin sulphate attachment domain
443,PF08434,,,,,,,,,CLCA,,,both,,,,,CLCA,Calcium-activated chloride channel N terminal
444,PF16959,,,,,,,,,Collectrin,,,both,,,,,Collectrin,Renal amino acid transporter
445,PF02408,,,,,,,,,CUB_2,,,left_only,,,CL0164,CUB,CUB_2,CUB-like domain
446,PF00839,,,,,,,,,Cys_rich_FGFR,,,both,,,,,Cys_rich_FGFR,Cysteine rich repeat
447,PF07210,,,,,,,,,DUF1416,,,left_only,,,CL0287,Transthyretin,DUF1416,Protein of unknown function (DUF1416)
448,PF07773,,,,,,,,,DUF1619,,,both,,,,,DUF1619,Protein of unknown function (DUF1619)
449,PF09342,,,,,,,,,DUF1986,,,left_only,,,CL0124,Peptidase_PA,DUF1986,Domain of unknown function (DUF1986)
450,PF10222,,,,,,,,,DUF2152,,,both,,,,,DUF2152,Uncharacterized conserved protein (DUF2152)
451,PF09938,,,,,,,,,DUF2170,,,left_only,,,,,DUF2170,Uncharacterized protein conserved in bacteria (DUF2170)
452,PF10106,,,,,,,,,DUF2345,,,both,,,,,DUF2345,Uncharacterized protein conserved in bacteria (DUF2345)
453,PF09789,,,,,,,,,DUF2353,,,left_only,,,,,DUF2353,Uncharacterized coiled-coil protein (DUF2353)
454,PF10179,,,,,,,,,DUF2369,,,left_only,,,,,DUF2369,Uncharacterised conserved protein (DUF2369)
455,PF10805,,,,,,,,,DUF2730,,,left_only,,,,,DUF2730,Protein of unknown function (DUF2730)
456,PF10989,,,,,,,,,DUF2808,,,left_only,,,,,DUF2808,Protein of unknown function (DUF2808)
457,PF11938,,,,,,,,,DUF3456,,,both,,,,,DUF3456,TLR4 regulator and MIR-interacting MSAP
458,PF12548,,,,,,,,,DUF3740,,,both,,,,,DUF3740,Sulfatase protein
459,PF12863,,,,,,,,,DUF3821,,,left_only,,,,,DUF3821,Domain of unknown function (DUF3821)
460,PF10670,,,,,,,,,DUF4198,,,left_only,,,CL0287,Transthyretin,DUF4198,Domain of unknown function (DUF4198)
461,PF14291,,,,,,,,,DUF4371,,,both,,,,,DUF4371,Domain of unknown function (DUF4371)
462,PF15418,,,,,,,,,DUF4625,,,left_only,,,CL0159,E-set,DUF4625,Domain of unknown function (DUF4625)
463,PF15767,,,,,,,,,DUF4696,,,left_only,,,,,DUF4696,Domain of unknown function (DUF4696)
464,PF15960,,,,,,,,,DUF4763,,,left_only,,,,,DUF4763,Domain of unknown function (DUF4763)
465,PF16323,,,,,,,,,DUF4959,,,left_only,,,,,DUF4959,Domain of unknown function (DUF4959)
466,PF16389,,,,,,,,,DUF4998,,,left_only,,,,,DUF4998,Domain of unknown function
467,PF16405,,,,,,,,,DUF5013,,,left_only,,,,,DUF5013,Domain of unknown function (DUF5013)
468,PF05782,,,,,,,,,ECM1,,,left_only,,,,,ECM1,Extracellular matrix protein 1 (ECM1)
469,PF15820,,,,,,,,,ECSCR,,,both,,,,,ECSCR,Endothelial cell-specific chemotaxis regulator
470,PF07774,,,,,,,,,EMC1_C,,,both,,,,,EMC1_C,"ER membrane protein complex subunit 1, C-terminal"
471,PF07699,,,,,,,,,Ephrin_rec_like,,,both,,,,,Ephrin_rec_like,Putative ephrin-receptor like 
472,PF05647,,,,,,,,,Epiglycanin_TR,,,left_only,,,,,Epiglycanin_TR,"Tandem-repeating region of mucin, epiglycanin-like"
473,PF03016,,,,,,,,,Exostosin,,,both,,,,,Exostosin,Exostosin family
474,PF14851,,,,,,,,,FAM176,,,both,,,,,FAM176,FAM176 family
475,PF15051,,,,,,,,,FAM198,,,both,,,,,FAM198,FAM198 protein
476,PF06818,,,,,,,,,Fez1,,,left_only,,,,,Fez1,Fez1
477,PF16794,,,,,,,,,fn3_4,,,left_only,,,CL0159,E-set,fn3_4,Fibronectin-III type domain
478,PF05725,,,,,,,,,FNIP,,,left_only,,,CL0022,LRR,FNIP,FNIP Repeat
479,PF10162,,,,,,,,,G8,,,both,,,,,G8,G8 domain
480,PF13851,,,,,,,,,GAS,,,left_only,,,,,GAS,Growth-arrest specific micro-tubule binding
481,PF12810,,,,,,,,,Gly_rich,,,both,,,,,Gly_rich,Glycine rich protein
482,PF13804,,,,,,,,,HERV-K_env_2,,,both,,,,,HERV-K_env_2,Retro-transcribing viruses envelope glycoprotein
483,PF15905,,,,,,,,,HMMR_N,,,left_only,,,,,HMMR_N,Hyaluronan mediated motility receptor N-terminal
484,PF16742,,,,,,,,,IL17R_D_N,,,both,,,,,IL17R_D_N,N-terminus of interleukin 17 receptor D
485,PF15037,,,,,,,,,IL17_R_N,,,both,,,,,IL17_R_N,Interleukin-17 receptor extracellular region
486,PF16625,,,,,,,,,ISET-FN3_linker,,,left_only,,,,,ISET-FN3_linker,Unstructured linking region I-set and fnIII on Brother of CDO
487,PF15204,,,,,,,,,KKLCAg1,,,both,,,,,KKLCAg1,Kita-kyushu lung cancer antigen 1
488,PF03954,,,,,,,,,Lectin_N,,,both,,,,,Lectin_N,"Hepatic lectin, N-terminal domain"
489,PF18171,,,,,,,,,LSDAT_prok,,,left_only,,,CL0349,SLOG,LSDAT_prok,"SLOG in TRPM, prokaryote"
490,PF03523,,,,,,,,,Macscav_rec,,,both,,,,,Macscav_rec,Macrophage scavenger receptor
491,PF05283,,,,,,,,,MGC-24,,,left_only,,,,,MGC-24,"Multi-glycosylated core protein 24 (MGC-24), sialomucin"
492,PF06119,,,,,,,,,NIDO,,,both,,,,,NIDO,Nidogen-like
493,PF05048,,,,,,,,,NosD,,,left_only,,,CL0268,Pec_lyase-like,NosD,Periplasmic copper-binding protein (NosD)
494,PF15056,,,,,,,,,NRN1,,,both,,,,,NRN1,Neuritin protein family
495,PF12409,,,,,,,,,P5-ATPase,,,both,,,,,P5-ATPase,P5-type ATPase cation transporter
496,PF08308,,,,,,,,,PEGA,,,left_only,,,CL0287,Transthyretin,PEGA,PEGA domain
497,PF13576,,,,,,,,,Pentapeptide_3,,,left_only,,,CL0505,Pentapeptide,Pentapeptide_3,Pentapeptide repeats (9 copies)
498,PF01562,,,,,,,,,Pep_M12B_propep,,,both,,,,,Pep_M12B_propep,Reprolysin family propeptide
499,PF06810,,,,,,,,,Phage_GP20,,,both,,,,,Phage_GP20,Phage minor structural protein GP20
500,PF18861,,,,,,,,,PTP_tm,,,both,,,,,PTP_tm,"Transmembrane domain of protein tyrosine phosphatase, receptor type J"
501,PF13582,,,,,,,,,Reprolysin_3,,,left_only,,,CL0126,Peptidase_MA,Reprolysin_3,Metallo-peptidase family M12B Reprolysin-like
502,PF14948,,,,,,,,,RESP18,,,both,,,,,RESP18,RESP18 domain
503,PF05593,,,,,,,,,RHS_repeat,,,both,,,,,RHS_repeat,RHS Repeat
504,PF05659,,,,,,,,,RPW8,,,left_only,,,,,RPW8,Arabidopsis broad-spectrum mildew resistance protein RPW8
505,PF04790,,,,,,,,,Sarcoglycan_1,,,both,,,,,Sarcoglycan_1,Sarcoglycan complex subunit protein
506,PF08317,,,,,,,,,Spc7,,,both,,,,,Spc7,Spc7 kinetochore protein
507,PF14292,,,,,,,,,SusE,,,left_only,,,CL0159,E-set,SusE,SusE outer membrane protein
508,PF16070,,,,,,,,,TMEM132,,,both,,,,,TMEM132,Transmembrane protein family 132
509,PF15705,,,,,,,,,TMEM132D_N,,,both,,,,,TMEM132D_N,"Mature oligodendrocyte transmembrane protein, TMEM132D, N-term"
510,PF05473,,,,,,,,,UL45,,,left_only,,,CL0056,C_Lectin,UL45,"UL45 protein, carbohydrate-binding C-type lectin-like"
511,PF03302,,,,,,,,,VSP,,,left_only,,,,,VSP,Giardia variant-specific surface protein
512,PF05762,,,,,,,,,VWA_CoxE,,,left_only,,,CL0128,vWA-like,VWA_CoxE,VWA domain containing CoxE-like protein
513,PF05701,,,,,,,,,WEMBL,,,left_only,,,,,WEMBL,Weak chloroplast movement under blue light
